tree
version=v4
num_class=1
num_tree_per_iteration=1
label_index=0
max_feature_idx=20
objective=binary sigmoid:1
feature_names=Column_0 Column_1 Column_2 Column_3 Column_4 Column_5 Column_6 Column_7 Column_8 Column_9 Column_10 Column_11 Column_12 Column_13 Column_14 Column_15 Column_16 Column_17 Column_18 Column_19 Column_20
feature_infos=[-461.56587221957903:1.3155501672025298] [-21.093556866189218:58.196244945718057] [-8.1699737377952726:18.865053067486912] [-0.097744748758665775:91.756628049915733] [-0.86126953300228182:36.023779510975899] [-0.011346443899497726:146.67350299811665] [-16.679863059948584:52.370080755634994] [-0.51963850798029931:1.9250749397219655] [-3.1078306658154404:2.072003894933609] [-0.0035525908274962057:319.54231909393582] [-0.0061284373799686681:422.07354388452978] [-0.0021661432927130922:461.66221417331866] [-8.3379606798078587:2.1487049524939614] [-0.56748285323124126:2.3836358208175841] [-0.0067554130997317732:236.00488173603168] [-1.1170888970256427:86.205048708802835] [-0.64752197665312083:3.1283673261324587] [-2.0214031460022532:11.980532395891759] [-0.79031510490574164:1.3002751878806122] [-0.77605619209523136:1.3536731360517984] [-8.2548149322764193:7.1163320605170304]
tree_sizes=2696 2739 2747 2731 2746 2767 2770 2783 2750 2777 2749 2772 2758 2754 2762 2762 2768 2777 2782 2766 2772 2786 2777 2779 2777 2771 2764 2786 2780 2792 2777 2784 2784 2795 2781 2789 2775 2767 2771 2770 2782 2789 2791 2790 2788 2788 2782 2772 2769 2786 2788 2769 2796 2795 2793 2783 2783 2791 2798 2782 2780 2798 2790 2774 2776 2787 2773 2790 2796 2807 2798 2808 2779 2778 2810 2805 2761 2780 2816 2773 2792 2805 2811 2811 2791 2813 2796 2800 2818 2801 2816 2790 2805 2796 2820 2814 2812 2806 2800 2803 2812 2826 2782 2812 2776 2812 2810 2809 2802 2803 2810 2821 2821 2794 2806 2804 2806 2812 2799 2808 2803 2825 2808 2800 2796 2811 2817 2806 2817 2815 2803 2807 2823 2826 2793 2808 2808 2799 2815 2803 2781 2788 2793 2802 2792 2805 2792 2783 2800 2801 2795 2790 2796 2802 2780 2811 2809 2804 2788 2787 2816 2807 2783 2834 2793 2792 2792 2785 2774 2769 2799 2804 2809 2813 2793 2806 2809 2824 2774 2818 2781 2823 2797 2780 2795 2800 2761 2825 2790 2815 2787 2800 2813 2752 2808 2799 2796 2787 2813 2777

Tree=0
num_leaves=24
num_cat=0
split_feature=0 0 7 6 0 4 9 9 7 4 6 6 9 7 0 4 11 4 9 11 4 6 11
split_gain=324532 43200.8 32592.4 23831.5 15149.4 14728 12990.3 12166.1 9731.35 7204.74 6925.13 5074.49 4074.12 3939.13 3621.43 3188.88 2127.55 1581.06 1394.99 1379.47 1289.89 1256.84 1240.79
threshold=-5.6625746886026619e-05 -0.00029601745690453345 -0.51963850798029876 -0.098499362938442594 2.8478339330693106e-05 -0.19589831722593529 -0.0035525874729441546 -0.0035525869294504458 -0.51963850798029876 -0.19589831722593529 -0.098176683930527017 -0.11918628712104029 -0.003552588031363373 -0.51963850798029909 -6.3194840752529843e-05 0.5399239684561421 -0.002166143086077424 0.28943127545798808 -0.0035525866585608989 -0.0021661431092010442 -0.25852149047547374 -0.10638827867800685 -0.0021661430584207272
decision_type=2 2 2 2 2 2 2 2 2 2 2 2 2 2 2 2 2 2 2 2 2 2 2
left_child=1 5 6 4 8 18 10 13 9 21 11 -3 -11 19 -4 22 -12 -9 20 -7 -1 -2 -8
right_child=3 2 14 -5 -6 7 15 17 -10 12 16 -13 -14 -15 -16 -17 -18 -19 -20 -21 -22 -23 -24
leaf_value=-1.8313401573896979 -1.8700251333589815 -1.7108089123672341 -1.8763336348371265 -1.9051825806436271 -1.8823743826653034 -1.6647876937786914 -1.8300008313449709 -1.8581541321865813 -1.8901341148196755 -1.677896877978075 -1.820146990579576 -1.597708737370783 -1.8553541536203342 -1.888690995475774 -1.7451855389952531 -1.6310806505565629 -1.6244199609938375 -1.739088708218568 -1.8962424912542912 -1.6026314655350156 -1.7626073667898685 -1.7830908641830823 -1.7010011744714484
leaf_weight=1258.2219711989164 444.61316791176796 680.54127609729767 690.64876234531403 8524.2044616043568 2633.3756411969662 1068.0626520216465 546.29820589721203 573.64006845653057 787.58617803454399 2371.3310001343489 316.24869149923325 27173.578152537346 238.27291859686375 102.69276505708694 719.42899923026562 252.01154606044292 131.63012619316578 276.67014093697071 338.64905498921871 1356.536538541317 717.54606476426125 744.13004471361637 161.72907015681267
leaf_count=8646 3430 2889 5423 72291 21024 3463 3738 4277 6421 8366 2096 48386 1762 834 3593 632 311 1345 2806 2561 3856 4331 652
internal_value=-1.7037 -1.63652 -1.61732 -1.85886 -1.80417 -1.74003 -1.60806 -1.68556 -1.75926 -1.73213 -1.60304 -1.60047 -1.6941 -1.64052 -1.80942 -1.75605 -1.76262 -1.81941 -1.81953 -1.63001 -1.80638 -1.81561 -1.80053
internal_weight=52107.6 36364.1 30672.1 15743.5 7219.31 5692.02 29262 3377.6 4585.93 3798.35 28302 27854.1 2609.6 2527.29 1410.08 960.039 447.879 850.31 2314.42 2424.6 1975.77 1188.74 708.027
internal_count=213133 95508 67720 117625 45334 27788 58704 12480 24310 17889 53682 51275 10128 6858 9016 5022 2407 5622 15308 6024 12502 7761 4390
is_linear=0
shrinkage=1


Tree=1
num_leaves=24
num_cat=0
split_feature=1 3 3 1 0 0 0 3 1 3 0 3 0 0 1 3 3 4 0 1 6 6 3
split_gain=372617 47811.3 38763.1 6056.81 4990.84 4882.79 3671.65 3405.44 2548.05 2304.2 1538.85 1501.29 1357.41 1092.8 1021.56 947.518 893.102 877.69 752.768 747.678 622.085 538.616 522.825
threshold=-0.12719385429693239 -0.097129198757806803 -0.092466807580416935 -0.12740569179116254 -5.6625746886026619e-05 -0.00039953183466183781 -5.8983212551545816e-05 -0.097112570467887002 -0.12538787999181375 -0.097202190880787451 -7.08837148516483e-05 -0.092625991859514603 -5.6625746886026619e-05 -9.8677616504755575e-05 -0.16745038365960863 -0.097192294710910274 -0.044208674906251889 0.63385872833044987 -5.6772837378329557e-05 -0.13327061136021487 -0.098622016991765857 -0.12893672839201939 -0.074713360450562136
decision_type=2 2 2 2 2 2 2 2 2 2 2 2 2 2 2 2 2 2 2 2 2 2 2
left_child=2 9 3 7 6 14 8 -1 13 18 -11 -8 19 -3 16 -5 -4 -10 -2 -9 -17 22 -7
right_child=1 4 5 15 -6 21 11 12 17 10 -12 -13 -14 -15 -16 20 -18 -19 -20 -21 -22 -23 -24
leaf_value=0.23439673175718878 0.15783581184784859 0.096208937940352054 0.21450717142176431 0.16714964217946474 -0.042760696191419839 0.12788363367829525 -0.032875732885577998 0.23167531315569315 -0.019520467901192284 0.12123844938466412 0.022582315705189964 0.14842025787524321 0.14534780263667005 -0.01359706351685676 0.040701312183688963 0.13096035388870209 0.075056251145202174 0.069771898350827449 0.10004627632910859 0.19548338705120522 0.031713659252696869 -0.026788094765293789 -0.0070312607789359645
leaf_weight=28144.02417806536 2474.2439335212111 527.80266818404198 252.48353628069162 1063.15928581357 11324.378719367087 79.465669862926006 95.811075441539288 1378.4717832356691 5143.6915676519275 619.81058736145496 461.70969121903181 378.14465103298426 700.03887656331062 212.85306639969349 136.29364070296288 314.21522778272629 110.49851737171412 191.07291235029697 445.09307053685188 3111.8198835328221 159.27516398578882 1053.0804655253887 121.6760777682066
leaf_count=29013 7123 2270 537 2670 98052 359 690 1776 38226 2212 2839 1149 2704 1384 850 1067 613 957 2087 6012 910 8695 938
internal_value=0.13589 0.00229358 0.215683 0.225121 -0.026321 0.0279996 0.00210461 0.228781 -0.00645068 0.130128 0.0791214 0.111771 0.198333 0.0646524 0.136198 0.145712 0.172056 -0.0163223 0.149025 0.206594 0.0975752 -0.0150716 0.04627
internal_weight=58499.1 21874.6 36624.5 34871 17873.8 1753.5 6549.38 33334.4 6075.42 4000.86 1081.52 473.956 5190.33 740.656 499.276 1536.65 362.982 5334.76 2919.34 4490.29 473.49 1254.22 201.142
internal_count=213133 156989 56144 44152 142728 11992 44676 39505 42837 14261 5051 1839 10492 3654 2000 4647 1150 39183 9210 7788 1977 9992 1297
is_linear=0
shrinkage=0.0409094


Tree=2
num_leaves=24
num_cat=0
split_feature=2 0 4 18 6 2 2 18 7 4 0 14 2 18 0 7 0 6 7 6 11 4 4
split_gain=220563 63021.5 23033 8717.68 5902.96 4483.7 3048.43 2525.91 2412.69 2223.65 1911.23 1855.53 1289.71 993.377 930.534 775.477 768.062 705.919 658.1 637.022 567.474 563.698 559.928
threshold=-0.50969776311373272 -5.6625746886026619e-05 0.39902182864468044 -0.78668117340889065 -0.094159630088816018 0.96633752890320557 -0.53083101620784445 -0.79000412502475748 -0.51963850797207256 0.55557976176852675 -5.6625746886026619e-05 -0.006738554987775508 -0.47279222656252756 1.300275000967219 -6.73053639926187e-05 -0.51963850798029876 -4.0516837101688005e-05 -0.098416145087948867 -0.51963850795281086 -0.098600442385085543 -0.0021661431830677785 -0.22720990385070453 -0.19589831722593529
decision_type=2 2 2 2 2 2 2 2 2 2 2 2 2 2 2 2 2 2 2 2 2 2 2
left_child=4 2 3 5 6 11 7 15 13 16 21 -2 -5 20 -6 -1 17 19 -7 -3 -4 -8 -12
right_child=1 9 8 12 14 18 10 -9 -10 -11 22 -13 -14 -15 -16 -17 -18 -19 -20 -21 -22 -23 -24
leaf_value=0.15504809325558988 0.10728496180648739 -0.012739039965296944 0.097933767630594803 0.043451500477591311 0.138102402635876 0.077450128671358767 0.12111139138038519 0.19624557227522574 0.046732626203766572 0.0665832962484732 0.017554617104214038 0.058824404518133769 -0.01238296434376317 0.0025024262194661253 -0.0008613435135424052 0.073589699229276856 -0.04293923012331137 -0.044491535766255794 -0.037394978577015785 0.060018268316635572 0.16484153859449402 0.17270485975538374 0.10986183908564845
leaf_weight=1367.5028101205826 3955.778818666935 1687.2756694331765 221.25028533488512 920.48718833178282 108.78236723691225 97.797596409916878 403.84874401241541 29396.951800920069 333.0912182033062 357.09722558408976 156.18711487203836 1986.2945360392332 2793.7255040183663 66.080203950405121 311.77829255908728 228.23177206516266 9132.6462519615889 1159.9218868091702 571.38984418660402 228.69113148003817 5156.8182113841176 2894.9096827730536 371.73077332228422
leaf_count=2966 12762 12594 766 5161 367 407 1341 25613 1910 1897 1090 9460 20307 416 2527 1127 81774 10535 4791 1186 8460 4281 1395
internal_value=0.118883 0.0346221 0.0882028 0.0516051 0.187431 0.0797799 0.189271 0.193525 0.153613 -0.0340411 0.154823 0.0910857 0.0014544 0.160152 0.0350831 0.143397 -0.0369843 -0.0193035 -0.0206111 -0.00405468 0.162089 0.166389 0.0825523
internal_weight=63908.3 28668.3 16102.7 10325.5 35239.9 6611.26 34819.4 30992.7 5777.24 12565.6 3826.68 5942.07 3714.21 5444.15 420.561 1595.73 12208.5 3075.89 669.187 1915.97 5378.07 3298.76 527.918
internal_count=213133 172426 64440 52888 40707 27420 37813 29706 11552 107986 8107 22222 25468 9642 2894 4093 106089 24315 5198 13780 9226 5622 2485
is_linear=0
shrinkage=0.0409094


Tree=3
num_leaves=24
num_cat=0
split_feature=1 3 3 2 2 2 3 1 3 1 1 10 2 6 6 10 7 14 10 18 18 3 2
split_gain=215397 36376 19204.7 8243.21 5753.93 4596.46 4347.87 2463.46 1820.16 1692.01 1601.29 1309.7 1194.12 826.134 818.636 761.664 551.414 488.953 479.279 434.264 405.531 390.557 354.261
threshold=-0.12719385429693239 -0.097112570467887002 -0.09179171081572228 -0.52492286861419135 -0.50969776311373272 -0.5193628012656385 -0.097129198757806803 -0.11863387835472521 -0.097202190880787451 -0.11968043101109117 -0.12739441848831268 -0.0061205638350319514 -0.49524683043493539 -0.1075696099763998 -0.12893672839201939 -0.0061221831435969059 1.9250741382824443 -0.0067385549470354075 -0.0061217474076358082 -0.75217780429471504 -0.79023726585134446 -0.059240199635862557 -0.469595183248318
decision_type=2 2 2 2 2 2 2 2 2 2 2 2 2 2 2 2 2 2 2 2 2 2 2
left_child=2 8 5 7 -4 -1 10 16 15 13 -7 -10 -8 -5 21 17 20 -2 -12 -14 -3 -6 -13
right_child=1 3 4 9 14 6 12 -9 11 -11 18 22 19 -15 -16 -17 -18 -19 -20 -21 -22 -23 -24
leaf_value=0.16869892709369216 0.14339394219422569 0.14470428346530131 0.15814161847942984 0.033197850352473628 0.08402462738242554 0.15850943546118684 0.12576830584547902 -0.016623404398332778 0.007495550060107453 -0.039904104216435594 0.0059198562050281778 0.12239771380352278 0.047408603044839043 -0.018595873864328365 -0.035543124812559647 0.1199039710731309 0.0063576600378789797 -0.043935692772552715 0.11073964362729574 0.094965897403736149 0.084818922629366716 -0.0058097749781804804 0.069651541594181229
leaf_weight=34432.346496298909 33.104013994336128 500.04234398901463 406.71730116009712 738.72678306698799 162.0470145046711 6929.1981004029512 840.59518203139305 346.72423136234283 494.77967575192451 13636.368672586977 79.649801880121231 352.28625189512968 912.56723403930664 1704.8321057781577 1017.6262714490294 3334.2919594570994 75.423773780465126 78.885390572249889 874.98862321674824 495.99410608410835 304.4818152487278 161.92312337458134 539.37741658091545
leaf_count=26103 84 1006 929 4171 776 8127 1889 2548 2894 120414 414 928 3788 12022 8852 8540 487 586 2252 1815 1172 1199 2137
internal_value=0.10618 0.00122163 0.156354 -0.0264885 0.0233508 0.161572 0.137353 0.0757333 0.100455 -0.0342866 0.151666 0.0608724 0.0871821 -0.00293781 -0.0175123 0.116379 0.112124 0.0114389 0.101994 0.0641549 0.12204 0.0391246 0.090491
internal_weight=68453 22139.3 46313.7 17306.6 1748.31 44565.3 10133 1226.67 4832.72 16079.9 7883.84 1386.44 2249.16 2443.56 1341.6 3446.28 879.948 111.989 954.638 1408.56 804.524 323.97 891.664
internal_count=213133 156989 56144 141820 11756 44388 18285 5213 15169 136607 10793 5959 7492 16193 10827 9210 2665 670 2666 5603 2178 1975 3065
is_linear=0
shrinkage=0.0409094


Tree=4
num_leaves=24
num_cat=0
split_feature=3 2 2 3 0 0 0 2 10 2 10 3 0 4 2 4 2 3 2 10 0 2 3
split_gain=151874 52628.5 8990.36 7057.84 3380.63 3130.28 3071.91 2106.88 1487.41 1223.06 1110.76 985.722 952.56 795.829 668.251 660.418 618.442 546.453 398.162 382.322 346.27 340.182 338.799
threshold=-0.096935025833587971 -0.50969776311373272 -0.49919323508462204 -0.09718566186629525 -5.6625746886026619e-05 -9.0809484049485055e-05 -5.6625746886026619e-05 -0.46749679333622174 -0.0061221831435969059 -0.53915681580787889 -0.0061190470314261567 -0.097112570467887002 -7.2803626433516212e-05 0.57123555508091139 -0.52877492243014679 0.50861238183137292 -0.53700443202053083 -0.097219182741577773 -0.4470414178939181 -0.006122150012698821 -5.6772837378329557e-05 -0.37549979718427678 -0.097136713703668789
decision_type=2 2 2 2 2 2 2 2 2 2 2 2 2 2 2 2 2 2 2 2 2 2 2
left_child=2 4 16 8 14 11 7 15 -4 19 -7 -5 -10 21 -2 -3 -1 -14 -13 -6 -18 -9 -22
right_child=1 6 3 5 9 10 -8 13 12 -11 -12 18 17 -15 -16 -17 20 -19 -20 -21 22 -23 -24
leaf_value=0.147776166662104 0.1393395737828948 0.024611544852289807 -0.010698941519194935 0.11349561066260017 -0.03694186587509099 -0.022262831809062602 -0.042061872863618198 -0.013633568934043156 0.14161429793221922 0.010115004864837365 0.054850737619978295 0.083085141851650307 0.12368321052782308 0.055437392145468466 0.099180880228653609 0.10011712865001306 0.13664063098979337 0.094330179990629703 0.025134874330612785 0.10727353344860115 0.12095952658455678 -0.037215382078983623 0.048234779005133475
leaf_weight=32279.721194699407 3649.0174606442451 1315.4915448054671 135.16261190921068 1052.0817181840539 32.942299000918865 864.23292550444603 10736.41816649586 2360.0596177056432 3725.7492655292153 573.25130135565996 489.77272618561983 383.85420460999012 3241.1342615187168 223.13178696483374 856.17901796102524 227.3778642937541 5240.6832455545664 1578.3137374892831 410.75454419106245 465.38764800876379 447.98856643587351 1808.1167634874582 140.93384841829538
leaf_count=22832 4410 7522 858 2121 251 5905 101219 16958 4299 3881 2015 1277 5831 934 2276 602 5858 4050 2132 1565 857 14848 632
internal_value=0.0963036 0.00738628 0.135875 0.104804 0.116174 0.0528784 -0.0290061 -0.00538495 0.12395 0.0508643 0.00563079 0.0875206 0.12608 -0.0198337 0.131708 0.0357391 0.145561 0.11407 0.0531291 0.0977401 0.133298 -0.0238631 0.103556
internal_weight=72237.8 22247.4 49990.4 11881.1 5576.78 3200.7 16670.6 5934.18 8680.36 1071.58 1354.01 1846.69 8545.2 4391.31 4505.2 1542.87 38109.3 4819.45 794.609 498.33 5829.61 4168.18 588.922
internal_count=213133 154466 58667 28488 12383 13450 142083 40864 15038 5697 7920 5530 14180 32740 6686 8124 30179 9881 3409 1816 7347 31806 1489
is_linear=0
shrinkage=0.0409094


Tree=5
num_leaves=24
num_cat=0
split_feature=3 0 18 3 3 18 3 18 3 4 0 3 3 0 10 3 9 5 10 14 10 7 10
split_gain=124550 22271.3 5325.11 5251.38 6324.43 3652.5 2918.36 2671.47 2067.7 1692.17 1440.01 1232.59 1579.8 1135.49 947.73 663.642 649.327 635.154 624.786 476.014 464.98 397.625 367.011
threshold=-0.096896287071441475 -5.6625746886026619e-05 -0.78998858278365425 -0.092625813012696845 -0.092625991859514603 -0.7871018655651042 -0.097169329680065211 -0.78972994609101377 -0.097129198757806803 -0.25852149047547374 -6.3805517809694336e-05 -0.092625813012696845 -0.092625991859514603 -0.0014141278430396191 -0.0061219680506550004 -0.097058450195993032 -0.0035525743193253437 -0.011346001989229497 -0.0061203709440633093 -0.0067385549470354075 -0.0061221844583869483 1.9250745754312744 -0.0061207837800381091
decision_type=2 2 2 2 2 2 2 2 2 2 2 2 2 2 2 2 2 2 2 2 2 2 2
left_child=2 3 8 4 5 -2 -4 10 14 -7 15 12 -3 16 19 -8 21 -9 -12 -1 -6 -5 -10
right_child=1 11 6 13 20 9 7 17 22 -11 18 -13 -14 -15 -16 -17 -18 -19 -20 -21 -22 -23 -24
leaf_value=0.075688714625908704 -0.019040060328024973 -0.01892974991641852 0.13035303878720883 0.061106932041664452 -0.00951232125258346 0.010561088590220601 0.10082773164279477 0.12496410472130282 -0.027408143502971404 0.075451037551579017 -0.011027829451777651 -0.041067240137708967 0.093609302839936681 -0.018258236656038349 0.098508693285634011 0.042318869410474823 -0.019811025124183826 0.026315892656911522 0.059947008655627319 0.0026536275540893829 0.12707833030097496 -0.04689852694458245 0.039222728596588444
leaf_weight=339.72918275743723 1231.4083877801895 2441.0565608739853 40894.195951901376 759.06568671017885 42.510650962591171 855.98435708880424 1821.7402547225356 4469.3534336611629 263.51381220668554 3138.7831574007869 383.37694703042507 8739.9676912128925 228.28022187203169 1761.9618354663253 3958.430276080966 394.74317995458841 273.31885077059269 111.96765702217817 452.65167465806007 266.51017501205206 2214.2898833155632 61.681988924741745 291.2690290287137
leaf_count=917 8138 20427 31335 3655 197 5415 3159 5565 1939 10545 2397 85171 756 13254 8429 1482 2212 560 1594 1630 2484 556 1316
internal_value=0.0883542 0.00577254 0.121832 0.0492609 0.067273 0.0425586 0.126019 0.102799 0.0821499 0.0615467 0.073151 -0.0336362 -0.00930547 0.00206803 0.0912138 0.0904076 0.0348029 0.122553 0.0274001 0.0435816 0.124505 0.05299 0.00757403
internal_weight=75395.8 21748.3 53647.5 10339 7482.98 5226.18 48528 7633.83 5119.45 3994.77 3052.51 11409.3 2669.34 2856.03 4564.67 2216.48 1094.07 4581.32 836.029 606.239 2256.8 820.748 554.783
internal_count=213133 152810 60323 46456 26779 24098 46092 14757 14231 15960 8632 106354 21183 19677 10976 4641 6423 6125 3991 2547 2681 4211 3255
is_linear=0
shrinkage=0.0409094


Tree=6
num_leaves=24
num_cat=0
split_feature=1 3 3 0 1 0 0 1 3 10 3 0 4 0 1 3 10 5 0 6 15 1 4
split_gain=126431 23935.4 9059.19 3487.32 3238.01 2592.97 1951.08 1211.98 1097.92 676.246 648.513 566.778 560.329 548.191 480.909 460.339 440.198 369.952 359.676 338.821 310.612 280.521 273.572
threshold=-0.12696322277359698 -0.097129198757806803 -0.09179171081572228 -5.6625746886026619e-05 -0.12739441848831268 -0.00033458651496563811 -5.8983212551545816e-05 -0.12538787999181375 -0.097204151223134985 -0.0061205638350319514 -0.092625991859514603 -6.0696081287476705e-05 0.57123555508091139 -9.8677616504755575e-05 -0.16745038365960863 -0.097058450195993032 -0.0061221852477959309 -0.011344185141002194 -5.6625746886026619e-05 -0.13518266674511981 -0.092314591850968034 -0.13327061136021487 1.9019779866336044
decision_type=2 2 2 2 2 2 2 2 2 2 2 2 2 2 2 2 2 2 2 2 2 2 2
left_child=2 8 4 6 15 14 7 13 16 -10 -8 -6 -9 -3 17 -1 -2 -4 21 -7 -13 -17 -5
right_child=1 3 5 22 11 19 10 12 9 -11 -12 20 -14 -15 -16 18 -18 -19 -20 -21 -22 -23 -24
leaf_value=0.12052410585109863 -0.013650106687315771 0.059030090421342045 0.11610926771339558 -0.042053951287156291 0.0839111795253797 0.035687437825672824 -0.036500570557800024 -0.020087161645596364 -0.0058637741024034837 0.062668703656206873 0.082133765544643147 0.059497984777658504 0.043112660192396783 -0.021234726815151313 0.023402976439385159 0.12529400593762061 0.087535719524871061 -0.047947274402103661 0.082945381162643758 -0.025071852002245029 0.0026611771343729327 0.10580864004370408 0.058173943464533848
leaf_weight=45889.508805751801 73.306001015007496 554.43819416314363 463.96083555370569 9777.9750791043043 1738.6283117234707 183.8472433835268 89.983572825789452 5157.7769021466374 369.23492167890072 693.65434315800667 539.27198745310307 495.36889337748289 245.97495080530643 191.62408065795898 146.23526792228222 1873.9078541174531 3901.4631149619818 24.204156875610352 791.55159852653742 933.60611797869205 238.34213135391474 3635.1863265782595 45.789919130504131
leaf_count=31034 478 1955 973 97402 3633 1167 645 38159 2122 2059 1148 1518 1024 1127 882 1692 8269 196 2589 8616 1176 5015 254
internal_value=0.0817516 -0.00231278 0.113999 -0.0260119 0.116933 0.0224253 -0.00344192 -0.0104623 0.0757936 0.0388613 0.0651691 0.0711869 -0.0172104 0.0384143 0.0884804 0.1191 0.0856696 0.107975 0.108732 -0.0150755 0.0410348 0.112437 -0.0415868
internal_weight=78054.8 21640.5 56414.3 16602.8 54662.5 1751.85 6779.07 6149.81 5037.66 1062.89 629.256 2472.34 5403.75 746.062 634.4 52190.2 3974.77 488.165 6300.65 1117.45 733.711 5509.09 9823.76
internal_count=213133 154642 58491 141714 46657 11834 44058 42265 12928 4181 1793 6327 39183 3082 2051 40330 8747 1169 9296 9783 2694 6707 97656
is_linear=0
shrinkage=0.0409094


Tree=7
num_leaves=24
num_cat=0
split_feature=1 0 1 0 1 14 18 0 7 4 0 6 7 0 10 5 6 15 1 10 1 0 1
split_gain=108088 13646.7 6833.29 6222.54 2705.22 2187.88 1848.28 1112.61 1283.5 906.116 856.684 770.428 600.442 496.952 480.01 472.292 465.051 436.679 412.021 408.633 398.941 375.15 744.146
threshold=-0.12696322277359698 -5.6625746886026619e-05 -0.11863387835472521 0.00022725338818656759 -0.12739441848831268 -0.0067385552870045272 -0.79031510490574053 -5.8514966384777549e-05 -0.51963850798023337 1.6984526735726047 -5.6625746886026619e-05 -0.094159630088816018 -0.51963850798029876 -6.0696081287476705e-05 -0.0061221770126214884 -0.01134464028452275 -0.09973581785015713 -0.092456570369358962 -0.11821912899607624 -0.0061221831435969059 -0.12603305163567494 -0.00073202372971293856 -0.093741356577902057
decision_type=2 2 2 2 2 2 2 2 2 2 2 2 2 2 2 2 2 2 2 2 2 2 2
left_child=3 2 5 4 10 6 12 8 -7 17 15 14 -2 -6 -12 -1 -5 18 -3 -9 -8 22 -4
right_child=1 9 21 16 13 7 20 19 -10 -11 11 -13 -14 -15 -16 -17 -18 -19 -20 -21 -22 -23 -24
leaf_value=0.11036840509823631 0.085991263662172815 0.0042824430688106771 0.045459848056391743 0.046033291409244712 0.077159927821099705 0.029523349624173703 0.048920573581905671 -0.043106129106704652 -0.035270051097657316 0.075763585397200531 0.0025848896100570192 -0.0081911460244588966 0.049596231921191718 0.037604474776081184 0.096193547491466067 0.063825407555641644 -0.021183506745137533 -0.041383454732906007 -0.043069517316492389 0.079110934991993551 0.0078266159312414228 -0.036377317323798911 -0.026493330597609801
leaf_weight=50519.342160589993 3018.4580610990524 730.97061844915152 330.55824448913336 235.46117961406708 1809.1162910088897 1285.7213498726487 682.91020964831114 50.246215477585793 849.86430224776268 118.27395118027925 93.750549718737602 126.85258966684341 1013.3141120970249 752.7181715965271 4146.8064349070191 367.53290815651417 641.80768183618784 8742.0057778805494 530.8835828974843 515.58182186633348 938.98491127789021 1785.2776200249791 883.42082374542952
leaf_count=35509 5314 5190 2010 1308 3667 5745 2230 332 7407 451 496 1091 3681 2745 6639 1018 6018 89292 5472 1250 5019 14062 7187
internal_value=0.0762599 -0.00226704 0.028523 0.104994 0.106635 0.0475377 0.0620084 0.0172526 0.00373857 -0.0368053 0.10854 0.0911523 0.076844 0.0655377 0.094124 0.110032 -0.00314235 -0.0381362 -0.0156393 0.0682579 0.0251295 -0.0244465 -0.00690097
internal_weight=80169.9 21476.5 11354.3 58693.4 57816.1 8355.08 5653.67 2701.41 2135.59 10122.1 55254.3 4367.41 4031.77 2561.83 4240.56 50886.9 877.269 10003.9 1261.85 565.828 1621.9 2999.26 1213.98
internal_count=213133 154642 54237 58491 51165 30978 16244 14734 13152 100405 44753 8226 8995 6412 7135 36527 7326 99954 10662 1582 7249 23259 9197
is_linear=0
shrinkage=0.0409094


Tree=8
num_leaves=24
num_cat=0
split_feature=1 6 2 1 4 14 6 1 2 6 2 14 1 2 2 2 9 1 1 9 1 9 1
split_gain=93688.7 9047.6 6644.38 6536.9 5053.87 4316.06 2223.86 1928.66 1665.91 862.604 752.672 735.043 648.847 598.08 544.672 502.642 444.18 427.04 372.764 302.009 284.368 259.194 253.93
threshold=-0.12688677379192678 -0.098542018898359604 -0.49524683043493539 -0.11863387835472521 0.22680810220844957 -0.0067385546843319955 -0.098542018898359604 -0.1187991701718142 0.84957404577903128 -0.09857417870820516 1.0736649684650368 -0.006738554987775508 -0.12735635099262155 -0.54093891007862005 -0.52877492243014679 -0.47713893644974209 -0.0035525889847057355 -0.11186411996889568 -0.12804350110149518 -0.0035525889851384163 -0.12777665793943513 -0.0035525889851384163 -0.093741356577902057
decision_type=2 2 2 2 2 2 2 2 2 2 2 2 2 2 2 2 2 2 2 2 2 2 2
left_child=2 3 14 5 6 7 11 15 9 -7 -9 21 16 17 -1 -2 20 -3 -13 -16 -6 -4 -5
right_child=1 13 4 22 12 8 -8 10 -10 -11 -12 18 -14 -15 19 -17 -18 -19 -20 -21 -22 -23 -24
leaf_value=0.10545644562032565 0.044089434330065395 0.11128297423504095 0.053638910684464365 -0.016666861652351209 -0.010116056129962865 0.010828689347734718 -0.028021186741085405 0.071733390247971859 -0.035555433921142111 0.084663800833500877 -0.0010401296070787385 0.0056763375608026925 0.045518087700691989 -0.042672016196971994 0.083689652809684767 -0.00091986941326227555 0.10049051984678822 -0.030862497558578623 0.0455535943450033 0.10175398338873745 0.073699971600198921 0.080376227250707477 -0.03792172055099019
leaf_weight=43262.64911044389 693.2682281434536 72.858604528009892 1834.4654489606619 1599.1471557989717 84.230787053704262 2231.1907085999846 719.25595152378082 4374.1571202278137 1437.1595336571336 300.46984906494617 251.52848671376705 717.83689871430397 435.66880398243666 6790.7166680246592 3179.0405222699046 1035.414485886693 5367.8696916028857 68.745410673320293 865.10735915601254 3020.5872048735619 346.11091078817844 906.69514682143927 2284.544462762773
leaf_count=24834 2774 167 4657 12740 408 12699 6477 9717 13988 664 1755 4384 1226 71955 4979 5745 4782 577 2480 2639 525 1690 21271
internal_value=0.0715546 -0.002623 0.0973707 0.0160724 0.0690339 0.0330931 0.0385863 0.0539983 -0.000377704 0.0195918 0.0677762 0.0496655 0.0936667 -0.0409368 0.103831 0.0171306 0.0972845 0.0422747 0.02747 0.092491 0.0572947 0.0624828 -0.0291698
internal_weight=81878.7 21139.2 60739.5 14206.9 11277.2 10323.2 5043.36 6354.37 3968.82 2531.66 4625.69 4324.1 6233.88 6932.32 49462.3 1728.68 5798.21 141.604 1582.94 6199.63 430.342 2741.16 3883.69
internal_count=213133 154052 59081 81353 26629 47342 19688 19991 27351 13363 11472 13211 6941 72699 32452 8519 5715 744 6864 7618 933 6347 34011
is_linear=0
shrinkage=0.0409094


Tree=9
num_leaves=24
num_cat=0
split_feature=3 0 0 3 6 3 4 9 3 3 0 5 3 0 6 3 14 9 3 6 6 14 4
split_gain=69001.6 15120.3 3169.25 3163.11 1673.19 1564.13 1392.07 1281.07 1037.85 1198.2 748.739 734.073 584.258 513.384 492.008 537.336 411.642 351.598 350.468 598.2 340.393 301.516 284.147
threshold=-0.096830580272352265 -5.6625746886026619e-05 -6.6541557020158783e-05 -0.097129198757806803 -0.09885928955140437 -0.092625991859514603 -0.19589831722593529 -0.0035525879747594466 -0.092625813012696845 -0.092625991859514603 -5.6840003915595974e-05 -0.011345834404801204 -0.092625813012696845 -7.3931892836598065e-05 -0.14103183261560595 -0.092466807580416935 -0.0067385534169736782 -0.0035525856171782643 -0.097197621493632688 -0.099309815352037423 -0.19760049415862774 -0.0067382214401386373 0.27377548214560349
decision_type=2 2 2 2 2 2 2 2 2 2 2 2 2 2 2 2 2 2 2 2 2 2 2
left_child=3 2 6 10 11 -4 14 16 9 20 -1 -5 -7 -6 17 -16 -8 -2 -12 -20 -3 -15 -9
right_child=1 8 5 4 13 12 7 22 -10 -11 18 -13 -14 21 15 -17 -18 -19 19 -21 -22 -23 -24
leaf_value=0.093767590142654927 0.039893525205928863 0.11207411551840349 -0.015751908690973957 0.074348723373032818 0.047414397244704365 0.091564283181166106 0.066805428371957895 -0.012094127564981202 -0.03976938531958614 0.074696162123444168 0.082508771106337808 -0.008913016194164956 -0.041236551635237449 -0.014900779352501317 0.011383129127827008 -0.026734011222768507 0.03654534322787116 -0.028961658286024337 0.080165123838468785 0.011171786020278804 -0.020965286977280003 0.11182862357252657 0.027429221171628691
leaf_weight=50070.533590584993 871.04832027107477 32.669382244348526 270.94706974178553 5390.5394019111991 507.92753423005342 2214.0045827850699 1824.61816804111 699.12165269255638 7792.1635364890099 254.79852104187012 4762.6664201393723 183.23631420731544 56.867428295314312 585.04488869011402 1586.1510739326477 1015.0264575332403 1280.2596363723278 144.73664128035307 570.202670969069 333.23061706870794 2175.1765928864479 33.202853098511696 539.22740883380175
leaf_count=37608 4563 148 1643 10034 1485 2229 4157 5382 85171 756 6200 1013 466 3962 8915 8283 5376 1263 961 1506 19447 41 2524
internal_value=0.0674984 0.00288128 0.0373838 0.0889801 0.0624221 0.0771537 0.0246846 0.0402966 -0.032453 -0.00930274 0.0921726 0.0716115 0.0882387 0.016941 0.00593786 -0.00349087 0.054328 0.0300825 0.0780775 0.054717 -0.0189967 -0.00809481 0.00511594
internal_weight=83193.4 20756.8 10502 62436.6 6699.95 2541.82 7960.19 4343.23 10254.8 2462.64 55736.6 5573.78 2270.87 1126.18 3616.96 2601.18 3104.88 1015.78 5666.1 903.433 2207.85 618.248 1238.35
internal_count=213133 150323 44801 62810 16535 4338 40463 17439 105522 20351 46275 11047 2695 5488 23024 17198 9533 5826 8667 2467 19595 4003 7906
is_linear=0
shrinkage=0.0409094


Tree=10
num_leaves=24
num_cat=0
split_feature=1 3 3 2 2 2 1 9 3 3 6 6 2 2 6 1 3 3 18 2 1 11 18
split_gain=75897 17541.1 5311.71 4756.47 3078.13 1800.75 1737.72 1702.8 1358.66 930.25 784.707 619.524 522.187 449.89 444.918 484.58 285.481 271.096 246.128 242.06 226.719 210.496 210.462
threshold=-0.12727566014724442 -0.097015304845882222 -0.09179171081572228 -0.50814555864976085 -0.5034871645739506 -0.5193628012656385 -0.11863387835472521 -0.0035525889851384163 -0.09718566186629525 -0.09718566186629525 -0.098933600298869259 -0.12893672839201939 -0.49131359131508162 -0.47713893644974209 -0.10281458626833147 -0.12008709834757801 -0.097070578063777516 -0.059240199635862557 -0.56647888654598766 -0.47386698996576421 -0.12741233683191389 -0.0021661431345545695 1.3002742533136458
decision_type=2 2 2 2 2 2 2 2 2 2 2 2 2 2 2 2 2 2 2 2 2 2 2
left_child=2 8 5 6 22 -1 -3 9 21 -7 13 17 -11 -10 15 18 20 -6 -5 -18 -9 -2 -4
right_child=1 3 4 14 11 7 -8 16 10 12 -12 -13 -14 -15 -16 -17 19 -19 -20 -21 -22 -23 -24
leaf_value=0.093148365833392616 0.052444873172503396 0.061112482876442248 0.10371719089654854 -0.012276332691868345 0.062167442508338694 0.072094067842946516 -0.021034505558706246 0.090312271392220034 0.062873326598612903 0.056850789447029808 -0.014932036871704852 -0.036610124118944314 0.013885226039607273 0.018397444323841494 -0.040747802563428935 -0.031147095219255856 0.084061311112815063 -0.010070993279416613 0.035988377411032391 0.044335950350839537 0.060761532164384222 0.068472762718927604 0.012780086911237566
leaf_weight=46672.340987712145 2704.0688477158546 1278.6462605372071 527.45520674437284 504.46821215003729 182.79557826370001 2299.9528954327106 650.07250014692545 7616.3812832087278 694.02592104673386 869.58188430964947 657.12973017245531 881.9892181456089 1039.0850223526359 842.91843626648188 8682.9596273973584 3425.9096268489957 558.15431509912014 165.80301862210035 272.26008265465498 475.30506704002619 460.79501715302467 2782.3066657036543 46.33454467356205
leaf_count=25964 6305 3415 900 3031 741 3046 5330 5627 1681 1742 3860 8685 3787 3515 92927 31740 858 1169 1456 1411 792 4922 229
internal_value=0.063861 -0.000479598 0.087282 -0.026491 0.0181241 0.0893621 0.0334249 0.0760944 0.0496921 0.0545731 0.0224837 -0.0183616 0.0334602 0.0384811 -0.0354592 -0.0245327 0.0860361 0.0278089 0.00464149 0.065791 0.0886264 0.0605731 0.0963739
internal_weight=84290.7 22494.8 61796 14814.3 1804.38 59991.6 1928.72 13319.3 7680.45 4208.62 2194.07 1230.59 1908.67 1536.94 12885.6 4202.64 9110.64 348.599 776.728 1033.46 8077.18 5486.38 573.79
internal_count=213133 158182 54951 137899 11724 43227 8745 17263 20283 8575 9056 10595 5529 5196 129154 36227 8688 1910 4487 2269 6419 11227 1129
is_linear=0
shrinkage=0.0409094


Tree=11
num_leaves=24
num_cat=0
split_feature=2 4 6 18 2 2 6 6 10 9 4 18 4 6 2 2 14 18 18 10 2 4 4
split_gain=51411.2 16330.2 7550.96 2626.09 2923.85 2077.92 1526.33 1073.24 1060.81 727.79 655.983 638.457 477.605 473.464 335.743 332.732 300.203 214.802 210.714 201.694 198.557 197.132 175.219
threshold=-0.49524683043493539 0.39902182864468044 -0.098542018898359604 -0.78668117340889065 0.96633752890320557 -0.52676894020764509 -0.098499362938442594 -0.098499362938442594 -0.0061221831435969059 -0.0035525889847057355 -0.18024252391355064 -0.78999800180100987 -0.19589831722593529 -0.09313559692023364 0.56731901244356442 -0.44392200322106262 -0.0067385547037186648 1.300275000967219 1.300275000967219 -0.0061216924914965012 -0.41393143365069046 -0.19589831722593529 0.69648190157998835
decision_type=2 2 2 2 2 2 2 2 2 2 2 2 2 2 2 2 2 2 2 2 2 2 2
left_child=5 2 3 4 8 11 10 9 -2 16 17 19 20 -13 18 -14 -3 -7 -11 -1 -5 -8 -16
right_child=1 7 -4 12 -6 6 21 -9 -10 14 -12 13 15 -15 22 -17 -18 -19 -20 -21 -22 -23 -24
leaf_value=0.047234200436376772 -0.035503022289699072 0.05174212320324291 -0.041664962960449678 -0.014856971889327863 -0.032549879874717198 0.05037376035659747 -0.02238086152719938 -0.0064998183208900334 0.036777373429915619 0.075593910048909974 0.075143973814596116 0.087728495190482134 0.026523998264735841 0.020328550853436298 0.0052746227488289716 -0.010631253452420558 0.0076246438762098715 0.0031764769628256713 -0.027046224760263197 0.07333306200626194 -0.037329873731491672 0.026652175678392266 0.060671444051330847
leaf_weight=667.69620431214571 355.07303050905466 861.48691943287849 6174.0797699168324 1620.2390126436949 1290.0719416290522 1322.4695257544518 324.03608280420303 342.81768158078194 7907.7949336990714 6250.6587408408523 5402.2062282338738 46301.030572645366 654.06909070163965 175.08681487292051 173.75285619497299 1052.3683431148529 368.56608445197344 183.81103216856718 33.654098249971867 1922.2128179073334 1107.8980180025101 238.01868072152138 212.32472760975361
leaf_count=1483 2705 1830 71415 13529 13088 3807 3157 2630 25701 7339 6833 26935 3457 1064 1031 8118 1925 1212 239 3076 10738 1326 495
internal_value=0.0607535 0.0158521 -0.00398191 0.0126514 0.0247285 0.0833127 0.0632131 0.0643625 0.0336713 0.0674374 0.0684875 0.086373 -0.0133652 0.0874746 0.0727694 0.00361017 0.038523 0.0446143 0.0750442 0.0666046 -0.0239832 -0.00161637 0.0357403
internal_weight=84941.4 28404.9 20161.6 13987.5 9552.94 56536.6 7470.54 8243.26 8262.87 7900.44 6908.49 49066 4434.57 46476.1 6670.39 1706.44 1230.05 1506.28 6284.31 2589.91 2728.14 562.055 386.078
internal_count=213133 164240 148751 77336 41494 48893 16335 15489 28406 12859 11852 32558 35842 27999 9104 11575 3755 5019 7578 4559 24267 4483 1526
is_linear=0
shrinkage=0.0409094


Tree=12
num_leaves=24
num_cat=0
split_feature=1 3 2 3 2 1 2 9 3 3 6 6 2 6 1 5 7 3 3 5 6 2 2
split_gain=62367.8 15049 4233.5 4217.05 2493.99 1476.1 1472.03 1418.89 1017.08 808.465 570.156 545.911 501.683 495.614 351.25 304.355 276.789 271.261 243.433 233.121 194.769 181.476 173.474
threshold=-0.12727566014724442 -0.097044201212031916 -0.50814555864976085 -0.09179171081572228 -0.5034871645739506 -0.11863387835472521 -0.5193628012656385 -0.0035525889851384163 -0.09718566186629525 -0.097197621493632688 -0.12893672839201939 -0.099475839457806872 -0.46749679333622174 -0.098649306279176938 -0.11968043101109117 -0.011346323502618622 1.9250741382824443 -0.094473170534227782 -0.047830697483656918 -0.011346206042245991 -0.10926839289841538 -0.49794404602153991 -0.39657684801696319
decision_type=2 2 2 2 2 2 2 2 2 2 2 2 2 2 2 2 2 2 2 2 2 2 2
left_child=3 8 5 6 -5 16 -1 9 -2 -8 18 19 -11 14 20 -9 17 -3 -6 21 -4 -10 -16
right_child=1 2 13 4 10 -7 7 15 11 12 -12 -13 -14 -15 22 -17 -18 -19 -20 -21 -22 -23 -24
leaf_value=0.083868222459673708 0.054187627032576173 0.034344455480522604 0.011685527468389018 0.084324536665263336 0.053343516161625734 -0.021544332119421552 0.066997617595310921 0.079284708614865543 0.062560254382613409 0.045400441313934024 -0.03579505688182727 -0.0061870318720901509 0.0035064904114006489 -0.041304857372097159 -0.022770355960260825 0.045504076872334168 -0.012809498769240049 0.072710743803037436 -0.016071277174060362 -0.039816793786590116 -0.020089788480996709 0.029165102949695446 -0.039833922867035049
leaf_weight=47685.817046388984 5679.9726996570826 503.83379895240068 562.78085192292929 609.2968630194664 215.32728704810143 657.28339437395334 2151.1914869993925 8893.6373672038317 432.21287132799625 1450.5453657433391 838.4816186055541 788.62634451687336 713.78073038905859 7204.6628772094846 2097.7759154587984 469.95309142768383 99.97821544110775 795.15502427518368 139.21770472824574 62.110297419130802 757.21511146426201 736.20672800391912 1900.3959046676755
leaf_count=25964 11227 1788 3072 1129 897 5330 2699 7613 836 3123 8685 4075 2753 84194 18755 1075 487 1275 1013 379 4759 2581 19424
internal_value=0.0579067 -0.000945729 -0.0253797 0.0786632 0.0169859 0.0290231 0.0804747 0.0686446 0.0453224 0.049237 -0.017405 0.0203841 0.0315841 -0.0343126 -0.02484 0.0775893 0.0527815 0.0578298 0.0260867 0.037413 -0.00654237 0.0415184 -0.0308809
internal_weight=85445.5 22278.2 14579.1 63167.2 1802.32 2056.25 61364.9 13679.1 7699.13 4315.52 1193.03 2019.16 2164.33 12522.8 5318.17 9363.59 1398.97 1298.99 354.545 1230.53 1320 1168.42 3998.17
internal_count=213133 158182 139084 54951 11724 8880 43227 17263 19098 8575 10595 7871 5876 130204 46010 8688 3550 3063 1910 3796 7831 3417 38179
is_linear=0
shrinkage=0.0409094


Tree=13
num_leaves=24
num_cat=0
split_feature=1 3 2 3 2 2 1 9 3 3 10 6 6 1 2 2 4 10 3 3 7 6 10
split_gain=56428 13861.7 3894.06 3825.4 2227.89 1429.92 1330.6 1293.34 1041.85 735.318 643.07 512.154 432.149 417.463 400.568 397.561 344.958 318.909 287.47 277.162 341.837 262.28 249.361
threshold=-0.12727566014724442 -0.097015304845882222 -0.50814555864976085 -0.09179171081572228 -0.50657357650747603 -0.5193628012656385 -0.1074722756530711 -0.0035525889851384163 -0.09718566186629525 -0.09718566186629525 -0.0061217145467055804 -0.12893672839201939 -0.10281458626833147 -0.12008709834757801 -0.47713893644974209 -0.4310934952324959 0.712137694892373 -0.0061219844151390009 -0.097121244852480179 -0.094473170534227782 1.9250741382824443 -0.1075696099763998 -0.0061202769544777859
decision_type=2 2 2 2 2 2 2 2 2 2 2 2 2 2 2 2 2 2 2 2 2 2 2
left_child=3 8 6 5 -5 -1 19 9 17 -7 -10 -6 13 -4 -12 -11 -14 -2 -9 21 -21 -3 -16
right_child=1 2 12 4 11 7 -8 18 10 15 14 -13 16 -15 22 -17 -18 -19 -20 20 -22 -23 -24
leaf_value=0.080060938519100858 0.023006435784474696 0.053694030489627856 0.003198247655962876 0.080241441436502567 0.024223552819283796 0.061948522111373971 -0.030750969803587665 0.076554633020120236 -0.030139530404404005 0.036417832296107989 0.050112055952942887 -0.033832734756444938 -0.041186022317130713 -0.029924420897241247 -0.018475758013482793 -0.012874844991166375 0.014449648054836773 0.054402143105024461 0.056282975978291613 0.067788554054536126 -0.012369247057947889 -0.0025929095510826201 0.024592023578727001
leaf_weight=47904.661899641156 604.83227740228176 256.03341615200043 792.36483919620514 605.04687769711018 366.40764259546995 2391.2396546602249 500.57399702072144 8093.4948959797621 380.31740520149469 1642.9117359891534 801.3560820966959 831.15586049854755 7777.9912618398666 3243.9388313516974 318.0621587857604 328.60248258709908 191.09396158903837 5168.4260510206223 1368.727216988802 860.41868036985397 99.315097019076347 301.92890735715628 768.91597875207663
leaf_count=25964 1948 810 4487 1030 1938 3046 4417 6060 2579 4082 1923 8756 91760 31740 1736 1447 1167 9279 2628 1538 487 1493 2818
internal_value=0.0554258 -0.000935226 -0.0254893 0.0750007 0.0162571 0.0767161 0.0270873 0.065126 0.0418826 0.0466986 0.0183932 -0.0160698 -0.0343281 -0.0234221 0.0281679 0.028202 -0.0398519 0.051113 0.0736223 0.0461638 0.0594937 0.0232356 0.0119899
internal_weight=85597.8 22065.6 14023.7 63532.2 1802.61 61729.6 2018.27 13825 8041.91 4362.75 2268.65 1197.56 12005.4 4036.3 1888.33 1971.51 7969.09 5773.26 9462.22 1517.7 959.734 557.962 1086.98
internal_count=213133 158182 137899 54951 11724 43227 8745 17263 20283 8575 9056 10694 129154 36227 6477 5529 92927 11227 8688 4328 2025 2303 4554
is_linear=0
shrinkage=0.0409094


Tree=14
num_leaves=24
num_cat=0
split_feature=1 3 3 3 3 6 3 1 6 1 18 18 3 6 18 3 18 18 1 3 18 1 1
split_gain=51329.7 12779.6 3494.94 1719.04 2602.68 1000.76 930.872 741.137 581.951 549.995 575.778 387.827 380.526 332.025 263.068 255.532 287.02 251.912 242.161 300.464 308.588 213.459 204.837
threshold=-0.12727566014724442 -0.097015304845882222 -0.09179171081572228 -0.092625813012696845 -0.092625991859514603 -0.12407577398348768 -0.09718566186629525 -0.12740569179116254 -0.098933600298869259 -0.11924686526201085 -0.62175940268369911 -0.78993079378050146 -0.097070578063777516 -0.1506987260781206 -0.78996763461111918 -0.059240199635862557 1.3002728826154277 -0.78972994609101377 -0.20214225082549644 0.028743278335638309 -0.79031510490574053 -0.13327061136021487 -0.12651284822862202
decision_type=2 2 2 2 2 2 2 2 2 2 2 2 2 2 2 2 2 2 2 2 2 2 2
left_child=2 6 7 4 9 15 -2 12 17 10 -3 -6 -1 -5 -14 16 -4 22 19 20 -7 -16 -8
right_child=1 3 5 13 11 18 8 -9 -10 -11 -12 -13 14 -15 21 -17 -18 -19 -20 -21 -22 -23 -24
leaf_value=0.075489135173640753 0.048333798182060933 -0.017003006959347811 0.087480136157888438 -0.014900064813888668 0.057571178940963717 0.1185059088843033 0.038415112523718452 0.049531441085124514 -0.015090316294630427 -0.031649271596089948 0.032882041973033758 -0.053144193224003489 0.00994272906618625 -0.04114426926801263 0.076192924116299743 0.017346947893053345 0.022052761674517713 0.057068811750732043 -0.030143579012495734 -0.02544316262417181 0.014582806316556935 0.061860659922180532 0.004429414985516209
leaf_weight=51959.510295853019 5853.6561035737395 1506.1289877444506 357.49042814970016 917.21664129197598 947.39741983264685 62.640679776668549 573.54389794915915 2106.1952515244484 653.26316027343273 3061.3731536641717 521.22899617999792 56.084856815636158 138.55111730098724 6699.9428765401244 2659.0722872465849 260.91932698339224 163.54767238348722 439.75631283968687 533.81565541028976 220.96034111827612 202.09684162586927 5026.8803561106324 615.10186212509871
leaf_count=30221 11227 10163 421 9092 1816 152 1495 3491 3860 30292 2449 363 388 83724 2524 1331 720 1051 5266 2404 1430 6603 2650
internal_value=0.053188 -0.000924864 0.0717474 -0.0250288 -0.00883056 0.0155781 0.0396942 0.0733823 0.0175292 -0.0207045 -0.00417768 0.0513833 0.0742226 -0.0379841 0.065812 0.0503942 0.0669433 0.0306151 -0.0111255 0.00977665 0.0391725 0.0668191 0.0208282
internal_weight=85536.4 21844.7 63691.7 13709.4 6092.21 1801.47 8135.32 61890.2 2281.67 5088.73 2027.36 1003.48 59784 7617.16 7824.5 781.957 521.038 1628.4 1019.51 485.698 264.738 7685.95 1188.65
internal_count=213133 158182 54951 137899 45083 11724 20283 43227 9056 42904 12612 2179 39736 92816 9515 2472 1141 5196 9252 3986 1582 9127 4145
is_linear=0
shrinkage=0.0409094


Tree=15
num_leaves=24
num_cat=0
split_feature=1 1 7 2 6 18 9 2 7 2 2 9 1 6 1 2 1 15 15 1 6 1 2
split_gain=46886.4 6408.77 5012.54 3092.99 1955.89 1855.39 1519.86 1406.89 1118.84 880.609 668.741 544.157 426.952 420.996 493.5 401.225 378.007 339.882 336.358 290.559 220.494 220.378 196.103
threshold=-0.12727566014724442 -0.11725552780867764 1.9250741382824443 -0.51607446867247353 -0.094159630088816018 -0.79031510490574053 -0.0035525889851384163 -0.47713893644974209 -0.51963850798029909 0.69890868502926196 -0.44070562128338414 -0.0035525764093419731 -0.12616417885147077 -0.1506987260781206 -0.1006862520645372 0.79534917643898806 -0.12651284822862202 -0.092468662771014232 -0.092450325965006144 -0.12742917065119727 0.13520976641649743 -0.13587379635802563 -0.469595183248318
decision_type=2 2 2 2 2 2 2 2 2 2 2 2 2 2 2 2 2 2 2 2 2 2 2
left_child=3 2 5 -1 6 8 10 12 20 18 19 -8 -7 14 -3 -10 -9 -12 -4 -5 -2 -13 -6
right_child=1 13 9 4 22 7 11 16 15 -11 17 21 -14 -15 -16 -17 -18 -19 -20 -21 -22 -23 -24
leaf_value=0.073719783352365481 0.052771641326078277 0.056065589589526045 0.031556134206783278 0.03620679843291557 0.021024140072453082 0.049212800858828079 0.067341153735843831 0.010053393604493326 0.026629004897811823 -0.040930462258045919 0.036596289495683783 -0.0079493440973066806 0.013585100062346582 -0.038315840924767371 -0.022563285740162545 -0.017720831782605782 -0.019699334441667712 -0.0064480596796284099 -0.023642943742917484 0.060869525626427903 -0.044344628716056281 0.044331598370513134 -0.036303167507847268
leaf_weight=49075.216605558991 4635.6847076267004 163.79734032601118 451.1287035420537 2083.4742122665048 130.3703682795167 1277.580374956131 8790.2353623062372 1125.0801935717463 1005.7061590924859 2635.8088170215487 514.45611986517906 197.22635738551617 1006.3306860178709 5775.7493246644735 724.34063517302275 516.82875966280699 1959.0019187554717 761.32348112761974 312.8849975913763 1297.2329376265407 39.458506464958191 427.24049300700426 426.77116204798222
leaf_count=27384 8140 1096 1378 5188 918 2823 7843 4250 3180 33856 1169 1327 4996 69160 7334 4554 14241 3664 2620 1550 554 928 4980
internal_value=0.0511286 -0.00091264 0.0139469 0.0687983 0.0522876 0.0267835 0.0552642 0.00917741 0.0420327 -0.0297211 0.0361466 0.0647197 0.0335146 -0.0342837 -0.00806193 0.0115743 -0.00884547 0.0109095 0.00895057 0.0456703 0.051952 0.0278196 -0.0228887
internal_weight=85332.9 21629.4 14965.5 63703.5 14628.3 11565.7 14071.2 5367.99 6197.68 3399.82 4656.49 9414.7 2283.91 6663.89 888.138 1522.53 3084.08 1275.78 764.014 3380.71 4675.14 624.467 557.142
internal_count=213133 158182 80592 54951 27567 42738 21669 26310 16428 37854 11571 10098 7819 77590 8430 7734 18491 4833 3998 6738 8694 2255 5898
is_linear=0
shrinkage=0.0409094


Tree=16
num_leaves=24
num_cat=0
split_feature=3 2 3 2 3 0 9 18 0 2 10 0 2 0 3 2 2 0 10 2 6 6 3
split_gain=34575 11420.5 10173.9 3244.4 970.599 1037.12 943.36 793.672 790.976 739.729 642.576 604.12 539.354 537.881 482.549 362.288 348.488 295.843 249.297 232.507 219.152 198.38 196.191
threshold=-0.092625813012696845 -0.49919323508462204 -0.097112570467887002 -0.5034871645739506 -0.092625991859514603 -0.00011365896114052299 -0.0035525889841142677 -0.78999305632329953 -0.0017552991003584744 -0.53700443202053083 -0.0061221831435969059 -0.00014407439553355453 -0.4470414178939181 -5.6625746886026619e-05 -0.097204151223134985 -0.53915681580787889 -0.45010227797794117 -5.6702656665127236e-05 -0.0061197157939520668 -0.3356216454310525 -0.098499362938442594 -0.12198922538149284 -0.025481455625666772
decision_type=2 2 2 2 2 2 2 2 2 2 2 2 2 2 2 2 2 2 2 2 2 2 2
left_child=1 7 6 11 5 12 10 -1 16 -9 -3 -2 -4 -11 -12 22 -5 19 -18 -8 -15 -10 -13
right_child=3 2 4 8 -6 -7 17 9 21 13 14 15 -14 20 -16 -17 18 -19 -20 -21 -22 -23 -24
leaf_value=0.047175361457732629 0.064020928418976969 -0.026769815846110986 0.022389028705742876 0.048532699558328896 0.06686261412064895 -0.028934436749881491 0.067655439230590225 0.071408526516074586 -0.024137230855358169 0.062300568148508442 0.049980880068194851 0.024221415100192767 -0.011564977544571649 0.038383284310786636 0.023736366965059239 -0.01807441827349628 0.053707429958234021 0.030889283285198729 -0.029155985192994439 0.0513789176221967 -0.019300398566039888 -0.042336345649067741 0.12097155850447075
leaf_weight=2905.2373193055391 646.41112228482962 233.09238888323307 1452.0953815206885 228.65236189961433 268.06636764109135 3218.8308360055089 5505.387501783669 42996.780350908637 1200.0951146483421 8220.2701363936067 4121.3879932016134 106.15137222409248 1699.0973871201277 980.82749085128307 1638.6812331303954 358.53363474458456 73.95441622287035 502.47358222305775 340.645134113729 2003.2360147535801 124.18191403895617 6085.1657658964396 52.388479635119438
leaf_count=4844 1329 1415 6084 1260 560 28903 4220 23427 12400 8441 6647 556 11701 2374 4677 3361 488 1189 3236 2769 1034 82053 165
internal_value=0.0492498 0.0582839 0.0323224 -0.0261374 -0.00939283 -0.0126018 0.0520957 0.0679876 -0.0354989 0.0691432 0.0398199 0.037656 0.00408131 0.0586983 0.0425146 0.00469636 0.00798625 0.0612793 -0.0143752 0.063313 0.0319007 -0.0393384 0.0561919
internal_weight=84961.6 75869.6 20642.3 9092 6638.09 6370.02 14004.3 55227.3 7928.51 52322.1 5993.16 1163.48 3151.19 9325.28 5760.07 517.073 643.252 8011.1 414.6 7508.62 1105.01 7285.26 158.54
internal_count=213133 108285 68165 104848 47248 46688 20917 40120 99437 35276 12739 5411 17785 11849 11324 4082 4984 8178 3724 6989 3408 94453 721
is_linear=0
shrinkage=0.0409094


Tree=17
num_leaves=24
num_cat=0
split_feature=1 0 1 2 0 2 9 18 2 4 4 0 1 2 1 5 2 0 6 8 2 15 0
split_gain=40317 8088.44 2814.4 2763.91 3016.86 989.535 810.297 651.786 643.855 584.41 531.911 392.572 600.607 383.186 381.919 367.107 335.181 305.601 248.168 217.215 216.348 208.699 192.968
threshold=-0.12727566014724442 -5.6625746886026619e-05 -0.11725552780867764 -0.51607446867247353 -5.6625746886026619e-05 -0.49524683043493539 -0.0035525889851384163 -0.79031510490574053 0.92467158131614002 0.61820293501806522 -0.19589831722593529 -0.00073202372971293856 -0.093741356577902057 -0.49919323508462204 -0.11186411996889568 -0.011346206042245991 -0.44070562128338414 -9.6542998343235811e-05 -1.0631789755419392 0.10633660730620764 -0.44289761089899365 -0.092468662771014232 -5.6625746886026619e-05
decision_type=2 2 2 2 2 2 2 2 2 2 2 2 2 2 2 2 2 2 2 2 2 2 2
left_child=3 2 5 22 6 -2 16 8 -7 13 -6 12 19 14 -3 -8 -5 -9 -14 -4 -12 -18 -1
right_child=1 9 11 4 10 7 15 17 -10 -11 20 -13 18 -15 -16 -17 21 -19 -20 -21 -22 -23 -24
leaf_value=0.069403486204815679 0.044972357210613843 0.012477174053596912 0.0081674812015006017 0.04711987487459824 -0.025114282972832129 0.036793126408473896 0.064431713764259435 0.013055956316616369 -0.0027849841949643159 0.023633459581427031 0.034093922136803352 -0.035089895447340799 0.10653168038209068 -0.038475276592198931 -0.041338250796337093 0.026439779672561538 0.039940859216377779 -0.015731876994943009 -0.025734945013839213 0.079345233654399799 -0.0022773401619129888 0.0025212044269010509 0.060216482106368575
leaf_weight=44362.359679847956 3675.1499007418752 524.05919883400202 128.34901261329651 2961.4215141758323 795.44589488208294 3394.6579054296017 8307.7327124550939 1801.3977199569345 862.72070874273777 292.79199301451445 643.93641143292189 1399.6209213286638 24.551795609295368 6978.1388585045934 381.26607662439346 448.63952929526567 462.67479465901852 938.74012073129416 718.5462129637599 162.72860608994961 476.04851750284433 541.23649533838034 4187.518367305398
leaf_count=23287 6664 2484 968 4763 7494 8587 6726 8120 6600 1455 1899 13266 140 92967 4493 1138 881 4472 7047 919 2736 1930 4097
internal_value=0.0475104 -0.00118822 0.0187312 0.0639132 0.0483307 0.0277839 0.0555373 0.0187564 0.028773 -0.0331189 0.000466287 -0.0209667 -0.00185285 -0.0352266 -0.0101865 0.0624852 0.0401949 0.00319357 -0.0213649 0.0479598 0.0186344 0.0197669 0.0686111
internal_weight=84469.7 21282.7 13106.5 63187 14637.1 10672.7 12721.7 6997.52 4257.38 8176.26 1915.43 2433.8 1034.18 7883.46 905.325 8756.37 3965.33 2740.14 743.098 291.078 1119.98 1003.91 48549.9
internal_count=213133 158182 56783 54951 27567 34443 15438 27779 15187 101399 12129 22340 9074 99944 6977 7864 7574 12592 7187 1887 4635 2811 27384
is_linear=0
shrinkage=0.0409094


Tree=18
num_leaves=24
num_cat=0
split_feature=1 3 3 0 0 0 1 3 0 0 7 1 0 10 3 18 1 18 3 10 3 3 3
split_gain=37302.3 9682.69 2633.19 1920.09 978.567 811.256 714.015 673.465 799.06 478.483 356.095 553.819 297.718 292.267 256.024 314.965 249.128 237.195 217.816 174.019 171.494 169.546 166.869
threshold=-0.12727566014724442 -0.097015304845882222 -0.092466807580416935 -5.6625746886026619e-05 -0.00019125413827362873 -5.9569227681579833e-05 -0.12740569179116254 -0.097181966055961716 -8.2813437586177235e-05 -5.6625746886026619e-05 -0.51963850798029909 -0.11056995821852859 -5.6772837378329557e-05 -0.0061183106424774264 -0.097136713703668789 -0.78996054306708274 -0.15446504177714568 -0.79003013322942717 -0.097213820793438058 -0.0061221852477959309 -0.097192294710910274 -0.097058450195993032 -0.049487798696509482
decision_type=2 2 2 2 2 2 2 2 2 2 2 2 2 2 2 2 2 2 2 2 2 2 2
left_child=2 7 6 5 16 10 9 12 -9 14 11 -3 -2 -10 -1 -16 22 -7 -14 -11 -8 -21 -4
right_child=1 3 4 -5 -6 17 20 8 13 19 -12 -13 18 -15 15 -17 -18 -19 -20 21 -22 -23 -24
leaf_value=0.066423687895397626 0.043621034573226525 0.0052419769611846368 0.068226843562863487 -0.038242130174639989 -0.013814824113909299 0.040352284784420288 0.046759821524896349 0.034589138161654993 -0.030747552762763763 -0.020663262723479889 -0.039482853833792811 -0.024126647564958921 0.02853375622916933 0.018496850703859456 0.025694307197911492 0.060646984978128635 0.0018121480731311884 -0.036565017250425678 -0.021058734964246404 0.056491943762996127 0.02017175394922209 0.037501216462420391 0.022638956847529503
leaf_weight=44743.638594448566 5276.8788926750422 2394.469815954566 518.24519038200378 6907.0728575065732 995.89696450531483 691.95086897164583 1611.4370152056217 1282.8643898963928 637.712995685637 54.942055411636829 694.68627443909645 1949.511089630425 695.95345970988274 295.01339725404978 454.00544707477093 8691.2652750611305 174.8439401909709 74.302066214382648 188.32808147370815 3799.3985205590725 542.7349920347333 992.24751575291157 181.41574587672949
leaf_count=24784 8884 13145 717 96496 9632 1334 2171 3487 4187 178 7595 18805 1789 1065 861 7783 903 524 871 3527 1318 2372 705
internal_value=0.0459074 -0.00116417 0.0617245 -0.0236665 0.0139136 -0.00632337 0.0631932 0.0329838 0.0136406 0.0640416 -0.0122873 -0.00793821 0.0399397 -0.015172 0.0651489 0.0589118 0.045491 0.0328938 0.0179719 0.0517293 0.0400611 0.0525594 0.0564063
internal_weight=83848.8 21088.7 62760.1 12712 1870.4 5804.92 60889.7 8376.75 2215.59 58735.5 5038.67 4343.98 6161.16 932.726 53888.9 9145.27 874.505 766.253 884.282 4846.59 2154.17 4791.65 699.661
internal_count=213133 158182 54951 137899 11957 41403 42994 20283 8739 39505 39545 31950 11544 5252 33428 8644 2325 1858 2660 6077 3489 5899 1422
is_linear=0
shrinkage=0.0409094


Tree=19
num_leaves=24
num_cat=0
split_feature=3 2 3 2 2 9 3 7 6 10 2 10 2 2 3 2 6 15 11 3 13 16 9
split_gain=27310.7 9819.37 8058.9 2885.98 1364.1 777.605 739.284 619.292 578.522 520.761 445.297 406.553 364.252 331.133 309.588 305.789 248.728 228.228 226.037 213.089 191.604 188.885 167.348
threshold=-0.092625813012696845 -0.51607446867247353 -0.097129198757806803 -0.49524683043493539 -0.47386698996576421 -0.0035525889841142677 -0.092625991859514603 -0.51963850798029876 -0.18838453737870023 -0.0061221831435969059 -0.53083101620784445 -0.0061164610834592249 -0.39365888387174502 -0.53915681580787889 -0.097204151223134985 -0.3356216454310525 -0.096419284846134143 -0.09247906562897304 -0.0021661431775162874 -0.097210472162097911 -0.40514629542964448 1.824666782371104 -0.0035525609588295975
decision_type=2 2 2 2 2 2 2 2 2 2 2 2 2 2 2 2 2 2 2 2 2 2 2
left_child=1 7 5 10 18 9 11 13 12 -3 -2 -6 20 -1 -11 -7 -12 -9 -4 -17 22 -19 -5
right_child=3 2 4 8 6 15 -8 17 -10 14 16 -13 -14 -15 -16 19 -18 21 -20 -21 -22 -23 -24
leaf_value=0.064290819855847683 0.05582510367852913 -0.023066201746212548 -0.0043990951969131564 0.043507978076413732 -0.023314072377413751 0.060013949477897711 0.057228542487576847 0.05125289178778604 -0.039347515877543988 0.045161231758974629 0.026800697326025275 0.0068632381463244506 -0.038533162543674532 0.05476834327710401 0.025795119539697937 0.049133005790297855 -0.022227952804259932 -0.030011424274280114 0.025903343186713997 0.018084540639156509 -0.037313285760711169 0.07225391433983655 -0.038440768932162785
leaf_weight=43133.567605577409 606.67024883627892 229.95761173963547 500.3661450073123 333.27561420202255 4150.4997969567776 6759.3269361779094 229.24234203994274 141.80748565495014 6419.664323668927 4761.9467776715755 465.51345779746771 911.16030827909708 270.54696504026651 7120.3784984052181 1946.052097029984 1695.9905053675175 275.74556554108858 199.04546175897121 2332.0830616280437 473.13954731076956 77.494908928871155 35.638259932398796 47.669509202241898
leaf_count=25538 1660 1342 2895 2250 35714 5392 511 258 90834 7213 2445 4826 3215 7489 4762 2095 3145 816 8251 1128 796 55 503
internal_value=0.0444219 0.0523349 0.0307758 -0.0250727 -0.00236168 0.0477417 -0.0146274 0.06255 -0.0354258 0.0374678 0.0298341 -0.0178818 -0.000890173 0.0629416 0.0395429 0.0557251 0.00856222 0.0102776 0.0205503 0.0423606 0.0213247 -0.0144818 0.0332533
internal_weight=83116.8 74620.2 23989.8 8496.58 8123.35 15866.4 5290.9 50630.4 7148.65 6937.96 1347.93 5061.66 728.987 50253.9 6708 8928.46 741.259 376.491 2832.45 2169.13 458.44 234.684 380.945
internal_count=213133 108285 74129 104848 52197 21932 41051 34156 97598 13317 7250 40540 6764 33027 11975 8615 5590 1129 11146 3223 3549 871 2753
is_linear=0
shrinkage=0.0409094


Tree=20
num_leaves=24
num_cat=0
split_feature=1 3 2 2 3 1 2 3 10 4 3 4 3 10 2 1 10 2 1 18 10 3 1
split_gain=32760.6 8309.21 2771.93 2608.16 2627.67 1011.47 764.085 553.688 476.462 476.438 349.74 317.357 280.78 263.869 260.056 359.404 242.293 227.959 216.349 202.757 198.064 163.965 238.273
threshold=-0.12727566014724442 -0.097015304845882222 -0.49524683043493539 -0.51770748782626563 -0.097058450195993032 -0.10831594541713331 -0.46025232647440656 -0.09718566186629525 -0.0061217145467055804 0.038938582459834059 -0.092466807580416935 0.712137694892373 -0.094473170534227782 -0.0061221676195588109 -0.36103587915245988 -0.092586704656732202 -0.0061219680506550004 -0.47713893644974209 -0.12740569179116254 -0.62175940268369911 -0.0061202769544777859 -0.09719997090468592 -0.12826989888041471
decision_type=2 2 2 2 2 2 2 2 2 2 2 2 2 2 2 2 2 2 2 2 2 2 2
left_child=3 7 5 -1 9 12 -6 16 -9 21 19 14 -3 -14 15 -4 -2 -10 -11 -8 -19 -5 -23
right_child=1 2 11 4 6 -7 10 8 17 18 -12 -13 13 -15 -16 -17 -18 20 -20 -21 -22 22 -24
leaf_value=0.062743748826481704 0.012756809032267924 0.012468811673663809 -0.016971120963995449 0.046471115251285867 0.029940136884495719 -0.027688598614647758 -0.0035145089295801494 -0.030026330067465051 0.03656700180724038 0.060398304079830788 -0.027012737885518855 0.012841445942242654 -0.048933896522617634 0.04890248080849461 -0.041800749660062857 -0.038366563996947503 0.038978354870282464 -0.018877822617744264 0.033004049258858366 0.039888910931304943 0.019366543396988574 0.055994835725139067 0.015757196785194955
leaf_weight=46690.054729878902 661.066047988832 818.02021637558937 2516.9560525789857 2583.5338852256536 1901.6860947757959 683.69822415336967 545.82543572038412 367.20864097774029 858.69692602753639 7109.2191487699747 822.07279995828867 246.36430721729994 48.354448549449444 1005.3284901343286 4186.6912659741938 2749.1805052645504 5467.1070416718721 316.24994249641895 517.61283499002457 268.84543074667454 799.73014524579048 353.77305321395397 810.70425370335579
leaf_count=27003 1987 3617 23770 3085 5496 7090 1917 2579 1923 4971 8715 1534 271 2018 60049 39550 9240 1736 834 737 2818 392 1801
internal_value=0.0430183 -0.00147387 -0.0230093 0.0579864 0.0430923 0.0148963 0.0123037 0.0296838 0.012764 0.0526699 -0.00818747 -0.0329961 0.0304517 0.0444127 -0.0341907 -0.0281406 0.0361498 0.0207213 0.0585391 0.0108088 0.00852873 0.0407266 0.0279816
internal_weight=82328 20724.7 12254.6 61603.3 14913.3 2555.4 3538.43 8470.06 2341.89 11374.8 1636.74 9699.19 1871.7 1053.68 9452.83 5266.14 6128.17 1974.68 7626.83 814.671 1115.98 3748.01 1164.48
internal_count=213133 158182 137899 54951 27948 12996 16865 20283 9056 11083 11369 124903 5906 2289 123369 63320 11227 6477 5805 2654 4554 5278 2193
is_linear=0
shrinkage=0.0409094


Tree=21
num_leaves=24
num_cat=0
split_feature=1 3 3 0 0 1 0 0 0 3 0 7 1 3 10 3 1 4 1 3 6 11 3
split_gain=30516.1 7710.04 2125.87 1788.49 819.39 708.512 617.556 534.37 508.908 349.073 549.755 326.833 475.721 268.64 224.832 188.916 186.939 170.462 173.08 169.448 164.56 189.658 163.054
threshold=-0.12727566014724442 -0.097015304845882222 -0.092466807580416935 -5.6625746886026619e-05 -0.00033458651496563811 -0.12740569179116254 -5.9569227681579833e-05 -5.6625746886026619e-05 -5.6625746886026619e-05 -0.097158426920157581 -9.260415264723518e-05 -0.51963850798029909 -0.093741356577902057 -0.097136713703668789 -0.0061205638350319514 -0.092625991859514603 -0.13034869995451512 3.5928036643711443 -0.1187991701718142 -0.097220005771713483 -0.13518266674511981 -0.0021661431276680989 -0.097058450195993032
decision_type=2 2 2 2 2 2 2 2 2 2 2 2 2 2 2 2 2 2 2 2 2 2 2
left_child=2 8 5 6 -4 7 11 13 9 -2 -11 12 -3 -1 19 -8 -15 18 -5 -10 21 -6 -9
right_child=1 3 4 17 20 -7 15 22 14 10 -12 -13 -14 16 -16 -17 -18 -19 -20 -21 -22 -23 -24
leaf_value=0.061036122547142121 0.036294089517098199 0.0019874338630169399 0.043347462224592161 -0.018343697376605839 0.055569242502206614 0.034626380397556181 -0.033390835696324124 0.049354333711447679 0.01180796985877912 0.030634055442881707 -0.026141824038101155 -0.038493642542369741 -0.027848219346899659 0.059481723639193899 0.02035006606146908 0.034954204450250874 0.047665820672040511 0.062496599739549775 -0.040244988743117882 -0.036007463732336285 -0.020292090678460054 -0.019841089658261358 0.030944034060030733
leaf_weight=43113.935018599033 6097.8671322092414 2947.6544021070004 821.98234394192696 676.16920017078519 116.47887976467609 2160.9380497857928 75.007767334580421 3774.3385953605175 203.59039545059204 932.86694509536028 411.24837401509285 637.15608268976212 1283.9817977249622 4256.6356497108936 539.79343429207802 693.45350182056427 4731.8881357759237 28.428338468074799 5648.9347628727555 317.42118480801582 794.36516432464123 107.17085000127554 1023.4192841053009
leaf_count=24784 10661 18130 2096 6960 427 3489 624 3639 625 2598 2121 7595 13820 3323 1824 1234 5321 117 89419 2454 8681 753 2438
internal_value=0.0417389 -0.0014422 0.0562696 -0.0225722 0.0129662 0.0576186 -0.00579897 0.0584918 0.0283557 0.0321343 0.0132628 -0.0111783 -0.00706543 0.0596949 0.00184698 0.0282832 0.0532614 -0.0374545 -0.0379037 -0.0173231 -0.0115647 0.0194333 0.0454272
internal_weight=81394.7 20493.6 60901.2 11990.8 1840 59061.2 5637.25 56900.2 8502.79 7441.98 1344.12 4868.79 4231.64 52102.5 1060.81 768.461 8988.52 6353.53 6325.1 521.012 1018.01 223.65 4797.76
internal_count=213133 158182 54951 137899 11957 42994 41403 39505 20283 15380 4719 39545 31950 33428 4903 1858 8644 96496 96379 3079 9861 1180 6077
is_linear=0
shrinkage=0.0409094


Tree=22
num_leaves=24
num_cat=0
split_feature=2 3 0 2 0 0 7 2 3 10 6 0 3 0 0 6 0 3 18 3 3 10 3
split_gain=22037.2 15530.8 1641.24 1519.21 1092.99 637.59 591.091 544.266 390.039 522.114 376.922 342.712 339.213 332.761 318.021 280.159 263.983 229.393 223.149 215.2 214.69 211.466 203.518
threshold=-0.49259587251783327 -0.097102799157716607 -5.6625746886026619e-05 -0.53083101620784445 -5.6625746886026619e-05 -5.6702656665127236e-05 -0.51963850798029876 -0.42553161032457759 -0.09718566186629525 -0.0061202769544777859 -0.098499362938442594 -5.6772837378329557e-05 -0.097082368592514776 -7.08837148516483e-05 -0.001019991535823758 -1.0631789755419392 -9.4559546090631062e-05 -0.095856914186832454 -0.79000412502475748 -0.097210472162097911 -0.097219182741577773 -0.0061221003531376234 -0.096830580272352265
decision_type=2 2 2 2 2 2 2 2 2 2 2 2 2 2 2 2 2 2 2 2 2 2 2
left_child=3 5 7 6 12 8 11 14 13 16 -6 18 -5 -2 17 -9 -10 -3 -1 21 -15 -7 -16
right_child=1 2 -4 4 10 19 -8 15 9 -11 -12 -13 -14 20 22 -17 -18 -19 -20 -21 -22 -23 -24
leaf_value=0.046316218872967357 0.053865989290837815 0.092804550402902725 -0.038161372413932207 0.052137287168976081 0.019893156740189009 -0.043384100306767773 0.0075125105874113921 0.11396302026725734 0.018572126459581225 0.038483218717706262 -0.027712136476265851 0.0484152665574452 0.034185026830248669 0.044344070333442134 0.014123008265712535 -0.021618060384924438 -0.04079345298859708 0.020824636729607514 0.060642032574051943 -0.0073519176870903008 0.026333966350593974 0.032743608040111061 -0.011009274252313772
leaf_weight=1910.6766443029046 4781.0087754130363 88.491512008011341 6413.7170984074473 5313.6907151341438 1077.6579644158483 66.673249214887619 380.41549564152956 25.725722849369049 261.65790546685457 1460.171721085906 375.27828351780772 4820.2175640016794 2634.99644202739 3718.074878975749 832.37874118238688 2994.8688294067979 240.6532170176506 455.53262487053871 38222.469936393201 528.86034354567528 1577.7699388712645 726.16508059203625 1531.2304398864508
leaf_count=2329 4397 236 99350 4682 4029 404 1128 148 631 2476 4516 5905 6393 4681 2844 25855 1286 3071 21552 2537 2854 1390 10439
internal_value=0.0405153 0.00926808 -0.0238189 0.0551886 0.0402225 0.0398314 0.0582924 -0.00830177 0.0427924 0.026107 0.00759721 0.0587221 0.0461861 0.0460419 0.00433228 -0.0204633 -0.00986944 0.032533 0.05996 0.0128596 0.0389784 0.0263417 -0.00215858
internal_weight=80438.4 25703 12341.9 54735.4 9401.62 13361 45333.8 5928.23 12039.3 1962.48 1452.94 44953.4 7948.69 10076.9 2907.63 3020.59 502.311 544.024 40133.1 1321.7 5295.84 792.838 2363.61
internal_count=213133 162599 141943 50534 19620 20656 30914 42593 16325 4393 8545 29786 11075 11932 16590 26003 1917 3307 23881 4331 7535 1794 13283
is_linear=0
shrinkage=0.0409094


Tree=23
num_leaves=24
num_cat=0
split_feature=2 3 0 2 0 4 7 2 3 4 0 0 3 0 0 3 3 10 4 3 10 19 10
split_gain=20624.8 14576.6 1638 1375.37 991.914 844.366 568.201 529.692 388.202 374.93 366.378 320.809 317.224 306.278 293.769 325.381 277.571 269.964 256.819 211.904 173.39 164.425 158.362
threshold=-0.49524683043493539 -0.097102799157716607 -5.6625746886026619e-05 -0.53281582579112274 -5.6840003915595974e-05 -0.10196355735162756 -0.51963850798029876 -0.42553161032457759 -0.097202190880787451 0.60254714170568058 -7.08837148516483e-05 -5.6772837378329557e-05 -0.09657036762099834 -0.001019991535823758 -6.3805517809694336e-05 -0.097210472162097911 -0.097082368592514776 -0.0061221831435969059 -0.19589831722593529 -0.095704494793673392 -0.0061221844583869483 -0.69691063278150633 -0.0061205389599915203
decision_type=2 2 2 2 2 2 2 2 2 2 2 2 2 2 2 2 2 2 2 2 2 2 2
left_child=3 5 7 6 16 8 11 13 17 -9 -10 -1 -6 19 -7 -16 -5 -2 -15 -3 -13 -8 -17
right_child=1 2 -4 4 12 14 21 9 10 -11 -12 20 -14 18 15 22 -18 -19 -20 -21 -22 -23 -24
leaf_value=0.05857702159180047 -0.046068024690580141 0.083538355393430533 -0.037518070470727645 0.050972871211354499 0.025481545905939745 0.051201771688646008 -0.021090235567106357 -0.024396062143984997 0.023221890549114787 0.026960175872428552 -0.020073750734241367 -0.023261190453790517 -0.012264695527380121 -0.018607983632599266 0.041303116976532328 -0.032042460559271804 0.034895796472617494 0.033791710454829517 0.0085412982909230193 0.019456725602452544 0.048133973219067185 0.032718296400537777 0.019715126997587602
leaf_weight=38872.738715112209 72.48670694231987 105.78864570707083 6275.586418800056 5329.002358391881 885.84420764446259 5869.9718809276819 180.82927857339382 2719.1281173378229 817.84030316770077 260.72049935907125 545.13977321237326 57.636058069765568 643.15138387680054 948.1076370254159 2710.2459244653583 138.64803184568882 2711.8197958692908 3123.8758792877197 1514.7202841639519 470.26669707149267 4639.1585277989507 200.33373330533504 345.40352123230696
leaf_count=23353 476 274 100089 4614 2097 5728 669 25109 1900 894 2717 207 6035 7357 3585 758 6047 5009 6397 3142 5412 459 805
internal_value=0.0393558 0.00940121 -0.0228945 0.0538616 0.0398075 0.0385457 0.0569218 -0.00764686 0.0241856 -0.0199027 0.00590529 0.0573568 0.0096041 0.00437087 0.0457689 0.0357852 0.0455508 0.0319807 -0.00191028 0.0312249 0.0472579 0.00719075 0.00489008
internal_weight=79438.4 25917.9 12294.3 53520.5 9569.82 13623.6 43950.7 6018.73 4559.34 2979.85 1362.98 43569.5 1529 3038.88 9064.27 3194.3 8040.82 3196.36 2462.83 576.055 4696.79 381.163 484.052
internal_count=213133 164240 143262 48893 18793 20978 30100 43173 10102 26003 4617 28972 8132 17170 10876 5148 10661 5485 13754 3416 5619 1128 1563
is_linear=0
shrinkage=0.0409094


Tree=24
num_leaves=24
num_cat=0
split_feature=1 0 2 0 1 4 2 4 4 0 1 18 2 2 1 2 0 0 0 8 10 11 2
split_gain=25998.8 5302.85 2328.44 1837.54 1668.23 651.384 585.057 471.391 407.888 395.621 496.542 389.17 350.174 318.186 412.745 297.363 264.945 196.87 183.073 177.305 166.639 157.759 157.541
threshold=-0.12730673520301028 -5.6625746886026619e-05 -0.52676894020764509 -5.6625746886026619e-05 -0.11725552780867764 0.22680810220844957 -0.49524683043493539 0.64951452164283452 -0.16458673060116605 -0.00073202372971293856 -0.093741356577902057 -0.79031510490574053 1.0736649684650368 -0.4805599152664462 -0.11186411996889568 -0.43532038040265569 -9.6542998343235811e-05 -0.0079817216099404512 -5.6625746886026619e-05 0.10633660730620764 -0.006114147099482963 -0.0021661431969176837 -0.4310934952324959
decision_type=2 2 2 2 2 2 2 2 2 2 2 2 2 2 2 2 2 2 2 2 2 2 2
left_child=2 4 18 5 6 15 -2 13 -5 10 19 12 -8 14 20 -4 -13 -12 -1 -6 -3 -11 -10
right_child=1 7 3 8 9 -7 11 -9 22 21 17 16 -14 -15 -16 -17 -18 -19 -20 -21 -22 -23 -24
leaf_value=0.058125376924575534 0.032758509589049627 -0.001282986162439746 0.039342878464091617 -0.014183733560414987 0.008359338461667646 0.051843616828172304 0.024835612852654849 0.020195978867586444 0.032241192010350132 0.15204841622637993 0.038345754617642676 0.01068856875448854 -0.013672130919981165 -0.03729061828041557 -0.040422155013321096 0.018248690018793312 -0.015069499094835993 -0.027037804076900023 0.048610615797375314 0.072100298862150108 0.05707894915179626 -0.03474548584286484 -0.0023431996944272087
leaf_weight=38105.471545189619 3877.9685593545437 599.12828254699707 4499.5838382989168 1074.5739899426699 127.38064673542976 8209.3772324323654 3852.3108055666089 291.57897329702973 725.67221008241177 7.6121601164340964 88.726869352161884 1876.5226501971483 440.39678924530745 5369.5535541810095 564.14452916756272 1488.380670696497 1037.9708086252213 586.65513437241316 3714.2215227484703 171.18568657338619 94.838102009147406 1271.0593901574612 316.61021027714014
leaf_count=21496 6780 3462 6394 8745 968 6757 10852 1426 1874 48 739 8208 4335 88087 8303 3646 4700 6448 3488 919 279 13218 1961
internal_value=0.0382594 -0.00165165 0.0521666 0.0390583 0.013424 0.0443598 0.0199461 -0.0307121 0.00350198 -0.0186709 0.000973141 0.0130521 0.020885 -0.0329518 -0.0144338 0.0340997 0.00151506 -0.0184482 0.0572803 0.0449058 0.00669281 -0.0336335 0.0217356
internal_weight=78390.9 20257 58133.9 16314.2 13337.8 14197.3 11085.2 6919.24 2116.86 2252.62 973.948 7207.2 4292.71 6627.66 1258.11 5987.96 2914.49 675.382 41819.7 298.566 693.966 1278.67 1042.28
internal_count=213133 158772 54361 29377 57215 16797 34875 101557 12580 22340 9074 28095 15187 100131 12044 10040 12908 7187 24984 1887 3741 13266 3835
is_linear=0
shrinkage=0.0409094


Tree=25
num_leaves=24
num_cat=0
split_feature=1 3 3 3 3 6 3 10 1 6 6 1 5 10 1 3 3 3 10 10 3 6 5
split_gain=24429.7 6173.48 1729.73 1173.66 1318.92 593.463 459.292 429.045 383.893 354.268 353.595 343.776 340.052 310.111 284.94 624.087 349.437 271.782 235.319 282.503 209.884 307.412 203.85
threshold=-0.12735635099262155 -0.097015304845882222 -0.092466807580416935 -0.092625813012696845 -0.092625991859514603 -0.12407577398348768 -0.097144523194085175 -0.0061219680506550004 -0.11924686526201085 -0.1506987260781206 -0.1075696099763998 -0.12741784610364168 -0.011346206042245991 -0.0061221676195588109 -0.12989919501666788 -0.092625991859514603 -0.097029791248490718 -0.097202190880787451 -0.0061197157939520668 -0.0061206765043816738 -0.097204151223134985 -0.098649306279176938 -0.01134464028452275
decision_type=2 2 2 2 2 2 2 2 2 2 2 2 2 2 2 2 2 2 2 2 2 2 2
left_child=2 7 6 4 8 22 11 17 10 18 -3 -1 20 -6 -8 16 -16 -2 19 -5 -9 -22 -4
right_child=1 3 5 9 13 -7 14 12 -10 -11 -12 -13 -14 -15 15 -17 -18 -19 -20 -21 21 -23 -24
leaf_value=0.055171987688850163 0.012230200174587749 0.017225384022259836 0.041556370370580333 0.0019212247913515507 -0.050597449590668246 -0.01066143035394404 0.051329601666594893 0.03272110753931172 -0.028172700039068979 -0.038575993140704798 -0.017754824562585682 0.040140663625613013 -0.030708374837220189 0.038635319773631757 0.038635674390575726 0.05695798102431409 0.011758742887286832 -0.035518822774678306 -0.019017658348304167 0.132504457670509 0.025534786826024933 -0.0073110998320580775 -0.042274865623055539
leaf_weight=41541.243592143059 634.37345690280199 782.12583610415459 797.08657195419073 92.94325166195631 69.722283825278282 946.45213034003973 5393.990997761488 5222.8463499546051 2555.3849840164185 4841.0111498497427 1267.173776358366 2712.684883326292 170.10497054457664 1000.4966108724475 1915.7558032944798 1844.9845793172717 1402.0650221407413 291.01670804619789 641.34418588504195 39.514083404093981 2499.7398554310203 589.29529698938131 51.693422220647335
leaf_count=26098 1723 3512 2110 926 408 9397 5158 8316 30292 83754 9321 3054 829 1805 2336 1208 3416 2251 7975 193 6294 2339 418
internal_value=0.0372211 -0.000811861 0.0511273 -0.021207 -0.00808673 0.0116131 0.0524215 0.0236641 -0.0175947 -0.0344676 -0.00440445 0.0542506 0.0265499 0.032822 0.0447542 0.0378844 0.0272779 -0.00278591 -0.00876518 0.0408762 0.0277217 0.0192688 0.0364508
internal_weight=77303 20697.1 56606 11289.7 5674.9 1795.23 54810.7 9407.38 4604.68 5614.81 2049.3 44253.9 8481.99 1070.22 10556.8 5162.81 3317.82 925.39 773.802 132.457 8311.88 3089.04 848.78
internal_count=213133 159938 53195 138186 45338 11925 41270 21752 43125 92848 12833 29152 17778 2213 12118 6960 5752 3974 9094 1119 16949 8633 2528
is_linear=0
shrinkage=0.0409094


Tree=26
num_leaves=24
num_cat=0
split_feature=3 3 3 18 18 6 3 18 3 18 9 7 6 18 7 3 4 7 3 3 14 18 18
split_gain=16928.5 4742.35 1761.3 1988.03 1722.03 1364.36 935.052 629.866 596.763 848.044 376.788 318.157 269.616 244.087 240.516 252.648 227.667 199.669 197.322 190.307 188.302 184.368 167.525
threshold=-0.097029791248490718 -0.092625813012696845 -0.092625991859514603 -0.7893092937573315 -0.78998858278365425 -0.12198922538149284 -0.096700266317235953 -0.56647888654598766 -0.097189126749091984 -0.78990420354018043 -0.0035525684461446588 -0.51963850797981348 -0.098634774146394086 1.3002742533136458 -0.51963850798029876 -0.09719997090468592 3.5928036643711443 1.9210988525397583 -0.096830580272352265 -0.097164415235200294 -0.0067385554527745932 -0.77865184983168179 -0.78743751237071435
decision_type=2 2 2 2 2 2 2 2 2 2 2 2 2 2 2 2 2 2 2 2 2 2 2
left_child=4 2 3 18 14 10 21 -8 -6 12 11 13 19 -3 -1 -16 -7 22 -2 -10 -14 -5 -4
right_child=1 5 17 6 8 16 7 -9 9 -11 -12 -13 20 -15 15 -17 -18 -19 -20 -21 -22 -23 -24
leaf_value=0.032505433287466613 -0.010681407241092598 0.034410161633603081 0.051541799344158923 0.026379964453101049 0.052450105835797969 -0.034118178575514059 -0.022275856105742696 0.017186183156757184 0.039943549016321932 0.050296844689067137 -0.028835439903125596 -0.044000903050180624 0.014648283334017038 5.562013080888247e-05 0.019891902273028478 -0.031972809628969708 0.083688231370760854 0.011318570543677953 -0.034619042936019952 0.019808321886987019 -0.038660594088023234 0.049883771256659284 -0.015424559396237339
leaf_weight=4669.3671515360475 1152.9431315287948 878.41583660244942 2618.147158049047 864.12459475919604 39947.897172570229 5250.7973879761994 815.28389436379075 3988.5261258222163 1616.5127416923642 6399.0434832535684 408.64717713370919 138.61149390041828 365.78336638212204 571.17091269791126 1558.8552382215858 174.81495432928205 27.59847591817379 244.40706905722618 1152.3148217201233 1528.2657074332237 159.1373223811388 1579.4468692280352 64.048574820160866
leaf_count=7568 6153 4011 2307 2470 27828 88021 6627 21552 1981 6115 5303 2217 868 5218 3669 1493 78 812 11869 3355 854 2446 318
internal_value=0.0362379 0.00364594 0.0189504 0.0104436 0.0476495 -0.0226058 0.0209691 0.0104888 0.0502067 0.041306 0.0061976 0.0152117 0.0256281 0.0208737 0.0276742 0.0146621 -0.0335022 0.0467171 -0.022647 0.0301584 -0.00151308 0.0415721 0.0499427
internal_weight=76174.2 19754.5 12479.2 9552.64 56419.7 7275.24 7247.38 4803.81 50016.6 10068.7 1996.85 1588.2 3669.7 1449.59 6403.04 1733.67 5278.4 2926.6 2305.26 3144.78 524.921 2443.57 2682.2
internal_count=213133 159402 54554 51117 53731 104848 33095 28179 41001 13173 16749 11446 7058 9229 12730 5162 88099 3437 18022 5336 1722 4916 2625
is_linear=0
shrinkage=0.0409094


Tree=27
num_leaves=24
num_cat=0
split_feature=2 3 0 2 0 9 7 2 10 0 0 2 3 3 0 3 3 15 3 10 16 14 3
split_gain=16966.4 11221.8 1457.5 1256.67 766.369 639.58 540.645 470.851 406.712 355.894 280.738 270.223 263.414 225.806 223.483 217.686 206.036 197.31 187.134 159.515 157.378 153.236 147.86
threshold=-0.4965995805689476 -0.097102799157716607 -5.6625746886026619e-05 -0.53281582579112274 -5.6840003915595974e-05 -0.0035525889841142677 -0.51963850798029876 -0.42553161032457759 -0.0061221844583869483 -5.6772837378329557e-05 -0.00050068553292500042 -0.3356216454310525 -0.097210472162097911 -0.097129198757806803 -6.3805517809694336e-05 -0.096497938953338497 -0.096112409421976533 -0.09247906562897304 -0.097210472162097911 -0.0061221844583869483 1.824666782371104 -0.0067385534169736782 -0.096830580272352265
decision_type=2 2 2 2 2 2 2 2 2 2 2 2 2 2 2 2 2 2 2 2 2 2 2
left_child=3 5 7 6 13 8 9 10 -2 -1 16 -7 -10 -5 -14 -6 -3 -8 -13 -11 -19 -9 -12
right_child=1 2 -4 4 15 11 17 21 12 19 22 18 14 -15 -16 -17 -18 20 -20 -21 -22 -23 -24
leaf_value=0.053887062467303126 -0.035971343965231932 0.05141753995148695 -0.036352167005118279 0.046315388050365426 0.020817963344189561 0.046456018661590492 0.041214824931666248 -0.010143780347495251 0.031846896075590901 -0.026864125017592524 0.0082059472942337067 0.035951710707760737 0.02316952891017952 0.031941638719177219 -0.0049546506898063315 -0.011581870682286121 0.010069632161140714 -0.033281317626133879 0.007582102331550958 0.042544896192357136 0.057910829135306208 -0.029020070213942012 -0.014106316081508512
leaf_weight=36093.386986792088 186.48901478201151 273.60728660225868 5686.6988078281283 4465.3613782674074 874.45567294582725 5199.9212274774909 147.13222023844719 1476.2347535640001 3801.6539352014661 56.114234372973442 832.54548937827349 1635.6912227571011 1435.4799824208021 3098.2197505533695 705.13402752950788 575.41770835965872 767.30623127520084 201.92642425000668 510.59673993289471 4437.1658854931593 37.563923805952072 1404.5054301805794 1233.5149253681302
leaf_count=23353 1201 845 100477 3879 2089 4866 258 11083 5941 207 2860 2095 3003 6363 2753 5631 5397 815 1275 5412 55 14920 8355
internal_value=0.0352456 0.00783885 -0.0215198 0.0490345 0.0352048 0.0332745 0.0520768 -0.0074331 0.0235167 0.0525354 0.00361322 0.0414152 0.0253837 0.0404276 0.0139052 0.0079593 0.0209381 0.00392892 0.0292026 0.0416781 -0.0189779 -0.0193469 -0.0051153
internal_weight=75136.1 25149.4 11674.4 49986.7 9013.45 13475 40973.3 5987.71 6128.76 40586.7 3106.97 7346.21 5942.27 7563.58 2140.61 1449.87 1040.91 386.623 2146.29 4493.28 239.49 2880.74 2066.06
internal_count=213133 165071 143937 48062 17962 21134 30100 43460 12898 28972 17457 8236 11697 10242 5756 7720 6242 1128 3370 5619 870 26003 11215
is_linear=0
shrinkage=0.0409094


Tree=28
num_leaves=24
num_cat=0
split_feature=2 3 0 0 9 2 10 5 2 2 0 3 0 0 3 3 10 6 2 3 0 9 3
split_gain=16056.9 10603.1 1553.48 812.074 720.388 621.653 410.321 387.868 374.748 363.998 318.918 301.609 293.276 265.538 300.94 207.229 195.348 180.539 173.219 166.431 160.288 156.48 123.887
threshold=-0.50969776311373272 -0.097044201212031916 -5.6625746886026619e-05 -5.6702656665127236e-05 -0.0035525889841142677 -0.45010227797794117 -0.0061221844583869483 -0.011346206042245991 -0.53915681580787889 -0.53700443202053083 -0.0014141278430396191 -0.097202190880787451 -6.2087709044346894e-05 -6.8907421553727211e-05 -0.097189126749091984 -0.09718566186629525 -0.0061221852477959309 -1.0631789755419392 -0.43962346193854435 -0.097181966055961716 -5.813796556594058e-05 -0.0035525889850570994 -0.052560585675985684
decision_type=2 2 2 2 2 2 2 2 2 2 2 2 2 2 2 2 2 2 2 2 2 2 2
left_child=3 4 5 9 6 10 -2 13 16 -1 22 -8 -13 -6 -15 -10 -5 -7 -4 -9 -19 -11 -3
right_child=1 2 18 8 7 17 11 19 15 21 -12 12 -14 14 -16 -17 -18 20 -20 -21 -22 -23 -24
leaf_value=0.052582114469812431 -0.033580258432747909 0.054617165989982557 -0.024121053877655601 -0.033727347635662062 0.047344739024192943 0.078582220128231947 0.03000427537282245 0.021119184473919236 0.03758018004609661 0.036368391466307354 0.0032618568449117318 0.020356570206959811 -0.012529595527566242 0.035559793060237946 -0.014763935166209356 0.0029438668553323725 0.041225782264051498 -0.019881886547804772 -0.039700954446295261 -0.031410020281022091 0.024639866728515435 0.049176096047239569 0.0017776247067389874
leaf_weight=34808.617929339409 213.86854241788387 317.27013121545315 1701.807984072715 59.093410842120647 5170.7013779655099 32.70438839495182 4692.6504910886288 283.96149222552776 436.64360898733139 3618.4823512211442 2305.3306541144848 1854.4158944785595 600.88919385895133 2532.0740992203355 215.82691890001297 855.4803464114666 3821.6203472688794 3208.5585710927844 4004.7834085822105 156.61862502992153 141.29244493693113 2856.9743582308292 96.952681124210358
leaf_count=23287 1448 1287 25636 278 4713 187 7337 484 504 4913 11446 4217 2925 3055 897 4600 4682 29847 77102 713 527 2443 605
internal_value=0.03434 0.0095828 -0.0197112 0.0490107 0.0315867 -0.00536214 0.0222551 0.0398049 0.0337308 0.0509253 0.00920019 0.0239258 0.0123083 0.0418835 0.0316072 0.0146484 0.0400844 -0.0170702 -0.0350547 0.00244596 -0.018004 0.0420192 0.0422496
internal_weight=73986.6 27529.7 11808.7 46456.9 15721 6102.11 7361.82 8359.18 5172.84 41284.1 2719.55 7147.96 2455.31 7918.6 2747.9 1292.12 3880.71 3382.56 5706.59 440.58 3349.85 6475.46 414.223
internal_count=213133 172426 146637 40707 25789 43899 15927 9862 10064 30643 13338 14479 7142 8665 3952 5104 4960 30561 102738 1197 30374 7356 1892
is_linear=0
shrinkage=0.0409094


Tree=29
num_leaves=24
num_cat=0
split_feature=1 3 3 3 3 6 3 1 3 10 6 6 18 10 18 1 10 10 6 1 3 18 11
split_gain=20646.3 4794.96 1345.05 994.273 1025.87 452.303 438.336 347.494 344.774 345.653 341.277 316.811 282.078 270.145 236.531 220.069 209.702 222.202 200.219 185.701 175.486 178.441 174.634
threshold=-0.12739441848831268 -0.097015304845882222 -0.092466807580416935 -0.092625813012696845 -0.092625991859514603 -0.12764041513740537 -0.097144523194085175 -0.12521419105308199 -0.09718566186629525 -0.0061217145467055804 -0.1506987260781206 -0.11838909934932743 -0.78996054306708274 -0.0061221676195588109 -0.78622401221056537 -0.20214225082549644 -0.0061197157939520668 -0.0061206765043816738 -0.099475839457806872 -0.12741784610364168 0.08365246484966847 -0.56647888654598766 -0.0021661431801078225
decision_type=2 2 2 2 2 2 2 2 2 2 2 2 2 2 2 2 2 2 2 2 2 2 2
left_child=2 8 6 4 7 -4 19 14 22 -10 16 -9 -8 -6 -3 20 17 -5 -11 -1 21 -7 -2
right_child=1 3 5 10 13 15 12 11 9 18 -12 -13 -14 -15 -16 -17 -18 -19 -20 -21 -22 -23 -24
leaf_value=0.050955507077805585 -0.0091467918040013165 -0.010884486437688808 0.034032526831728797 0.0022147487950070345 -0.051180457550801403 0.065082009628049844 0.012026943644845333 -0.0015425019542845331 -0.030004876469265137 0.020951958296772134 -0.037691324056172912 -0.029274265561761433 0.042403330746876321 0.032640266858023022 0.033814707864754538 -0.027299910917819015 -0.017952685217718242 0.11445960237608772 -0.0047213037659054281 0.038127872309900022 -0.027458566433842636 0.0028243019934800261 0.024929314009184397
leaf_weight=38373.005051866174 260.89675953984261 492.42372418195009 808.1266647875309 91.826882977038622 68.679709456861019 133.63802293688059 540.81081625819206 920.90848350524902 371.93423069268465 1544.1245280727744 4331.246000085026 2742.8609697818756 9476.64224473387 1020.4506643936038 331.49915420264006 474.50660971552134 615.39932624995708 43.498083967715502 757.91529270261526 1986.4916284680367 128.91113755851984 181.94299393892288 7136.5746295377612
leaf_count=26098 716 3088 2400 926 408 609 1060 7636 2723 4109 83767 31449 10853 1832 1058 5492 7982 193 2917 2088 1944 1460 12325
internal_value=0.0334673 -0.00106375 0.0472059 -0.0201889 -0.00826156 0.0117074 0.048423 -0.0169053 0.0191768 0.00658729 -0.0332777 -0.0223037 0.0407634 0.0273546 0.0070999 -0.00792429 -0.00781369 0.0382941 0.0124994 0.0503241 0.0127597 0.0291884 0.0237275
internal_weight=72834.3 20730.2 52104.1 10658.8 5576.82 1727.13 50376.9 4487.69 10071.4 2673.97 5081.97 3663.77 10017.5 1089.13 823.923 918.999 750.724 135.325 2302.04 40359.5 444.492 315.581 7397.47
internal_count=213133 161129 52004 138339 45471 11905 40099 43231 22790 9749 92868 39085 11913 2240 4146 9505 9101 1119 7026 28186 4013 2069 13041
is_linear=0
shrinkage=0.0409094


Tree=30
num_leaves=24
num_cat=0
split_feature=1 3 2 2 3 1 2 4 3 10 4 3 3 2 1 5 18 11 10 15 18 5 18
split_gain=19476.4 4462.95 1978.6 1748.36 1477.34 857.36 550.549 360.944 317.674 320.847 303.415 284.069 231.173 208.727 219.08 194.777 166.554 162.046 227.084 160.464 155.719 124.869 110.205
threshold=-0.12739441848831268 -0.097015304845882222 -0.52676894020764509 -0.47939298520613782 -0.097070578063777516 -0.10984175098452074 -0.46536641447793486 0.038938582459834059 -0.09718566186629525 -0.0061217145467055804 0.712137694892373 -0.088715414409644436 -0.092466807580416935 -0.36103587915245988 -0.092586704656732202 -0.011346206042245991 -0.69087499508626393 -0.0021661431045848336 -0.0061219680506550004 -0.092466485130124718 -0.78956259608653456 -0.011344264155521082 -0.78993079378050146
decision_type=2 2 2 2 2 2 2 2 2 2 2 2 2 2 2 2 2 2 2 2 2 2 2
left_child=2 8 -1 5 7 11 21 -4 17 -10 13 19 16 14 -5 20 -8 18 -2 -3 -11 -6 -20
right_child=1 3 4 10 6 -7 12 -9 9 15 -12 -13 -14 -15 -16 -17 -18 -19 22 -21 -22 -23 -24
leaf_value=0.051165221510954852 -0.0065477935480115863 0.028743646723611946 0.030530479618386824 -0.01618201254906378 0.026046620332260607 -0.027588538001357261 -0.0054775024928924486 0.046834762979807855 -0.029297075274848136 0.0089847639283273731 0.016612016326025724 0.1001953876853308 -0.022982369671014483 -0.040182992213472296 -0.035781907356489145 -0.043729059157773101 0.031717755152902989 0.030319411042504168 0.023938768419109892 0.0065592284517273485 0.035926513292491816 -0.03489366741639504 0.0031591722331724471
leaf_weight=36805.590791866183 556.6024032831192 965.55314994230866 3384.9215564727783 1906.2926893047988 2369.1907372735441 943.25364779680967 552.58810515701771 6913.8197654187679 365.47222985699773 1755.8832012973726 217.56387966126204 69.504471257328987 743.63482549786568 3181.560510635376 1911.4198907651007 100.54141446202993 317.09008725732565 2896.3368107229471 3451.9171149879694 1254.795928735286 451.31832934916019 57.641073618084192 487.46178686618805
leaf_count=24706 1824 2375 4323 20871 5462 11943 1846 5516 2723 5479 1420 313 8962 60204 35759 611 831 4359 5784 5454 936 358 1074
internal_value=0.0326352 -0.00103899 0.0461429 -0.0197654 0.0332514 0.00523492 0.0122862 0.041476 0.0184026 0.00631698 -0.0309654 0.0187558 -0.00623556 -0.0324443 -0.0259951 0.0119571 0.00808412 0.022773 0.0179116 0.0162065 0.0144937 0.0245992 0.0213675
internal_weight=71660 20515.5 51144.5 10449.9 14338.9 3233.11 4040.14 10298.7 10065.5 2673.22 7216.84 2289.85 1613.31 6999.27 3817.71 2307.74 869.678 7392.32 4495.98 2220.35 2207.2 2426.83 3939.38
internal_count=213133 161129 52004 138339 27298 20085 17459 9839 22790 9749 118254 8142 11639 116834 56630 7026 2677 13041 8682 7829 6415 5820 6858
is_linear=0
shrinkage=0.0409094


Tree=31
num_leaves=24
num_cat=0
split_feature=1 0 2 0 1 9 15 2 0 1 4 18 0 0 1 10 4 2 6 0 1 1 2
split_gain=18414.1 3777.53 1970.81 1259.78 1057.77 561.671 457.159 452.806 320.477 315.934 305.844 304.993 286.799 250.706 242.645 227.961 205.355 188.898 186.068 165.065 324.102 159.103 237.635
threshold=-0.12739441848831268 -5.6625746886026619e-05 -0.52676894020764509 -5.6625746886026619e-05 -0.11474734091187981 -0.0035525889851384163 -0.092397668621677823 -0.47713893644974209 -0.0079817216099404512 -0.11629525632922384 -0.1489309372887814 -0.79031510490574053 -0.00077931723282240184 -5.6625746886026619e-05 -0.057293433173719176 -0.0061221831435969059 -0.086307764039242937 -0.49395214189914888 -1.0631789755419392 -0.00073202372971293856 -0.10241446312766238 -0.12742917065119727 -0.46749679333622174
decision_type=2 2 2 2 2 2 2 2 2 2 2 2 2 2 2 2 2 2 2 2 2 2 2
left_child=2 4 13 5 7 21 9 -2 14 17 -5 15 -13 -1 -6 -9 -7 -3 -16 20 -10 22 -4
right_child=1 6 3 10 8 16 -8 11 19 -11 -12 12 -14 -15 18 -17 -18 -19 -20 -21 -22 -23 -24
leaf_value=0.051352103826555029 0.0244247062213424 0.019993276283801192 0.02627976224876722 -0.014562455565855942 0.15718201999514941 0.027160466653907891 -0.035075140093843292 -0.033042460199089622 0.044124890946626673 -0.039452770759742781 0.01836909231566836 0.051045915507591272 -0.0043139068917039895 0.039586512386676161 0.12151820342541018 0.017528552039884213 0.045842928979897682 -0.01200390795225856 -0.024903950408959666 -0.032537266661754258 -0.021068884150232822 0.037488647352899473 -0.0006819244063569317
leaf_weight=32612.782746553421 5025.9427051320672 483.43385877460241 2216.6390615701675 987.85591666400433 27.33454468101263 1144.8004879951477 4321.6248635537922 154.93282802775502 161.07491561025381 469.3471406660974 903.7905833311379 165.52862910926342 2908.5096885040402 3341.5403243303299 19.874002709984779 4016.0325666107237 7038.7377878800035 854.68963450565934 53.962021946907043 1026.0046642050147 614.43090614676476 1164.6666385680437 726.37335774302483
leaf_count=21293 9649 1554 3427 8613 104 1833 82487 1422 967 9306 3451 833 12557 3413 74 13703 6167 8801 601 11989 7082 1245 2562
internal_value=0.0318542 -0.00101518 0.0451645 0.0322505 0.0105888 0.0370337 -0.0278496 0.0149895 -0.0177926 -0.0105735 0.00117157 0.00844422 -0.00133293 0.0502586 0.0530558 0.0156501 0.0432294 -0.000444046 0.0145076 -0.0217714 -0.00752794 0.0246901 0.0196253
internal_weight=70439.9 20302.7 50137.2 14182.9 14173.6 12291.2 6129.1 12270.9 1902.68 1807.47 1891.65 7245 3074.04 35954.3 101.171 4170.97 8183.54 1338.12 73.836 1801.51 775.506 4107.68 2943.01
internal_count=213133 161129 52004 27298 58981 15234 102148 38164 20817 19661 12064 28515 13390 24706 779 15125 8000 10355 675 20038 8049 7234 5989
is_linear=0
shrinkage=0.0409094


Tree=32
num_leaves=24
num_cat=0
split_feature=1 3 2 2 3 1 0 2 4 3 0 0 0 3 4 3 0 0 1 0 14 0 18
split_gain=17445.3 3977.38 1969.51 1616.49 1381.47 741.18 493.822 488.09 345.896 317.277 304.192 259.087 258.045 242.834 241.627 227.195 409.973 207.656 200.347 161.618 161.885 158.37 142.803
threshold=-0.12739441848831268 -0.097015304845882222 -0.52676894020764509 -0.47939298520613782 -0.097070578063777516 -0.10984175098452074 -0.00073202372971293856 -0.46025232647440656 0.038938582459834059 -0.096053596209311184 -5.6772837378329557e-05 -5.6625746886026619e-05 -5.7044840732705945e-05 -0.088715414409644436 0.712137694892373 -0.097158426920157581 -9.260415264723518e-05 -0.0012907192364854843 -0.071017984003494045 -0.00015284160656288095 -0.0067385077800328147 -7.615582961114266e-05 -0.78993079378050146
decision_type=2 2 2 2 2 2 2 2 2 2 2 2 2 2 2 2 2 2 2 2 2 2 2
left_child=2 10 11 5 8 13 9 19 -4 -5 15 -1 -9 -3 -8 21 -17 18 -7 -6 -21 -2 -23
right_child=1 3 4 6 7 17 14 12 -10 -11 -12 -13 -14 -15 -16 16 -18 -19 -20 20 -22 22 -24
leaf_value=0.050535766594471718 0.031993028219491314 0.014809753208975519 0.028653295215473086 0.055814015330204407 0.032273390951408978 0.080644810185929755 -0.035982110692892678 0.0064038027475930995 0.044788052914884649 -0.01221651754518769 0.00049184436069483106 0.038488326686260524 -0.028225781149851078 0.09028836758745179 0.011194153206169911 0.019941544336068637 -0.026525508409413874 -0.034874598690739049 -0.020206569220431955 0.0072879790676961004 0.06215039918004063 0.02109983647025972 -0.005416181312620008
leaf_weight=31800.715957120061 2366.844906412065 2227.5145980007946 3335.0354929864407 134.88220160827041 1273.4957811683416 54.526389315724373 5808.6505080386996 900.39017423987389 6672.7308249920607 767.91640861332417 1534.3855146616697 3297.2108042836189 600.15970017388463 73.696060746908188 187.56292296200991 1048.7845882028341 455.90114825218916 763.70009564235806 83.371115885674953 1153.2367390580475 97.63312666118145 4256.8370223417878 369.41037131100893
leaf_count=21293 3457 7829 4323 685 2042 231 107254 3233 5516 9032 6049 3413 7909 313 1283 2722 2231 11005 707 3914 361 7432 899
internal_value=0.0310819 -0.000989509 0.0442249 -0.0191093 0.0312711 0.00490873 -0.0302595 0.011031 0.0394112 -0.00205245 0.0172561 0.049404 -0.00744664 0.0172269 -0.0345064 0.0202831 0.0058626 -0.0265319 0.0196713 0.0220145 0.0115701 0.023386 0.0189825
internal_weight=69264.6 20134 49130.6 10101.8 14032.7 3202.81 6899.01 4024.92 10007.8 902.799 10032.2 35097.9 1500.55 2301.21 5996.21 8497.78 1504.69 901.598 137.898 2524.37 1250.87 6993.09 4626.25
internal_count=213133 161129 52004 138339 27298 20085 118254 17459 9839 9717 22790 24706 11142 8142 108537 16741 4953 11943 938 6317 4275 11788 8331
is_linear=0
shrinkage=0.0409094


Tree=33
num_leaves=24
num_cat=0
split_feature=6 18 18 5 14 14 10 15 6 14 15 13 6 13 10 9 11 14 10 15 19 4 14
split_gain=7714.14 2646.97 1789.83 1234.92 718.302 569.413 470.77 388.941 374.181 280.399 214.853 214.511 188.078 147.443 202.01 146.182 146.285 144.103 139.82 141.485 148.421 138.769 125.51
threshold=-0.097879404469806766 -0.78999305632329953 1.300275000967219 -0.011346206042245991 -0.0067385546843319955 -0.0067385551212344593 -0.0061221831435969059 -0.092465814162035906 -0.094159630088816018 -0.0067385547037186648 -0.092481802335226085 -0.35112230218537444 -0.094720255501935705 -0.40862104955885303 -0.0061134000177400531 -0.0035525858785181883 -0.0021661431345545695 -0.0067385077800328147 -0.0061199567147338018 -0.091613335553555927 -0.77605619080686006 -0.25852149047547374 -0.0067383900644206315
decision_type=2 2 2 2 2 2 2 2 2 2 2 2 2 2 2 2 2 2 2 2 2 2 2
left_child=1 5 3 4 11 15 -6 10 9 -2 -7 -3 -11 14 -9 16 -1 -14 -4 -20 -21 -5 -19
right_child=8 2 18 21 6 7 -8 13 -10 12 -12 -13 17 -15 -16 -17 -18 22 19 20 -22 -23 -24
leaf_value=0.013690626516626963 0.022858391648901633 0.042177707159093934 0.0099367222563188987 -0.036953608648697733 -0.011361703516629702 -0.03589364900582704 0.03199733319151022 -0.014756389489633046 -0.030517543387903832 -0.031339334400531348 0.033856938900964126 0.0099633121529400393 -0.0095821085669132028 -0.043639940510840462 0.017061542682043247 -0.024348930349114704 0.026779779079917743 0.12621319358199792 -0.022165055162703395 -0.029200141503671114 0.042846050840463785 0.0017020352679041307 -0.043675151843327292
leaf_weight=2572.6700608916581 435.05378369614482 40535.755062296987 658.2410972751677 188.99032982811332 435.4160014949739 84.78939275816083 11169.150871291757 1458.9828919805586 3150.2698929868639 481.32164451852441 575.90563383698463 348.91411695256829 64.3159219622612 209.5445969030261 433.07103722542524 121.67257416248322 3214.3436984978616 32.368426755070686 794.12306302040815 76.306482624262571 128.34045828133821 875.0195230692625 9.3887525722384435
leaf_count=5969 3054 46705 4702 2480 2826 620 26146 14463 64844 7771 1239 1593 877 3863 3393 1058 6442 25 8945 961 1179 3778 200
internal_value=0.0303527 0.0338729 0.037173 0.0384687 0.0393532 0.0128599 0.0303705 -0.00247257 -0.0235384 -0.002035 0.0249056 0.0419028 -0.0204723 -0.0110796 -0.0074736 0.0200278 0.0209609 0.0288385 -0.00470142 -0.0143487 0.0159823 -0.00516401 0.0880152
internal_weight=68054 63881.2 55210.3 53553.2 52489.2 8670.98 11604.6 2762.29 4172.72 1022.45 660.695 40884.7 587.395 2101.6 1892.05 5908.69 5787.01 106.073 1657.01 998.77 204.647 1064.01 41.7572
internal_count=213133 136362 99315 83528 77270 37047 28972 23578 76771 11927 1859 48298 8873 21719 17856 13469 12411 1102 15787 11085 2140 6258 225
is_linear=0
shrinkage=0.0409094


Tree=34
num_leaves=24
num_cat=0
split_feature=1 0 2 0 1 9 14 2 1 18 7 0 0 0 4 4 1 2 15 6 11 7 0
split_gain=16250 3191.68 2030.72 1107.49 866.202 544.003 445.304 416.587 380.397 316.87 453.743 294.831 273.759 241.857 240.884 198.111 189.476 157.459 164.057 155.331 143.763 155.421 128.901
threshold=-0.12739441848831268 -5.6625746886026619e-05 -0.52877492243014679 -5.6625746886026619e-05 -0.11056995821852859 -0.0035525889851384163 -0.0067385554527745932 -0.47713893644974209 -0.11629525632922384 -0.79031510490574053 -0.51963850798025935 -0.0079817216099404512 -5.6625746886026619e-05 -0.00082910307913860624 -0.16458673060116605 0.22680810220844957 -0.057293433173719176 -0.44907511541014089 -0.092469278011871867 -1.0631789755419392 -0.0021661431162726601 1.9250741382824443 -5.6584454094238657e-05
decision_type=2 2 2 2 2 2 2 2 2 2 2 2 2 2 2 2 2 2 2 2 2 2 2
left_child=2 4 12 5 7 17 8 20 -3 10 -9 16 -1 -11 -5 -7 -6 -4 -19 -18 21 -2 -14
right_child=1 6 3 14 11 15 -8 9 -10 13 -12 -13 22 -15 -16 -17 19 18 -20 -21 -22 -23 -24
leaf_value=0.04930254490309912 0.017628606757798215 0.0013423084023360939 0.026292922221100801 -0.013915385957559577 0.13941799428180612 0.027976188705887046 -0.034768798158125697 0.026056545268522354 -0.03970032477673089 0.041684755438723964 -0.0011484380066301666 -0.023602973962936386 0.025567230396931304 -0.0059950547017475452 0.015118801285636072 0.043735735375638435 0.10619920163506671 0.02616275607943945 -0.0093926617644820454 -0.024066181817809597 0.029932523983403944 -0.035480523309506802 0.042808820014064004
leaf_weight=29962.841099172831 2925.3420313894749 1316.2041236646473 3376.656215146184 954.22572829946876 27.781992122530937 1693.9815210700035 3961.2878941372037 2298.320192784071 530.16064026206732 189.16794332116842 1853.4574352353811 1522.5026284605265 1130.0995841920376 3028.6456665322185 958.69658638909459 6298.7933595255017 21.670253664255142 399.30645481497049 476.18295610696077 52.275017090141773 2078.8807759210467 95.219934374094009 2027.8467431664467
leaf_count=20936 6526 8723 4994 8489 96 2688 81965 3993 11460 959 11132 18134 1419 13868 3654 5454 74 723 1732 601 3269 329 1915
internal_value=0.0294981 -0.00151377 0.0425519 0.029584 0.00900321 0.0341064 -0.027035 0.0126637 -0.0104426 0.00644354 0.0139116 -0.0190977 0.0480951 -0.00319207 0.000635637 0.0403957 0.0483313 0.0222844 0.00682399 0.0141091 0.0216528 0.0159544 0.0366388
internal_weight=67179.5 19900.9 47278.6 14157.8 14093.3 12244.9 5807.65 12469 1846.36 7369.59 4151.78 1624.23 33120.8 3217.81 1912.92 7992.77 101.727 4252.15 875.489 73.9453 5099.44 3020.56 3157.95
internal_count=213133 161129 52004 27734 58981 15591 102148 40076 20183 29952 15125 18905 24270 14827 12143 8142 771 7449 2455 675 10124 6855 3334
is_linear=0
shrinkage=0.0409094


Tree=35
num_leaves=24
num_cat=0
split_feature=3 0 7 7 0 5 3 3 5 0 0 3 6 0 3 6 3 5 3 11 14 0 10
split_gain=10509.9 3417.09 960.842 783.576 726.547 576.329 564.219 490.96 328.965 317.914 295.125 200.532 199.57 193.664 185.132 329.161 167.754 165.115 153.463 131.898 129.484 117.422 116.216
threshold=-0.097029791248490718 -5.6625746886026619e-05 -0.51963850798029876 -0.51963850798029909 -5.6840003915595974e-05 -0.011345098757106148 -0.092466807580416935 -0.09718566186629525 -0.011346206042245991 -7.1850033705872781e-05 -5.9263938324866081e-05 -0.092625991859514603 -0.19760049415862774 -0.00065067519010052319 -0.097197621493632688 -0.098933600298869259 -0.09719997090468592 -0.010215165459958266 -0.094473170534227782 -0.0021661430584207272 -0.0067385077800328147 -6.8907421553727211e-05 -0.0061120237128725685
decision_type=2 2 2 2 2 2 2 2 2 2 2 2 2 2 2 2 2 2 2 2 2 2 2
left_child=2 3 4 5 7 10 11 17 9 -9 13 12 -3 -2 -6 -16 -4 21 -12 -10 -14 -1 -17
right_child=1 6 16 -5 14 -7 -8 8 19 -11 18 -13 20 -15 15 22 -18 -19 -20 -21 -22 -23 -24
leaf_value=0.046274400481254939 0.026565754576321331 0.085715852046694033 0.012896609822892497 -0.02696424178844678 0.030013626537983312 -0.026390728451576553 -0.032606784976774009 0.037348412682881582 -0.044381372447528419 0.014246756456472736 -0.013901528333618029 0.02322543769596231 -0.016758540653841206 0.013025892253121318 0.024291677515263042 -0.032704963870485708 -0.030823729940129812 -0.034988622036966732 0.039654272534532319 0.021699699186202789 0.019509928252675588 0.041412948978353799 0.030522517785503377
leaf_weight=16968.319123700261 2455.495569229126 34.518733225762844 1581.8455469533801 700.91787924617529 3986.8123952075839 474.82104459777474 3794.2060008607805 6602.7775486707687 126.39227466285229 1174.2376623749733 95.518690079450607 315.50398004427552 1828.621846396476 6313.8794507905841 1011.27733515203 286.63241851702332 161.91045968979597 44.470271348953247 1431.5909217596054 84.245011977851391 181.05383460223675 16305.143895208836 58.598448418080807
leaf_count=13517 11617 151 3669 8313 4988 4586 84616 7919 594 2470 468 1311 20667 24401 2088 1624 1493 125 1495 142 1777 14983 119
internal_value=0.0288013 0.00175553 0.0386523 0.014948 0.0397668 0.0176753 -0.022838 0.041603 0.032494 0.0338603 0.0197074 -0.00713064 -0.0118158 0.0168172 0.0255718 0.0125174 0.00883711 0.0437868 0.0363044 -0.0179521 -0.0134911 0.0438921 -0.0219729
internal_weight=66018.8 17626.1 48392.7 11472.2 46648.9 10771.3 6153.9 41305.6 7987.65 7777.02 10296.5 2359.7 2044.19 8769.38 5343.32 1356.51 1743.76 33317.9 1527.11 210.637 2009.68 33273.5 345.231
internal_count=213133 159402 53731 50880 48569 42567 108522 39750 11125 10389 37981 23906 22595 36018 8819 3831 5162 28625 1963 736 22444 28500 1743
is_linear=0
shrinkage=0.0409094


Tree=36
num_leaves=24
num_cat=0
split_feature=1 3 2 2 3 1 2 0 4 0 3 0 3 0 4 3 6 0 0 1 0 6 18
split_gain=15175.8 3077.97 2059.5 1408.91 1170.82 590.694 478.802 445.768 292.43 275.25 268.231 443.156 258.685 238.941 228.344 221.289 190.668 187.288 185.481 168.516 150.678 146.949 143.849
threshold=-0.12739441848831268 -0.097015304845882222 -0.52877492243014679 -0.47939298520613782 -0.097129198757806803 -0.10984175098452074 -0.47386698996576421 -0.00073202372971293856 0.24246389552083417 -5.6625746886026619e-05 -0.097202190880787451 -8.2813437586177235e-05 -0.096053596209311184 0.0001046014902731624 0.712137694892373 -0.090524453475451058 -0.63342620934240801 -6.8907421553727211e-05 -0.0012907192364854843 -0.064560220837497448 -0.00015284160656288095 -0.1030185767288699 -0.78993079378050146
decision_type=2 2 2 2 2 2 2 2 2 2 2 2 2 2 2 2 2 2 2 2 2 2 2
left_child=2 10 9 5 8 15 20 12 -4 -1 17 -12 21 -8 -9 -3 -14 -2 19 -7 -6 -5 -19
right_child=1 3 4 7 6 18 13 14 -10 -11 11 -13 16 -15 -16 -17 -18 22 -20 -21 -22 -23 -24
leaf_value=0.048051846384499171 0.030408692929572854 0.012020553974960267 0.026771313335752684 0.064853220462330427 0.031957421148560122 0.066888453091378045 0.0031981975302365819 -0.035273563028364985 0.042136810609368094 0.035180902656708805 0.017657326123847666 -0.011374350155971987 0.065424840036756304 -0.03268093006021932 0.010709894367200061 0.07682836298597652 -0.017695018336344921 0.017017919928777953 -0.033832838247178747 -0.022975687908543804 0.013056363840809772 -0.049292505058229873 -0.0074036514818504161
leaf_weight=28524.175908699632 1739.1927070170641 2225.4008028320968 3243.9018800258636 122.50786866992712 1405.2452627271414 63.594777144491673 1619.0453933104873 5389.7079666554928 5742.2229861617088 3081.0533626526594 2012.4995619282126 1563.643735229969 49.36255794018507 384.38719840347767 187.0012601390481 91.814062543213367 717.81224983558059 4200.6639226600528 707.99849491193891 77.46097319945693 1418.2894548512995 22.313091136515141 446.56247517466545
leaf_count=20936 2310 7744 4118 506 1954 267 6615 107254 4949 3334 4537 7169 286 6277 1283 398 8746 7730 11005 671 3821 179 1044
internal_value=0.0280504 -0.00201843 0.041038 -0.0184789 0.0278608 0.00389257 0.0116101 -0.0293955 0.03659 0.0467971 0.0139339 0.00496343 -0.0028805 -0.00368573 -0.0337316 0.0145884 -0.0123468 0.0189569 -0.0252982 0.0175394 0.0224632 0.0472664 0.0146712
internal_weight=65035.9 19617.5 45418.3 9654.97 13813.1 3166.27 4826.97 6488.7 8986.12 31605.2 9962.56 3576.14 911.996 2003.43 5576.71 2317.21 767.175 6386.42 849.054 141.056 2823.53 144.821 4647.23
internal_count=213133 161129 52004 138339 27734 20085 18667 118254 9067 24270 22790 11706 9717 12892 108537 8142 9032 11084 11943 938 5775 685 8774
is_linear=0
shrinkage=0.0409094


Tree=37
num_leaves=24
num_cat=0
split_feature=1 6 2 1 4 7 4 2 2 9 2 9 1 10 6 1 10 13 6 10 1 1 11
split_gain=14392.7 2195.06 2050.07 1063.44 951.521 653.685 378.83 377.113 322.677 257.641 254.427 253.191 222.953 181.346 166.616 184.778 146.284 138.946 130.07 114.083 105.157 97.7464 94.0246
threshold=-0.12739441848831268 -0.098542018898359604 -0.52877492243014679 -0.11056995821852859 0.22680810220844957 1.9250742839987212 -0.1489309372887814 -0.43532038040265569 -0.52307487581226619 -0.0035525889851384163 -0.47490893874519807 -0.0035525888032966317 -0.14307687092456337 -0.006088614002939423 -0.16281078596880991 -0.057293433173719176 -0.006084093937624489 -0.41100100782144083 -1.0631789755419392 -0.0061221831435969059 -0.12702988015648034 -0.12742917065119727 -0.0021661408888266633
decision_type=2 2 2 2 2 2 2 2 2 2 2 2 2 2 2 2 2 2 2 2 2 2 2
left_child=2 3 -1 5 7 6 10 19 13 -6 -2 -8 -9 -3 15 17 -15 -5 -17 -4 -10 -21 -7
right_child=1 8 4 14 9 22 11 12 20 -11 -12 -13 -14 16 -16 18 -18 -19 -20 21 -22 -23 -24
leaf_value=0.046101611720215332 0.011929118667875931 0.0027013435291565425 -0.022431414522896716 0.041174279944783281 0.014014826145763038 -0.039734306202352396 0.020825548556202687 -0.030361357049000844 0.0071427236043610101 0.040002034524507728 -0.0038214036262942037 0.0012833822054228491 0.0066429091033169347 0.25554185041311406 -0.031744084749446642 0.039076242186510471 -0.046926491737489459 -0.045115193475015761 -0.034187796649402101 0.01978993566850858 -0.037715444825370564 0.035114472610153484 0.053256436341711733
leaf_weight=30786.774502560496 3075.5635395497084 261.88649893179536 96.3159398175776 169.5719137378037 709.20636282116175 512.16513953730464 5324.9286770559847 339.89810412749648 90.16602473333478 6401.6335994228721 3883.9372037835419 1401.611644949764 1374.1007194966078 8.6549042686820012 1390.2292948439717 47.225979164242744 3.8736612871289244 38.280693590641022 287.08282387629151 3877.4432644285262 2912.7661675848067 849.12834023684263 18.867739021778107
leaf_count=24270 8208 1894 500 1491 1306 10633 11446 4952 392 6349 22597 6681 4368 18 21449 414 54 537 4320 9352 70906 907 89
internal_value=0.0274096 -0.00196257 0.0402511 0.00423224 0.0270533 0.00810253 0.00983046 0.0157871 -0.0324881 0.0374102 0.00313911 0.0167535 -0.000695299 0.00997525 -0.0242425 -0.00500654 0.162023 0.0252821 -0.0238382 0.0216448 -0.0363685 0.022543 -0.0364303
internal_weight=63861.3 19426.8 44434.5 16149.5 13647.7 14217.1 13686 6536.89 3277.35 7110.84 6959.5 6726.54 1714 274.415 1932.39 542.161 12.5286 207.853 334.309 4822.89 3002.93 4726.57 531.033
internal_count=213133 161129 52004 87865 27734 59654 48932 20079 73264 7655 30805 18127 9320 1966 28211 6762 72 2028 4734 10759 71298 10259 10722
is_linear=0
shrinkage=0.0409094


Tree=38
num_leaves=24
num_cat=0
split_feature=2 3 0 0 18 0 3 2 2 2 4 2 5 18 2 4 6 0 3 18 7 8 4
split_gain=11117.2 5790.79 1421.38 710.226 551.881 545.033 537.436 522.681 293.368 230.155 214.395 223.426 197.23 195.195 178.261 175.27 175.115 164.65 137.274 128.543 117.577 124.348 127.84
threshold=-0.51607446867247353 -0.097129198757806803 -5.6625746886026619e-05 -5.6840003915595974e-05 -0.78999800180100987 -9.8677616504755575e-05 -0.097210472162097911 -0.47279222656252756 -0.54093891007862005 -0.43640483359464965 0.57123555508091139 -0.28878607214202029 -0.011346206042245991 -0.7899790861138839 -0.53915681580787889 -0.19589831722593529 -0.098622016991765857 -0.001019991535823758 -0.097202190880787451 -0.78994631611033905 1.9210988525397583 0.11758956865053562 0.21115230889606493
decision_type=2 2 2 2 2 2 2 2 2 2 2 2 2 2 2 2 2 2 2 2 2 2 2
left_child=3 5 7 4 -1 12 13 17 -6 15 11 -9 -2 -7 20 -4 -8 -3 -18 -15 -5 -22 -23
right_child=1 2 9 14 8 6 16 10 -10 -11 -12 -13 -14 19 -16 -17 18 -19 -20 -21 21 22 -24
leaf_value=0.02367786495703918 0.038509341915576041 0.03434593747800694 -0.030522107416924252 0.032405360240933358 0.047044178049398949 0.017054737263356236 0.010256169821074123 -0.0091373380093164001 0.036418967439758781 -0.038012032692714179 0.01529767490674358 -0.032115297259186867 -0.0088876664783695877 0.045193189632893697 0.011757735468548726 -0.0044917945682033016 0.0079716485212461882 0.0069520434761786432 -0.027228903082514799 0.027244766371589103 -0.039401217545333517 -0.029500429425720513 0.073209494889220031
leaf_weight=2157.0888646543026 4081.7305546104908 434.63978677615523 1021.7234181910753 3862.661004524678 23993.967250071466 2898.7818413823843 1915.3065031692386 3347.5619078204036 5311.7084060609341 3064.3992051631212 463.7207683250308 898.22656646743417 152.41935652494431 840.27873913943768 1012.0956061556935 751.19062732905149 313.16243218630552 2366.4750419966877 454.50343856215477 3253.1801550835371 80.141181334853172 33.994115762412548 50.275356069207191
leaf_count=3148 4342 1590 20582 5093 18802 5463 4136 26040 6114 76470 1443 11208 350 673 3731 8279 670 8132 2213 4085 374 147 48
internal_value=0.0267614 0.0064605 -0.0139298 0.0413647 0.0436484 0.0245618 0.0192047 -0.00279082 0.0451183 -0.0312246 -0.0111138 -0.0139985 0.0368032 0.0251772 0.0271059 -0.019493 0.00363943 0.0112027 -0.0128692 0.0309291 0.0309632 -0.00291871 0.0317765
internal_weight=62759.2 26257.3 12347.9 36501.9 31462.8 13909.4 9675.21 7510.62 29305.7 4837.31 4709.51 4245.79 4234.15 6992.24 5039.17 1772.91 2682.97 2801.11 767.666 4093.46 4027.07 164.411 84.2695
internal_count=213133 175676 153744 37457 28064 21932 17240 48413 24916 105331 38691 37248 4692 10221 9393 28861 7019 9722 2883 4758 5662 569 195
is_linear=0
shrinkage=0.0409094


Tree=39
num_leaves=24
num_cat=0
split_feature=2 3 0 0 4 2 7 2 0 0 3 4 2 3 0 2 4 2 4 3 0 17 4
split_gain=10591.7 5386.47 1221.58 711.003 591.519 486.931 308.243 313.158 294.75 258.007 257.86 225.099 223.567 222.04 313.66 170.686 159.552 154.566 150.059 128.552 139.204 115.64 113.888
threshold=-0.51607446867247353 -0.097092518879447351 -5.6625746886026619e-05 -5.6840003915595974e-05 -0.10196355735162756 -0.44070562128338414 -0.51963850798029876 -0.54093891007862005 -7.615582961114266e-05 -0.001019991535823758 -0.097210472162097911 0.712137694892373 -0.43745719759597834 -0.09719997090468592 -9.260415264723518e-05 -0.53915681580787889 -0.19589831722593529 -0.28878607214202029 -0.19589831722593529 -0.09718566186629525 -0.00015284160656288095 2.181737698954298 0.41467762195706509
decision_type=2 2 2 2 2 2 2 2 2 2 2 2 2 2 2 2 2 2 2 2 2 2 2
left_child=3 4 5 6 13 9 7 -1 19 -3 -10 17 16 -2 -15 -5 -4 -7 -11 -6 -21 -13 -9
right_child=1 2 12 15 8 11 -8 22 10 18 -12 21 -14 14 -16 -17 -18 -19 -20 20 -22 -23 -24
leaf_value=0.045229023826244878 0.017832916662517666 0.028281372504306224 -0.029700026233542447 0.030091850325398999 0.04039941784388993 -0.013202005109917262 -0.0043528272322301536 0.029873552534775631 0.026822562649378261 -0.011537305285150542 0.0032485461370735684 0.014860743381270339 -0.037800381196199384 0.018511373427571434 -0.015947006931169527 0.011275226491571172 -0.0039747023178758022 -0.034409998368476448 0.0074336147142937568 0.035830218649205457 0.0079145527268599334 0.16834263301368885 0.042019257986588725
leaf_weight=24967.416302531958 3586.7298800870776 707.3027645200491 973.36810886114836 3975.2300474755466 3411.8142074942589 1937.813388928771 229.05751726031303 3430.4107576087117 3513.2358190268278 1065.2505052909255 996.88407703489065 260.7127909809351 2945.2131079137325 829.48724181205034 946.6156631745398 1012.2279644794762 689.15818984806538 817.85358532518148 2022.9496543742716 779.88592389971018 484.78536421060562 8.4829502552747709 2072.7467049360275
leaf_count=20904 6193 3236 20170 5662 3253 17479 560 4705 4803 7275 2645 873 76550 1619 3944 3731 7929 10934 6852 934 976 11 1895
internal_value=0.0261337 0.00626152 -0.0147575 0.0405991 0.0227713 -0.00376398 0.0429265 0.0432819 0.0290736 0.00599425 0.0216119 -0.0160083 -0.0310301 0.0119752 0.000145972 0.0262729 -0.0190362 -0.0194963 0.000889744 0.0362699 0.0251293 0.0196973 0.0344482
internal_weight=61664.6 25977.5 11428.1 35687.1 14549.4 6820.37 30699.6 30470.6 9186.61 3795.5 4510.12 3024.86 4607.74 5362.83 1776.1 4987.46 1662.53 2755.67 3088.2 4676.49 1264.67 269.196 5503.16
internal_count=213133 175676 151309 37457 24367 46660 28064 27504 12611 17363 7448 29297 104649 11756 5563 9393 28099 28413 14127 5163 1910 884 6600
is_linear=0
shrinkage=0.0409094


Tree=40
num_leaves=24
num_cat=0
split_feature=1 3 2 2 3 0 1 2 0 4 0 0 1 4 3 3 2 2 0 14 10 0 2
split_gain=12826.9 2366.61 1945.22 1248.77 979.288 545.362 535.03 401.685 303.639 276.4 230.277 206.618 193.368 188.522 184.59 179.848 197.723 177.962 151.014 143.641 137.721 135.323 130.878
threshold=-0.12739441848831268 -0.097151760142345153 -0.53083101620784445 -0.47713893644974209 -0.097129198757806803 -0.0001482787713756556 -0.10984175098452074 -0.49524683043493539 -5.6625746886026619e-05 0.24246389552083417 -0.00018481105558993411 -6.2631666104413073e-05 -0.12188066304841072 0.75910507482952683 -0.090524453475451058 -0.097220577627033081 -0.47279222656252756 0.14464989734265568 -0.0012907192364854843 -0.0067377179599206636 -0.0061221770126214884 -0.0079817216099404512 -0.54397770153735781
decision_type=2 2 2 2 2 2 2 2 2 2 2 2 2 2 2 2 2 2 2 2 2 2 2
left_child=2 11 8 6 9 12 14 -6 -1 -4 -9 -2 -5 -7 22 -13 -17 -18 19 -8 -10 -14 -3
right_child=1 3 4 5 7 13 18 10 20 -11 -12 15 21 -15 -16 16 17 -19 -20 -21 -22 -23 -24
leaf_value=0.045784746808257427 0.021537305593084359 0.022465800763043536 0.024283226353040227 0.0085477865932200112 0.023832741170523798 -0.035860873159002667 0.0054689906354737439 0.014503086568651348 -0.037289417706632355 0.039357701596938535 -0.0098062708975992612 0.015584269085021099 0.029667197382735638 0.0080871737468872513 0.066402360825091447 0.01750764980831122 -0.026645117695888926 0.0033324188713251086 -0.033211676433494187 0.26745277340507018 0.03287353853603904 -0.020057218566043717 0.0038042457628893111
leaf_weight=25227.576964363456 3589.0417879521847 898.22726893424988 3250.2689984589815 679.94306528195739 2190.7132379934192 4240.062948724255 149.37440242245793 1111.2183453515172 47.614921137690544 5447.2242067158222 1578.6071168221533 2582.7756416648626 97.101957559585571 169.89917182922363 98.18684046715498 666.16651851683855 587.58440485224128 760.21377474069595 708.19744789972901 3.5865719988942137 2804.4148250073195 1615.5379549264908 2098.0247167721391
leaf_count=20595 5789 1675 4241 3114 3704 96396 991 3186 135 5055 11972 4589 904 1132 420 1204 2042 2339 11752 8 3116 20558 8216
internal_value=0.0255151 -0.00239461 0.0382071 -0.0150075 0.0254944 -0.0256358 0.0032704 0.010828 0.0443544 0.0337243 0.00023639 0.0141818 -0.00990998 -0.0341677 0.0112074 0.00843876 -0.000724886 -0.00973655 -0.02525 0.0116119 0.0317022 -0.017238 0.00939867
internal_weight=60601.6 18943.9 41657.6 10758.1 13578 6802.55 3955.6 4880.54 28079.6 8697.49 2689.83 8185.78 2392.58 4409.96 3094.44 4596.74 2013.96 1347.8 861.158 152.961 2852.03 1712.64 2996.25
internal_count=213133 161129 52004 145166 28158 122104 23062 18862 23846 9296 15158 15963 24576 97528 10311 10174 5585 4381 12751 999 3251 21462 9891
is_linear=0
shrinkage=0.0409094


Tree=41
num_leaves=24
num_cat=0
split_feature=1 3 2 2 3 1 0 2 0 4 0 10 3 0 2 10 4 3 0 1 0 10 2
split_gain=12170.1 2217.45 1940.4 1067.81 938.543 452.841 432.636 377.958 310.45 256.517 253.339 243.739 270.131 273.034 197.847 242.624 175.283 167.474 154.182 140.198 130.405 147.912 127.743
threshold=-0.12739441848831268 -0.097015304845882222 -0.53083101620784445 -0.47939298520613782 -0.097151760142345153 -0.10984175098452074 -0.00043496517294298528 -0.49524683043493539 -5.6625746886026619e-05 0.39902182864468044 -0.00018481105558993411 -0.0061205638350319514 -0.097202190880787451 -8.9000468441561794e-05 -0.32829896836400968 -0.0061204492770312409 0.712137694892373 -0.088715414409644436 -0.0012907192364854843 -0.064560220837497448 -5.6584454094238657e-05 -0.0061221770126214884 -0.48503599241118694
decision_type=2 2 2 2 2 2 2 2 2 2 2 2 2 2 2 2 2 2 2 2 2 2 2
left_child=2 11 8 5 9 17 14 -6 -1 -4 -9 12 -2 22 15 -5 -8 -3 19 -7 21 -10 -14
right_child=1 3 4 6 7 18 16 10 20 -11 -12 -13 13 -15 -16 -17 -18 -19 -20 -21 -22 -23 -24
leaf_value=0.045227190217610513 0.010135201714309025 0.009195733749049681 0.024664080882403093 0.041985968188962997 0.023444786842752016 0.056080501922245792 -0.034808465971021191 0.015777468172172994 -0.080548659625653371 0.039429146315119783 -0.008776700551054839 0.016400947360758755 0.029208057956831821 -0.031509013680790947 -0.039663197641744634 -0.0081541286415953689 0.0075943901105473537 0.06798494896446837 -0.032803452250328671 -0.023724909901288043 0.037485493903801216 0.021581608537306177 -0.010798970434051584
leaf_weight=24508.715493038297 2816.5649053603411 2243.128149677068 3316.1881380975246 203.27896511554718 2353.2887355536222 68.907540634274483 4409.8263591658324 1199.161192394793 24.316290527582169 4848.0666135400534 1700.4120954237878 5845.6336274929345 254.44074416160583 630.98968010768294 234.25418271124363 786.11829504370689 169.42146696522832 84.137809906154871 655.92367298342288 79.164216410368681 1797.4208579957485 988.20059014856815 281.17433458566666
leaf_count=20595 5599 7829 4258 1509 3904 267 102841 3264 91 4505 12227 11445 382 4320 3837 8861 1206 313 11005 671 1852 1308 1044
internal_value=0.0249365 -0.00232524 0.0374933 -0.0170763 0.024753 0.00217706 -0.0274654 0.011264 0.0437505 0.0334318 0.00137804 0.0110831 0.00327878 -0.0132749 -0.00585666 0.00214752 -0.0332397 0.0113211 -0.0242916 0.0134138 0.030871 0.0191289 0.00820613
internal_weight=59498.7 18763 40735.8 8934.16 13417.1 3131.26 5802.9 5252.86 27318.7 8164.25 2899.57 9828.8 3983.17 1166.6 1223.65 989.397 4579.25 2327.27 803.995 148.072 2809.94 1012.52 535.615
internal_count=213133 161129 52004 138339 28158 20085 118254 19395 23846 8763 15491 22790 11345 5746 14207 10370 104047 8142 11943 938 3251 1399 1426
is_linear=0
shrinkage=0.0409094


Tree=42
num_leaves=24
num_cat=0
split_feature=1 3 2 2 3 0 2 0 1 3 0 4 3 1 0 11 15 0 18 11 2 2 10
split_gain=11550.7 2072.5 1935.24 973.947 901.505 488.075 345.614 317.39 306.401 282.092 394.662 269.384 248.082 214.44 194.046 189.948 204.851 189.057 195.825 177.537 173.421 159.986 132.194
threshold=-0.12739441848831268 -0.096830580272352265 -0.53083101620784445 -0.49524683043493539 -0.097129198757806803 -0.00077931723282240184 -0.49524683043493539 -5.6625746886026619e-05 -0.080206205588965643 -0.097151760142345153 -9.260415264723518e-05 0.24246389552083417 -0.096053596209311184 -0.12603305163567494 -0.00018481105558993411 -0.002166143175129958 -0.091265232704197188 -6.2631666104413073e-05 -0.78992302910182988 -0.0021661431969176837 -0.43532038040265569 -0.43429930636450603 -0.0061201538984015846
decision_type=2 2 2 2 2 2 2 2 2 2 2 2 2 2 2 2 2 2 2 2 2 2 2
left_child=2 9 7 8 11 12 -6 -1 15 17 13 -4 -5 20 -8 -3 -17 -2 -19 21 -11 -7 -14
right_child=1 3 4 5 6 19 14 -9 -10 10 -12 -13 22 -15 -16 16 -18 18 -20 -21 -22 -23 -24
leaf_value=0.044688015481949984 0.020230631161785844 -0.022269324627578056 0.02276312434472344 0.055144214062822577 0.022129844643017749 0.22691138866513377 0.013204380182212105 0.030054681381401181 -0.030377162384174539 0.037547264544719926 -0.021963708434550627 0.037854047671917912 0.026264538594435415 -0.0032761282415924311 -0.0091175396279803231 0.011945274148782886 0.065309957726821924 0.009675263717838594 -0.028000775657903286 -0.033035105256055089 -0.01247809024045018 -0.010135427417633621 -0.016402966648099392
leaf_weight=23804.290656909347 3566.6483083292842 247.1101794950664 3189.1074626296759 120.16126698255539 2168.7740987241268 8.2907642964273709 1116.0348420441151 2769.1392246484756 352.76737865060568 563.65771957486868 1031.1687315292656 5219.8987985104322 151.11594240739942 841.64062289148569 1566.7251476757228 1506.9121805988252 130.83888036385179 4337.6811409145594 243.85825857520103 4713.5956657491624 146.02024332433939 11.204614853486417 620.59487633034587
leaf_count=20595 5789 1533 4241 558 3704 67 3186 3251 5276 911 7819 5055 1317 3766 11972 4857 445 9285 889 109923 559 219 7916
internal_value=0.0243663 -0.00225741 0.0367934 -0.0182134 0.0240288 -0.0272945 0.00998581 0.0431631 0.00461494 0.00943386 -0.00234807 0.0321308 0.000465977 0.0106905 0.000168435 0.011164 0.0162085 0.013168 0.00766991 -0.0325256 0.0272543 0.090673 -0.00804784
internal_weight=58427.2 18593.3 39834 7862.59 13260.5 5624.96 4851.53 26573.4 2237.63 10730.7 2582.49 8409.01 891.872 1551.32 2682.76 1884.86 1637.75 8148.19 4581.54 4733.09 709.678 19.4954 771.711
internal_count=213133 161129 52004 132111 28158 120000 18862 23846 12111 29018 13055 9296 9791 5236 15158 6835 5302 15963 10174 110209 1470 286 9233
is_linear=0
shrinkage=0.0409094


Tree=43
num_leaves=24
num_cat=0
split_feature=1 3 0 3 3 3 0 0 3 1 5 0 1 5 1 7 6 0 3 15 9 4 0
split_gain=10963.4 1952.59 1124.3 731.649 562.108 470.727 530.906 384.594 331.818 330.7 194.667 175.996 167.269 161.934 157.616 227.89 154.364 150.275 138.066 128.921 127.64 126.721 120.273
threshold=-0.12739441848831268 -0.092625813012696845 -5.6625746886026619e-05 -0.097151760142345153 -0.097129198757806803 -0.092625991859514603 -0.00010321478613721349 -0.00055352980687863203 -0.09179171081572228 -0.12555815709796841 -0.011344740219558646 -6.8907421553727211e-05 -0.12741784610364168 -0.010215165459958266 -0.057293433173719176 1.9250745754312744 -1.0631789755419392 -0.0079817216099404512 -0.097220577627033081 -0.092467424037186122 -0.0035525889475664621 -0.11761935066401218 -5.6584454094238657e-05
decision_type=2 2 2 2 2 2 2 2 2 2 2 2 2 2 2 2 2 2 2 2 2 2 2
left_child=2 3 4 11 12 6 9 14 22 -5 -6 -2 13 -1 15 17 -16 -3 -13 -8 -20 -7 -4
right_child=1 7 8 5 10 21 19 -9 -10 -11 -12 18 -14 -15 16 -17 -18 -19 20 -21 -22 -23 -24
leaf_value=0.042241764170584999 0.020794303428884962 0.098613586785659096 0.012471442551899158 0.01997429176056971 0.029557041959984039 0.0042404270701859167 -0.007287301228265302 -0.036007471963620724 -0.0088760230990623662 -0.0083557199881423277 -0.016316243915814464 0.014620219442431656 0.027794858192337502 -0.045999135276638556 0.06205184397587872 -0.043371920692384137 -0.030154522557619783 0.018747283373669408 0.0042692868227776435 -0.029880996494269056 -0.027467990029286755 0.032851766031785724 0.027339090765578316
leaf_weight=25607.623470559716 2874.4920859262347 46.221833169460297 1460.5654033869505 1010.4808889478445 7129.9577125161886 482.48141602799296 545.77507820352912 2852.6477506607771 699.19623486325145 2171.4532368704677 158.25356562435627 2715.0751871839166 1440.4154313951731 34.852550640702248 33.198546037077904 89.903990987688303 358.62946653366089 268.2565094307065 2308.9483877308667 1873.7754811327904 233.52558652311563 559.49604658782482 2418.3767730742693
leaf_count=23708 4531 133 2471 2471 10349 1245 5236 83635 9161 17028 649 4798 1721 100 138 1764 4999 2199 5832 25323 802 995 3845
internal_value=0.0238098 -0.00219131 0.0361093 0.00442689 0.0386459 -0.00564488 -0.0103415 -0.0289907 0.0170649 0.000640989 0.028561 0.012655 0.0413598 0.0421218 -0.00385124 0.0140656 -0.0223421 0.030486 0.00820498 -0.0247846 0.00135423 0.0196035 0.0217409
internal_weight=57373.6 18424.4 38949.2 14775.5 34371.1 6643.46 5601.48 3648.86 4578.14 3181.93 7288.21 8132.04 27082.9 25642.5 796.21 404.382 391.828 314.478 5257.55 2419.55 2542.47 1041.98 3878.94
internal_count=213133 161129 52004 68261 36527 52298 50058 92868 15477 19499 10998 15963 25529 23808 9233 4096 5137 2332 11432 30559 6634 2240 6316
is_linear=0
shrinkage=0.0409094


Tree=44
num_leaves=24
num_cat=0
split_feature=1 2 3 3 3 2 0 0 3 0 0 1 2 0 18 1 0 2 14 6 9 8 3
split_gain=10386.9 1999.2 1845.33 863.859 675.037 465.049 388.305 375.512 346.618 322.764 288.083 217.099 190.402 166.514 179.136 166.272 187.935 150.918 186.202 150.846 148.404 143.047 135.161
threshold=-0.12739441848831268 -0.53083101620784445 -0.092625813012696845 -0.09718566186629525 -0.097151760142345153 -0.48165361069550178 -7.08837148516483e-05 -0.00055352980687863203 -0.092625991859514603 -5.6625746886026619e-05 -0.0001482787713756556 -0.12760730124143679 -0.45010227797794117 -6.2631666104413073e-05 -0.78993079378050146 -0.11772880301368284 -0.00065067519010052319 -0.43962346193854435 -0.0067385077800328147 -0.18838453737870023 -0.0035525889398387413 -0.17305834721441793 -0.097211740606707162
decision_type=2 2 2 2 2 2 2 2 2 2 2 2 2 2 2 2 2 2 2 2 2 2 2
left_child=1 9 4 11 13 15 12 19 10 -1 -7 -3 20 -2 -15 -6 -17 18 -8 21 -5 -4 -13
right_child=2 3 7 6 5 8 17 -9 -10 -11 -12 22 -14 14 -16 16 -18 -19 -20 -21 -22 -23 -24
leaf_value=0.043709777089007577 0.018821066616791067 0.040315151311082757 -0.027184829174729138 0.01528891221504332 0.010103146914308848 -0.0050781498202078891 -0.00096560017548204583 -0.035714385355220667 0.053052121318014317 0.028740412913152085 -0.028997304304773652 0.028905461713255989 0.0025696195552763093 0.010046037594538546 -0.014558597850764762 0.030565182962402321 -0.031329397473003014 -0.021800693424309323 0.058100844490388638 -0.016495646100868112 0.032854493571079328 0.039786875257849436 0.0066520343040674113
leaf_weight=22500.655701205134 3542.6822698116302 3134.2434365451336 73.745743457227945 1878.1507447659969 2624.530988637358 1555.5683119930327 1204.7317070737481 2760.3136125579476 118.80782748386264 2699.8432576954365 1838.8697941564023 3077.4936373978853 1017.9962992668152 4007.191523719579 565.04451300948858 107.53013513237238 347.17709032446146 571.879893027246 96.472428474575281 523.78130111470819 1408.6910996958613 193.23191176354885 536.38824136555195
leaf_count=20595 5789 2919 820 3311 7451 12732 5052 83635 391 3251 27435 3590 3150 8463 1711 497 3792 6970 537 6976 1732 1437 897
internal_value=0.0232462 0.0353969 -0.00212643 0.0223169 0.00426414 -0.00545967 0.0112638 -0.0285941 -0.0156319 0.042106 -0.0180359 0.032436 0.0180292 0.0121637 0.00700536 0.00614628 -0.0166924 -0.00428467 0.00341364 -0.00373917 0.0228173 0.0212877 0.0256025
internal_weight=56385 38126.5 18258.5 12926 14707.4 6592.48 6177.92 3551.07 3513.25 25200.5 3394.44 6748.13 4304.84 8114.92 4572.24 3079.24 454.707 1873.08 1301.2 790.759 3286.84 266.978 3613.88
internal_count=213133 52004 161129 28158 68261 52298 20752 92868 40558 23846 40167 7406 8193 15963 10174 11740 4289 12559 5589 9233 5043 2257 4487
is_linear=0
shrinkage=0.0409094


Tree=45
num_leaves=24
num_cat=0
split_feature=1 2 3 3 3 2 3 6 2 4 6 2 1 6 4 18 1 6 2 10 10 8 14
split_gain=9864.62 1927.79 1786.21 847.546 656.297 435.019 337.086 316.878 310.503 267.348 224.204 204.529 326.727 170.003 163.865 154.99 153.509 153.327 147.458 201.632 141.103 131.306 120.872
threshold=-0.12740569179116254 -0.53083101620784445 -0.092625813012696845 -0.097151760142345153 -0.097151760142345153 -0.48165361069550178 -0.092625991859514603 -0.14103183261560595 -0.49524683043493539 0.038938582459834059 -0.10082038031219234 -0.37549979718427678 -0.057293433173719176 -0.098499362938442594 3.5928036643711443 -0.78994275523374735 -0.11772880301368284 -0.17316652794679577 -0.52125655235041257 -0.0061074866705878904 -0.0061219844151390009 -1.4866969032332669 -0.0067385222088520774
decision_type=2 2 2 2 2 2 2 2 2 2 2 2 2 2 2 2 2 2 2 2 2 2 2
left_child=1 -1 4 9 20 16 10 11 -5 -3 -7 12 21 15 18 -10 -6 -18 19 -9 -2 -4 -15
right_child=2 3 7 8 5 6 -8 14 13 -11 -12 -13 -14 22 -16 -17 17 -19 -20 -21 -22 -23 -24
leaf_value=0.041611861753874331 -0.0045301800099577924 0.019871614103512843 0.30347401737783108 0.020384225191346351 0.0096360838654156542 -0.0081357515766969698 0.050379867674432005 -0.019801291647307241 -0.017716697651131357 0.03641943478973491 -0.029397716790699292 -0.041064035977936439 -0.020206343994550013 -0.039411203121490532 0.10148215007783555 0.0090594176472247011 0.050849474626711293 -0.02476645709459047 -0.037448195599569509 0.097184200911081139 0.013658917441122574 0.041320192917517866 0.0080267941375984798
leaf_weight=24433.955755293369 787.02522040903568 2471.5275083631277 3.2419749759137622 2288.9992792978883 2650.2467342615128 1854.8886985648423 126.48877267166972 121.30496912449598 440.82998337224126 4821.5850060731173 1502.1961106732488 181.05822952277958 283.41842899285257 279.26948704570532 14.769392646849154 2017.7948000468314 50.581481974571943 398.03431138396263 2591.4358231779188 30.947658035904169 7668.9575326070189 233.3536693751812 132.56115107238293
leaf_count=23756 2739 3410 35 3896 7491 17270 397 1443 1915 4907 22936 4365 4292 4515 68 7186 225 4064 80636 262 13731 1770 1824
internal_value=0.0227089 0.0349353 -0.00167148 0.0218348 0.00442579 -0.00526058 -0.0151797 -0.0281761 0.00914577 0.0308116 -0.0176499 -0.00361697 0.00942133 0.000183835 -0.0344178 0.00425848 0.00588995 -0.0162408 -0.0351494 0.00397779 0.011966 0.0449124 -0.0241417
internal_weight=55384.5 36886.5 18497.9 12452.6 15038.4 6582.44 3483.57 3459.53 5159.45 7293.11 3357.08 701.072 520.014 2870.46 2758.46 2458.62 3098.86 448.616 2743.69 152.253 8455.98 236.596 411.831
internal_count=213133 51409 161724 27653 68853 52383 40603 92871 19336 8317 40206 10462 6097 15440 82409 9101 11780 4289 82341 1705 16470 1805 6339
is_linear=0
shrinkage=0.0409094


Tree=46
num_leaves=24
num_cat=0
split_feature=1 2 3 3 1 11 2 10 2 1 5 4 3 4 4 11 10 4 2 8 1 18 1
split_gain=9369.09 1912.55 1686.92 814.069 613.297 374.497 327.771 278.45 278.393 414.525 231.474 208.258 188.689 141.937 137.527 135.512 145.657 127.662 105.796 95.2237 93.9568 189.394 83.422
threshold=-0.12740569179116254 -0.53083101620784445 -0.092625813012696845 -0.09718566186629525 -0.11575459140790419 -0.0021661431830677785 -0.44907511541014089 -0.0061221852477959309 -0.39657684801696319 -0.093741356577902057 -0.011346323502618622 0.17984072227129569 -0.076512949972752736 4.657397609613299 -0.086307764039242937 -0.0021661431969176837 -0.0061158842906209035 -0.10196355735162756 -0.42878713990883305 0.40746585288045312 -0.092586704656732202 1.3002743779225745 -0.12758468488969602
decision_type=2 2 2 2 2 2 2 2 2 2 2 2 2 2 2 2 2 2 2 2 2 2 2
left_child=1 -1 4 11 5 18 14 -7 9 15 -9 -3 17 -10 -5 -4 -17 -8 -2 -6 21 -21 -13
right_child=2 3 8 6 19 7 12 10 13 -11 -12 22 -14 -15 -16 16 -18 -19 -20 20 -22 -23 -24
leaf_value=0.041065822843547928 -0.0069164542975848776 0.021369736051141189 0.27097790501207131 0.009564323800094459 -0.031501187267448424 -0.033452426432183935 -0.013820747055475641 0.010430867902839279 -0.040645019005348233 -0.027392851576329237 -0.025861891088249819 0.041753334184700605 -0.030904313718906722 0.098451030849749765 0.023951513860387449 0.0018156465502614069 0.05586219345924355 0.012872020469387768 -0.034057514163211802 -0.025501979688972606 -0.034402953315631576 0.040851972661788971 0.029699374055932697
leaf_weight=23759.973316654563 650.10908647254109 2164.6589447259903 3.5721373949199906 2377.1607218459249 810.80998888798058 257.19344902969897 493.88357052952051 12140.256651926786 1661.0202764812857 1292.2308127395809 301.41088289394975 2482.6578391641378 368.45736952126026 12.368979997932909 2089.1663848496974 280.69320540502667 118.76202393695712 763.30479507893324 381.35382818430662 152.81701383180916 147.15225963667035 136.11255546472967 1567.5880964547396
leaf_count=23756 3664 2884 17 6611 13456 2685 2870 36566 55189 32579 2198 2281 5862 44 3350 3941 1101 1976 4540 2338 2397 1009 1819
internal_value=0.0221789 0.0342859 -0.00162276 0.0211964 0.00426044 0.00675514 0.0105692 0.00868067 -0.0277798 -0.0160955 0.00955164 0.0316133 -0.00515948 -0.0396169 0.0162941 0.0201275 0.0178842 0.00238583 -0.0169511 -0.0232102 -0.00779474 0.00575687 0.037088
internal_weight=54412.7 36066.9 18345.9 12306.9 14977.2 13730.3 6091.97 12698.9 3368.65 1695.26 12441.7 6214.9 1625.65 1673.39 4466.33 403.027 399.455 1257.19 1031.46 1246.89 436.082 288.93 4050.25
internal_count=213133 51409 161724 27653 68853 49653 20669 41449 92871 37638 38764 6984 10708 55233 9961 5059 5042 4846 8204 19200 5744 3347 4100
is_linear=0
shrinkage=0.0409094


Tree=47
num_leaves=24
num_cat=0
split_feature=3 0 18 0 7 3 18 5 3 3 4 4 3 5 18 3 14 0 0 6 3 6 14
split_gain=5580.69 1766.41 1337.53 632.328 444.882 406.632 429.598 404.924 383.611 319.517 189.398 187.813 229.615 147.651 144.32 173.528 154.19 132.588 116.321 102.536 102.527 100.991 96.7411
threshold=-0.097058450195993032 -5.6625746886026619e-05 -0.78998178936100427 -5.6625746886026619e-05 -0.51963850798029909 -0.097210472162097911 -0.78992038741383241 -0.011345098757106148 -0.091972731614545278 -0.097181966055961716 -0.19589831722593529 -0.24286569716308917 -0.092625991859514603 -0.01131575980393529 -0.78988482566527318 -0.097195025297546575 -0.0067384545409489459 -6.4477164346688222e-05 -0.0079817216099404512 -0.19760049415862774 -0.097129198757806803 -0.13518266674511981 -0.0067385557640851591
decision_type=2 2 2 2 2 2 2 2 2 2 2 2 2 2 2 2 2 2 2 2 2 2 2
left_child=2 4 17 5 7 -4 9 11 10 -7 -3 18 -13 -8 15 -5 -17 -1 -2 -12 -19 -10 -6
right_child=1 8 3 14 22 6 13 -9 21 -11 19 12 -14 -15 -16 16 -18 20 -20 -21 -22 -23 -24
leaf_value=0.020474266366055774 0.043087637408074725 -0.022375054542555839 0.039406920903758656 0.017033409721694589 0.017111041888243753 0.027247518369181736 0.037468598166953054 -0.025983122167307963 -0.0096063021937478846 0.0045983674595232414 0.091757005680270939 0.012453408523875211 0.028061987678583949 -0.03055131837527526 0.029933014702263571 -0.014328667479382502 0.098569301831190961 0.0093808684135935384 0.0024399727901905375 0.0011152880601456433 -0.033832932209431184 -0.032550903455240622 -0.030994519863396287
leaf_weight=2453.2874886728823 124.0484208278358 804.78260472789407 17469.041464731097 1766.4635441303253 81.290284339338541 3488.6383822634816 5783.8162606284022 438.73519540205598 371.76681716926396 1486.6019470691681 21.203432884067297 4825.0349583812058 2343.3833562135696 53.906387023627758 940.88263875618577 502.56146423891187 21.0954325273633 3811.5634631402791 2348.1391103155911 1397.5922529101372 94.153863873332739 2353.1514100078493 502.07384242117405
leaf_count=4173 508 12441 18286 2669 484 4643 6643 4685 6984 3393 69 15786 6847 182 1292 2016 41 8054 15804 13491 690 76023 7929
internal_value=0.0216511 0.00106852 0.0301354 0.033589 0.0104431 0.0355476 0.0293127 0.0124535 -0.0191313 0.02048 -0.00652227 0.0142027 0.0175559 0.0368405 0.016444 0.0109021 -0.00978059 0.0130208 0.00447957 0.0024699 0.00833913 -0.0294205 -0.0242911
internal_weight=53483.2 15611.2 37872 31513 10662.7 28282 10813 10079.3 4948.5 4975.24 2223.58 9640.61 7168.42 5837.72 3231 2290.12 523.657 6359 2472.19 1418.8 3905.72 2724.92 583.364
internal_count=213133 161051 52082 39165 52043 33147 14861 43630 109008 8036 26001 38945 22633 6825 6018 4726 2057 12917 16312 13560 8744 83007 8413
is_linear=0
shrinkage=0.0409094


Tree=48
num_leaves=24
num_cat=0
split_feature=2 3 6 2 7 2 4 4 6 2 9 19 4 4 3 15 16 6 2 6 3 3 3
split_gain=7556.86 2932.5 773.132 475.685 497.779 475.489 449.675 239.606 207.469 175.693 192.221 174.076 173.272 163.647 163.346 156.579 138.214 130.033 127.904 125.87 124.742 103.56 95.6141
threshold=-0.51607446867247353 -0.097092518879447351 -0.098542018898359604 -0.54093891007862005 -0.51963850798029876 -0.39803469125373675 -0.10196355735162756 0.57123555508091139 -0.12298514105840264 -0.32829896836400968 -0.0035525889841142677 -0.77605619080686006 -0.18024252391355064 0.41467762195706509 -0.09719997090468592 -0.09247906562897304 1.824666782371104 -0.098554604630502404 -0.46127786089939754 -0.10013576454586202 -0.097189126749091984 -0.097112570467887002 -0.097210472162097911
decision_type=2 2 2 2 2 2 2 2 2 2 2 2 2 2 2 2 2 2 2 2 2 2 2
left_child=3 6 5 4 -1 8 14 17 11 10 -8 -3 -10 21 -2 -6 -17 -7 -4 -16 -12 -5 -11
right_child=1 2 18 13 15 7 9 -9 12 22 20 -13 -14 -15 19 16 -18 -19 -20 -21 -22 -23 -24
leaf_value=0.038446073362435704 0.012209497786887933 -0.0056452635027583993 -0.016675160268440195 0.026309911958361045 0.025056331915122344 -0.027112366746776747 0.013427301903541005 0.018389033602447237 -0.016160160636650416 0.018051440425363007 0.035236209575055417 0.021725754019516891 0.0019208629841829133 0.034188547638616021 0.0082793603539957246 -0.041771438647924083 0.043050000517381046 0.13591986670012576 -0.037620290588183766 -0.013798996156725342 0.018619634336173727 0.012884577372369418 -0.00041924938978045179
leaf_weight=22870.379133857787 3442.8998796120286 597.24853437021375 659.39110200852156 1945.4049232900143 147.46317760646343 2008.5733980704099 1365.4030737616122 221.36171921342611 1438.4115685597062 2169.1539717689157 3081.0499706119299 1114.5565482247621 2313.8829051461071 1963.5869279354811 831.51493947207928 204.10438159108162 38.161618784070015 8.2210235726088268 1876.5289131458849 899.78472497314215 1001.9810040779412 1901.431884214282 598.4285944737494
leaf_count=25744 6193 5170 12877 2520 256 36187 2384 956 14158 3494 3327 7697 10321 2359 1988 806 55 83 63860 3575 1697 5717 1709
internal_value=0.021083 0.00389984 -0.0125821 0.0350493 0.0376648 -0.00613152 0.0165019 -0.0220133 0.00037383 0.0224513 0.026715 0.012176 -0.00501035 0.0245791 0.00705507 -0.00818001 -0.0284104 -0.0264478 -0.0321741 -0.00319512 0.0311585 0.019674 0.0140576
internal_weight=52698.9 23628.4 10238.2 29070.5 23260.1 7702.26 13390.2 2238.16 5464.1 8216.02 5448.43 1711.81 3752.29 5810.42 5174.2 389.729 242.266 2016.79 2535.92 1731.3 4083.03 3846.84 2767.58
internal_count=213133 175676 151309 37457 26861 74572 24367 37226 37346 12611 7408 12867 24479 10596 11756 1117 861 36270 76737 5563 5024 8237 5203
is_linear=0
shrinkage=0.0409094


Tree=49
num_leaves=24
num_cat=0
split_feature=2 3 2 2 4 4 4 3 3 3 3 9 2 4 3 11 11 3 2 3 2 15 8
split_gain=7193.92 2735.41 757.55 430.211 419.627 325.319 249.307 194.521 191.298 185.345 213.882 181.241 179.674 151.039 142.969 136.497 125.479 125.399 116.797 113.084 108.465 97.8706 94.785
threshold=-0.51770748782626563 -0.097092518879447351 -0.44070562128338414 -0.54093891007862005 -0.10196355735162756 0.55557976176852675 -0.19589831722593529 -0.092625813012696845 -0.092625991859514603 -0.097220995683396635 -0.096779437482147096 -0.0035525889690361098 -0.3356216454310525 0.41467762195706509 -0.097202190880787451 -0.0021661431969176837 -0.0021661431906588647 -0.09718566186629525 -0.36529265256788396 -0.097213820793438058 -0.46749679333622174 -0.092479669867013545 0.04261269477917938
decision_type=2 2 2 2 2 2 2 2 2 2 2 2 2 2 2 2 2 2 2 2 2 2 2
left_child=3 4 6 9 14 7 22 8 -4 21 -11 -6 17 -5 -2 -8 -17 -13 -9 -14 -16 -1 -3
right_child=1 2 5 13 11 -7 15 18 -10 10 -12 12 19 -15 20 16 -18 -19 -20 -21 -22 -23 -24
leaf_value=0.032660782300442309 0.012103834594123421 -0.021237893631228445 -0.019933152494195652 0.019313256529563151 0.014621979375055723 0.013777255422027434 0.14923738296053737 -0.023955089232265681 0.037770159029196435 0.039324684648939373 0.027203463540463803 0.036074320462375548 0.022395469572630916 0.03383345461317764 0.0086224422983847745 -0.029314561988406092 0.0079723073566714698 0.018426309341861985 -0.041876237265992003 -0.0034275849942089526 -0.011115069298532945 0.0045089621880739219 -0.0040685243716791931
leaf_weight=398.37505795806646 3373.4253612980247 953.24093099683523 2095.4451229255646 3572.5039978511631 3399.1023966446519 368.58100445754826 11.178083542734383 1084.0507331248373 100.77533401176333 19065.996749103069 2793.1999860033393 2679.2643542736769 847.45700781047344 1804.5063139647245 866.78502650558949 159.39258891157806 2883.83565178141 900.23809703439474 1387.7531209085137 426.72245654091239 1007.6425664536655 429.48975043743849 1235.6698171515018
leaf_count=494 6033 14273 28427 7592 6130 1900 44 26857 316 20862 4698 2869 1190 2194 1828 1356 14424 1531 49830 1045 4008 807 14425
internal_value=0.0205625 0.00400796 -0.0118924 0.0345904 0.0161151 -0.0232234 -0.00100808 -0.0261449 -0.0172854 0.0370562 0.0377758 0.0218664 0.0269398 0.0241862 0.00707054 0.00654349 0.00601936 0.0316359 -0.0340166 0.0137473 -0.00198792 0.0180558 -0.0115456
internal_weight=51844.6 23780.6 10279.9 28064.1 13500.6 5036.61 5243.32 4668.02 2196.22 22687.1 21859.2 8252.78 4853.68 5377.01 5247.85 3054.41 3043.23 3579.5 2471.8 1274.18 1874.43 827.865 2188.91
internal_count=213133 176486 151852 36647 24634 107330 44522 105430 28743 26861 25560 12765 6635 9786 11869 15824 15780 4400 76687 2235 5836 1301 28698
is_linear=0
shrinkage=0.0409094


Tree=50
num_leaves=24
num_cat=0
split_feature=1 0 0 3 3 3 4 7 3 10 6 0 1 3 18 3 9 10 1 10 3 3 1
split_gain=8220.24 1351.17 1086.55 566.047 454.381 389.07 203.199 187.202 186.441 181.305 219.26 178.523 171.787 304.025 168.203 224.943 155.893 134.27 129.938 120.869 119.196 116.74 110.623
threshold=-0.12740569179116254 -5.6625746886026619e-05 -5.6625746886026619e-05 -0.097136713703668789 -0.097158426920157581 -0.092625813012696845 0.63385872833044987 1.9250741382824443 -0.09179171081572228 -0.0061142827409018906 -0.19760049415862774 -0.0079817216099404512 -0.12777665793943513 -0.097210472162097911 -0.78996054306708274 -0.049487798696509482 -0.0035516382818619658 -0.0061221853354106763 -0.11575459140790419 -0.0061213103648545238 -0.092625991859514603 0.25288055317876634 -0.1187991701718142
decision_type=2 2 2 2 2 2 2 2 2 2 2 2 2 2 2 2 2 2 2 2 2 2 2
left_child=2 4 3 12 -2 9 7 11 17 18 -11 -6 16 -14 20 -16 -1 -4 19 -3 -5 -22 -7
right_child=1 5 8 14 6 22 -8 -9 -10 10 -12 -13 13 -15 15 -17 -18 -19 -20 -21 21 -23 -24
leaf_value=0.041966450405163773 0.011116144532603588 -0.023017761747271357 -0.062649664473782979 -0.012896193385987619 0.044437172426941902 0.012565804534308216 0.019046178511597602 -0.044429238125732663 -0.007520095895100277 0.2608735148472861 0.013693841265004289 -0.0059281682865937654 0.037143139200815863 0.017198578334973409 0.027354166559812786 -0.047598815127792064 -0.040301371345965356 0.017076061677501881 -0.038614820077048972 -0.0015098514748677573 0.035862969524926028 -0.057938845900079104 -0.037720245463715135
leaf_weight=11062.897946737707 7169.9096390753984 778.36015235632658 35.719430483877659 324.70054779946804 120.39919215068221 76.199322499334812 585.00324397906661 207.30685910955071 655.73649807274342 6.1328221075236788 290.24577286466956 5417.866034084931 9541.4204149618745 1477.1259198561311 6280.2741237133741 67.732780482620001 38.68382440507412 3447.3542600944638 337.79109889827669 997.92659401893616 203.96744395047426 24.917190544307232 1869.0494259521365
leaf_count=11577 12765 9303 135 810 800 1524 1635 3915 9160 39 1236 40351 10865 2237 9504 480 105 6072 8980 6860 312 152 74316
internal_value=0.0200502 -0.00232805 0.0321003 0.0348968 0.00406397 -0.0221401 -0.00392322 -0.00626192 0.0124911 -0.0111564 0.0188086 -0.00483325 0.0380881 0.0344694 0.0246684 0.0265544 0.0416798 0.0162585 -0.0153573 -0.0109345 0.00304163 0.0256514 -0.0357504
internal_weight=51016.7 17856.2 33160.5 29021.7 13500.5 4355.71 6330.58 5745.57 4138.81 2410.46 296.379 5538.27 22120.1 11018.5 6901.59 6348.01 11101.6 3483.07 2114.08 1776.29 553.585 228.885 1945.25
internal_count=213133 161724 51409 36042 59466 102258 46701 45066 15367 26418 1275 41151 24784 13102 11258 9984 11682 6207 25143 16163 1274 464 75840
is_linear=0
shrinkage=0.0409094


Tree=51
num_leaves=24
num_cat=0
split_feature=1 3 3 1 5 3 3 1 1 3 5 7 1 3 18 18 3 1 3 3 9 16 3
split_gain=7791.16 1247.47 988.401 476.748 331.421 237.628 227.209 225.343 202.978 354.318 205.202 164.314 373.363 144.751 232.123 222.159 155.908 138.658 159.006 120.998 99.6947 98.5744 94.1919
threshold=-0.12740569179116254 -0.092625813012696845 -0.097129198757806803 -0.11575459140790419 -0.011344740219558646 -0.097202190880787451 -0.092968799042986605 -0.12616417885147077 -0.12777665793943513 -0.097210472162097911 -0.010215165459958266 -0.51963850798029909 -0.093741356577902057 -0.092466807580416935 1.3002728826154277 -0.78996054306708274 -0.092625991859514603 -0.12741784610364168 -0.097220995683396635 -0.059240199635862557 -0.0035525889847057355 2.3526631927321988 -0.097189126749091984
decision_type=2 2 2 2 2 2 2 2 2 2 2 2 2 2 2 2 2 2 2 2 2 2 2
left_child=2 3 8 5 13 -2 7 -7 10 17 -1 12 -3 15 19 -4 -17 -10 -19 -15 -8 -12 -11
right_child=1 11 4 -5 -6 6 20 -9 9 22 21 -13 -14 14 -16 16 -18 18 -20 -21 -22 -23 -24
leaf_value=0.039632837481519384 0.010555969994193859 0.0089301946022540234 -0.0079877674544003002 -0.022171350105550588 -0.026233983600169798 0.0051529002328823412 0.011808937859565624 -0.010672442979850129 0.036384876587560261 0.021018673199007888 -0.12263794427535203 -0.042082065779964865 -0.029965937336056875 0.036800131222139605 -0.013524581844657718 0.022158867970688757 0.039130294146196953 -0.11015601454725825 0.022664803325994239 0.0066673928847377226 0.046208468526930502 0.048364773296208176 0.00017417361746517159
leaf_weight=12178.564408428967 6426.6259285509586 546.7293907571584 359.48701316863298 1188.046058204025 258.43813031166792 2808.0177392289042 867.39724257215858 3247.2864950746298 9109.6585718989372 1171.9506234824657 19.3133639395237 797.53410858847201 1688.7059947736561 433.72411266341805 499.30038293078542 5289.9035082533956 1093.0840690806508 15.305624678730963 1043.6930771917105 459.07958703860641 168.36667438596487 7.9696395844221106 525.48631482571363
leaf_count=13432 11525 8973 871 19200 2592 8517 1928 27161 10716 1686 88 32571 51327 1062 4440 8639 1184 65 1389 4245 522 6 994
internal_value=0.0195503 -0.00225205 0.031463 0.00267478 0.0193743 0.00485846 -0.000305178 -0.00333378 0.0356779 0.0318679 0.0393818 -0.0261404 -0.020453 0.0208233 0.00881338 0.0233029 0.0250652 0.0347561 0.0207452 0.0213059 0.0174007 -0.0726863 0.0145657
internal_weight=50203.7 17738.7 32465 14705.7 8393.02 13517.7 7091.07 6055.3 24071.9 11866.1 12205.8 3032.97 2235.44 8134.58 1392.1 6742.47 6382.99 10168.7 1059 892.804 1035.76 27.283 1697.44
internal_count=213133 161724 51409 68853 23033 49653 38128 35678 28376 14850 13526 92871 60300 20441 9747 10694 9823 12170 1454 5307 2450 94 2680
is_linear=0
shrinkage=0.0409094


Tree=52
num_leaves=24
num_cat=0
split_feature=2 3 0 0 18 0 2 3 2 3 3 10 10 18 2 2 2 0 3 9 10 18 14
split_gain=6496.79 2178.86 891.48 780.719 512.385 435.063 332.864 293.622 277.331 274.357 475.879 242.919 161.928 150.741 136.273 135.693 130.412 122.511 180.342 119.661 114.388 108.309 108.288
threshold=-0.5193628012656385 -0.097151760142345153 -9.260415264723518e-05 -5.6909761363314598e-05 -0.78999800180100987 -9.8677616504755575e-05 -0.44070562128338414 -0.097210472162097911 -0.54093891007862005 -0.092466807580416935 -0.092625991859514603 -0.0061214933102213057 -0.0061221852477959309 -0.78994275523374735 -0.41393143365069046 -0.53915681580787889 -0.39803469125373675 -0.001019991535823758 -0.096830580272352265 -0.0035516382818619658 -0.0061221831435969059 -0.78989832344987021 -0.0067383872147007305
decision_type=2 2 2 2 2 2 2 2 2 2 2 2 2 2 2 2 2 2 2 2 2 2 2
left_child=3 5 6 4 -1 19 17 16 -6 10 11 -4 -5 -9 22 -14 -7 -3 -19 -2 -18 -15 -11
right_child=1 2 9 12 8 7 -8 13 -10 14 -12 -13 15 21 -16 -17 20 18 -20 -21 -22 -23 -24
leaf_value=0.016097029307388835 0.029339811931672583 0.023787031598722468 -0.039408845480301713 -0.04592635844065953 0.04060176613670255 0.022913901343066437 -0.010504494931061243 0.0055498787241785065 0.028159401682830033 -0.025370449447949243 0.033880264991176502 -0.011743395184304129 0.021750239590873858 -0.023420148727441494 -0.040665006949196614 0.002968730330282868 -0.034332586800690817 0.015746443010290441 -0.0042660104354622702 -0.046646742435986537 0.011948247859856096 0.021094902543965344 0.017781850345480032
leaf_weight=1911.3251034766436 3205.5077530518174 747.92611975595355 717.69361467845738 66.866714578121901 16064.145354755223 2450.9823955968022 2409.6055307202041 1612.1484405733645 3685.9563246555626 839.47224442847073 318.45547454431653 2043.7916879598051 3440.9739964269102 621.58858369290829 1327.4380851965398 791.96006754413247 91.542903058230877 1442.7725664377213 1577.6617913767695 35.062964305281639 3777.3779269605875 107.25866197794676 110.08678624592721
leaf_count=2965 4094 3334 11677 346 18587 3316 24680 3824 5229 24881 1131 19476 5703 2014 55973 3007 513 3137 9341 109 6544 191 3061
internal_value=0.0190654 0.00345058 -0.00921969 0.0331616 0.0363223 0.0157306 0.00137059 0.0109462 0.0382797 -0.0214331 -0.0134727 -0.0189335 0.0172385 -0.0014301 -0.0322005 0.0182363 0.0155306 0.00896389 0.00529335 0.0285176 0.0108532 -0.0168692 -0.0203676
internal_weight=49397.6 23436.4 11534.9 25961.2 21661.4 11901.5 6177.97 8660.9 19750.1 5356.94 3079.94 2761.49 4299.8 2341 2277 4232.93 6319.9 3768.36 3020.43 3240.57 3868.92 728.847 949.559
internal_count=213133 177296 156691 35837 26781 20605 40492 16402 23816 116199 32284 31153 9056 6029 83915 8710 10373 15812 12478 4203 7057 2205 27942
is_linear=0
shrinkage=0.0409094


Tree=53
num_leaves=24
num_cat=0
split_feature=1 2 0 4 1 0 0 11 3 3 2 3 0 14 0 10 18 0 2 11 2 3 3
split_gain=7156.74 1846.06 1156.55 637.802 470.001 405.764 259.49 240.229 204.666 192.995 190.963 347.315 181.091 142.105 140.63 126.062 120.058 118.242 115.559 107.58 106.898 118.87 105.096
threshold=-0.12740569179116254 -0.53083101620784445 -5.2248396792963665e-05 0.22680810220844957 -0.092586704656732202 -5.6625746886026619e-05 -5.6772837378329557e-05 -0.0021661431830677785 -0.096728024960271927 -0.09718566186629525 -0.47279222656252756 -0.097202190880787451 -0.0079817216099404512 -0.0067384545409489459 -5.6584454094238657e-05 -0.006122150012698821 -0.78993079378050146 -5.7596554461318366e-05 -0.54093891007862005 -0.0021661428278747685 -0.50969776311373272 -0.097210472162097911 1.0000000180025095e-35
decision_type=2 2 2 2 2 2 2 2 2 2 2 2 2 2 2 2 2 2 2 2 2 2 2
left_child=1 5 4 6 7 -1 20 -2 13 -5 17 -12 -6 19 15 -7 -11 -9 22 -4 -3 -22 -10
right_child=2 3 8 9 12 14 -8 10 18 16 11 -13 -14 -15 -16 -17 -18 -19 -20 -21 21 -23 -24
leaf_value=0.040012771571179259 -0.015337099208904031 0.021813164209777258 -0.015508927743374409 0.033061731171757536 0.030318922237349014 -0.071016710032635808 -0.0086141585317094076 0.015028916095184313 -0.0094187287449207808 -0.004353495004229809 0.0095675245396599357 -0.008143801259271383 -0.029194635478076224 0.10567494136048872 0.029402183569995306 0.011607195439485801 0.021757056189319578 0.0012767707201511668 -0.035802272740236236 0.045996053046870711 0.020613836495811437 0.0031028923444182655 0.10371641381600996
leaf_weight=17496.826129391789 992.80062035098672 1375.3376011624932 477.01890461146832 3448.6079560741782 93.728986199945211 32.131492599844933 1272.189403725788 3976.0166985541582 78.851965099573135 356.86053643375635 3970.8784800544381 3474.1406850367785 982.73554885573685 18.598805122077465 1478.6351240426302 809.13484013080597 1692.4504849687219 1420.0638363361359 1935.1213223226368 52.869783665984869 911.57409274578094 2250.5204145163298 16.641729600727558
leaf_count=20527 7761 1855 4362 4057 739 112 11038 8931 585 761 7349 31511 19902 57 1835 1282 2843 3716 76611 128 1214 5885 72
internal_value=0.0185889 0.0303552 -0.00235042 0.0171657 0.00202487 0.0378812 0.00771406 0.00405095 -0.027645 0.0271532 0.00554992 0.00130272 -0.0240127 -0.00547109 0.0218048 0.00845144 0.0172102 0.0114098 -0.0336343 -0.00937225 0.0122921 0.00815098 0.0102974
internal_weight=48613.7 31124.3 17489.5 11307.5 14910.4 19816.7 5809.62 13833.9 2579.1 5497.92 12841.1 7445.02 1076.46 548.487 2319.9 841.266 2049.31 5396.08 2030.62 529.889 4537.43 3162.09 95.4937
internal_count=213133 51409 161724 27653 79909 23756 19992 59268 81815 7661 51507 38860 20641 4547 3229 1394 3604 12647 77268 4490 8954 7099 657
is_linear=0
shrinkage=0.0409094


Tree=54
num_leaves=24
num_cat=0
split_feature=1 2 0 9 1 0 5 5 11 6 0 3 0 0 0 3 0 2 6 11 3 1 3
split_gain=6787.51 1821.78 1093.37 607.365 440.255 408.387 366.352 288.987 210.816 205.412 190.611 184.367 175.473 170.087 153.148 138.139 133.624 133.384 123.9 118.453 105.92 105.146 99.5431
threshold=-0.12740569179116254 -0.53083101620784445 -5.2248396792963665e-05 -0.0035525889851384163 -0.092586704656732202 -5.6625746886026619e-05 -0.011346323502618622 -0.011346443077275158 -0.0021661431830677785 -0.09861137341634299 -0.00073202372971293856 -0.096672286219143741 9.3620108240781682e-05 -0.0079817216099404512 -5.7044840732705945e-05 -0.094234189045994635 -5.6584454094238657e-05 -0.4310934952324959 -0.12764041513740537 -0.0021661430584207272 -0.097121244852480179 -0.1287580717865483 -0.097218842795065319
decision_type=2 2 2 2 2 2 2 2 2 2 2 2 2 2 2 2 2 2 2 2 2 2 2
left_child=1 5 4 12 7 -1 14 8 -2 11 -10 19 17 -6 20 21 18 22 -7 -4 -5 -8 -3
right_child=2 3 9 6 13 16 15 -9 10 -11 -12 -13 -14 -15 -16 -17 -18 -19 -20 -21 -22 -23 -24
leaf_value=0.039588358742014641 -0.013927997749100477 0.025260522860877477 -0.0028049362389207153 0.033223120499811139 0.028492793117111379 -0.10702067467608711 0.021504918078359875 -0.028571454609655569 0.028203037139700165 -0.035390699982737042 0.0051964966701944651 -0.026747079314777721 -0.027066797756270061 -0.028726939894937246 0.010957943181088432 -0.044607899906357946 0.028678722747124193 -0.010995665338426001 0.010309298804088107 0.050407200155524835 0.019405109548290351 -0.01829667491555451 0.0070551973815708964
leaf_weight=16971.83403749764 919.52463839761913 600.03674805164337 242.62812765687704 4046.6303780004382 95.615028880536556 15.344080418348311 251.54068675637245 444.08378006704152 635.11981344036758 1689.9764202609658 11802.187635600567 482.49741167388856 266.67277199402452 958.38549323752522 811.57480541616678 125.46916810236871 1454.4275672733784 586.11818754673004 820.97005480527878 98.408282153308392 1204.8143758922815 198.92530912160873 3096.7864719331264
leaf_count=20527 7057 751 1568 4756 739 66 473 4811 3802 65736 43598 14264 4215 19902 3239 2193 1835 2650 1328 247 2037 507 6832
internal_value=0.0181339 0.0297739 -0.00227395 0.0166447 0.00194817 0.0374 0.0245351 0.00389446 0.00497387 -0.0272268 0.00637134 -0.0104737 0.00513075 -0.0235362 0.0274969 -0.00664524 0.0211864 0.0071355 0.00815661 0.0125498 0.0300529 0.00392858 0.0100101
internal_weight=47819.6 30451.1 17368.4 11188.6 14854.9 19262.6 6638.95 13800.9 13356.8 2513.51 12437.3 823.534 4549.61 1054 6063.02 575.935 2290.74 4282.94 836.314 341.036 5251.44 450.466 3696.82
internal_count=213133 51409 161724 27653 79909 23756 13205 59268 54457 81815 47400 16079 14448 20641 10032 3173 3229 10233 1394 1815 6793 980 7583
is_linear=0
shrinkage=0.0409094


Tree=55
num_leaves=24
num_cat=0
split_feature=1 3 3 1 6 11 5 1 3 15 13 5 15 1 18 1 3 6 9 3 1 18 3
split_gain=6443.42 998.526 939.194 397.655 300.312 282.823 275.556 213.264 346.212 204.963 198.918 187.746 184.858 148.786 213.831 139.485 138.02 125.612 117.566 112.571 204.692 198.646 147.015
threshold=-0.12740569179116254 -0.092625813012696845 -0.097129198757806803 -0.11366239975943652 -0.14103183261560595 -0.0021661431045848336 -0.011344740219558646 -0.12777665793943513 -0.097212851712243031 -0.09234395684170825 -0.35112230218537444 -0.010215165459958266 -0.092239731739580902 -0.057293433173719176 -0.79031510484179235 -0.12741784610364168 -0.097220978969214403 -1.0631789755419392 -0.0035525846837247991 -0.092466807580416935 -0.16745038365960863 -0.78996054306708274 -0.092625991859514603
decision_type=2 2 2 2 2 2 2 2 2 2 2 2 2 2 2 2 2 2 2 2 2 2 2
left_child=2 3 7 5 13 9 19 11 15 10 -2 -1 -11 14 -3 -9 -17 -15 -7 21 -21 -4 -23
right_child=1 4 6 -5 -6 18 -8 8 -10 12 -12 -13 -14 17 -16 16 -18 -19 -20 20 -22 22 -24
leaf_value=0.037890168306348823 0.0047482461143357269 -0.042763930581958799 -0.008992005733454449 -0.022898590933084467 -0.031939239339823698 0.013523676767632851 -0.025258384709854757 0.034689968795928727 0.013555737531315514 -0.020256395388301207 -0.041917775034897381 -0.068888690567805777 0.0019504047888797287 0.043494015616335396 0.036885750701745795 -0.07952598198766149 0.02080583789168744 -0.031135878956305166 -0.036417574806909339 0.019214123315716609 -0.01437721954536453 0.019747058818557841 0.036930694473448114
leaf_weight=10951.994772680104 6511.7541189771146 72.424111273139715 352.84090945124626 991.12499846890569 2149.121691018343 4231.3963948227465 247.72522706724703 7943.1604247540236 1877.0778805613518 1362.6038771979511 156.54398919641972 27.627430662512779 1162.6432280708104 44.092092756181955 255.0960961766541 23.501958802342415 970.29334184527397 262.17977577447891 80.38635828346014 899.23033281229436 458.3340548183769 5041.0737441033125 998.25769627094269
leaf_count=13432 21483 2446 871 17358 82409 9925 2592 10329 3086 10970 1540 94 7004 414 2205 85 1350 5397 573 5404 4343 8639 1184
internal_value=0.0176778 -0.00219624 0.0292051 0.00211257 -0.0246413 0.00394808 0.0172144 0.0336053 0.0295275 -0.000106203 0.00365272 0.0376215 -0.0100322 0.000105422 0.0192729 0.0328822 0.0184331 -0.0203919 0.0125926 0.018572 0.00787318 0.0208442 0.0225874
internal_weight=47070.5 17279.4 29791.1 14496.5 2782.91 13505.3 7997.46 21793.7 10814 9193.55 6668.3 10979.6 2525.25 633.792 327.52 8936.96 993.795 306.272 4311.78 7749.74 1357.56 6392.17 6039.33
internal_count=213133 161724 51409 68853 92871 51495 23033 28376 14850 40997 23023 13526 17974 10462 4651 11764 1435 5811 10498 20441 9747 10694 9823
is_linear=0
shrinkage=0.0409094


Tree=56
num_leaves=24
num_cat=0
split_feature=1 3 3 1 6 10 3 1 3 1 3 3 3 3 14 10 1 1 9 4 1 3 8
split_gain=6099.28 941.716 931.66 371.515 289.824 252.856 217.637 281.452 541.158 210.052 289.971 194.262 179.228 171.202 207.341 170.318 164.233 158.739 143.006 139.217 137.598 183.992 228.237
threshold=-0.12740569179116254 -0.092625813012696845 -0.097169329680065211 -0.11366239975943652 -0.14103183261560595 -0.0061205638350319514 -0.091972731614545278 -0.1287580717865483 -0.092625991859514603 -0.12763124889070168 -0.097213820793438058 -0.097044201212031916 -0.096953110641960008 -0.097220577627033081 -0.0067385532682622739 -0.0061210796633356995 -0.16745038365960863 -0.13327061136021487 -0.0035522932265369977 3.5928036643711443 -0.057293433173719176 -0.056703758354421478 -1.8247358620169145
decision_type=2 2 2 2 2 2 2 2 2 2 2 2 2 2 2 2 2 2 2 2 2 2 2
left_child=2 3 9 5 20 13 7 12 11 18 -11 -9 -4 15 -15 -2 -8 -14 -1 -6 21 22 -3
right_child=1 4 6 -5 19 -7 16 8 -10 10 -12 -13 17 14 -16 -17 -18 -19 -20 -21 -22 -23 -24
leaf_value=0.037692599207206752 0.011485946390381732 0.43645993998907512 0.034640485276813147 -0.022386736124681714 -0.032475780595787408 0.0087802739834386048 0.01289244236014825 0.0081609218311409423 0.036368185891238879 0.031746725972004008 0.0092445892072529796 -0.018218890168478656 0.028258559746838635 0.00056317326317698122 -0.0179401072391706 -0.040336432112701763 -0.016881006609367276 0.0081392385415664653 -0.033004391438686519 0.090125835965597451 -0.019947405886987204 -0.035301504963985798 0.031870424649084274
leaf_weight=11063.032371468842 1657.3516087606549 2.3557199984788886 2406.7965640351176 972.69935509376228 2071.7375371716917 7521.0273876357824 961.92550886049867 1343.7895699292421 945.86786742508411 7495.4396582394838 1098.9321603402495 716.17341623455286 1461.3564511574805 2478.5847642142326 1714.6790993865579 113.40086048841476 457.54237975366414 1191.3345921300352 48.092983089387417 15.617309071123598 300.56522700749338 80.913658354431391 247.11056764423847
leaf_count=13961 2973 23 2947 17358 82341 22337 6849 2411 1141 10159 1904 2230 2226 9259 16606 320 4880 2576 125 68 5811 2229 2399
internal_value=0.0172198 -0.00212298 0.0286014 0.00203057 -0.0242144 0.00379184 0.0180669 0.0206667 0.0107518 0.0336719 0.0288695 -0.00101037 0.026557 -0.00249892 -0.00700305 0.00816719 0.00329546 0.0192229 0.0373866 -0.0315585 8.21397e-05 0.0183041 0.035691
internal_weight=46366.3 17176 29190.3 14457.7 2718.3 13485 9484.79 8065.32 3005.83 19705.5 8594.37 2059.96 5059.49 5964.02 4193.26 1770.75 1419.47 2652.69 11111.1 2087.35 630.945 330.38 249.466
internal_count=213133 161724 51409 68853 92871 51495 25260 13531 5782 26149 12063 4641 7749 29158 25865 3293 11729 4802 14086 82409 10462 4651 2422
is_linear=0
shrinkage=0.0409094


Tree=57
num_leaves=24
num_cat=0
split_feature=2 3 0 0 18 0 3 2 4 2 2 4 3 9 0 18 0 3 3 3 8 4 14
split_gain=5394.41 1618.39 716.689 671.151 483.565 476.611 435.316 353.787 259.848 226.127 215.859 162.629 161.123 146.411 134.267 119.134 115.596 144.949 115.053 109.528 100.986 99.6592 96.6882
threshold=-0.52307487581226619 -0.097082368592514776 -5.6909761363314598e-05 -0.00022631214656508301 -0.78999800180100987 -9.6542998343235811e-05 -0.097197621493632688 -0.43745719759597834 0.35205444870752661 -0.54093891007862005 -0.39803469125373675 -0.24286569716308917 -0.092625991859514603 -0.0035516382818619658 -5.6772837378329557e-05 -0.78982669201012923 -0.0079817216099404512 -0.046028149690776669 -0.097204151223134985 -0.094823548675809569 -1.0421727788141431 4.657397609613299 -0.0067384545409489459
decision_type=2 2 2 2 2 2 2 2 2 2 2 2 2 2 2 2 2 2 2 2 2 2 2
left_child=2 5 4 10 -1 13 14 11 -9 -6 16 22 -10 18 -7 -8 20 -18 -2 -13 -3 -12 -5
right_child=1 3 -4 7 9 6 15 8 12 -11 21 19 -14 -15 -16 -17 17 -19 -20 -21 -22 -23 -24
leaf_value=0.01441160880702084 0.032882377907637116 -0.05538266359686396 0.015078381819654126 -0.026140988619707504 0.038703165857634593 0.014048558229584004 -0.01284722881363601 -0.0332409913618519 -0.020302255459404572 0.026052153466563265 -0.017034702568828445 -0.0072293072513871784 0.030104207029331368 -0.04857261817177131 -0.00081968340161704017 0.031765089166664651 0.0093740095075020326 -0.039378354376537375 0.018933659701358452 0.014608868362873789 0.050532890458975216 0.090069709038091653 0.017356004433638071
leaf_weight=1830.3600174859166 1628.9824949502945 16.558931760489941 3893.9414942376316 930.22938431985676 13931.871224015951 6023.9104696139693 1811.4484700579196 2497.2348530124873 250.79515975527465 2847.9061499014497 746.4464548099786 1774.3868870437145 183.98373887129128 46.520348563790321 1222.8145824223757 106.04214018955827 2538.1249655243009 106.33967475965619 2521.4778357818723 490.64179575443268 167.05528271198273 14.828314147889612 94.186211805790663
leaf_count=2887 1981 135 8379 19409 18587 9836 6778 83275 2992 4344 11092 8888 1925 168 2894 191 14532 1121 4232 6653 563 28 2243
internal_value=0.0167726 0.00291779 0.0310386 -0.00969911 0.034378 0.0121821 0.00695327 -0.0178263 -0.0281593 0.036556 0.0043879 -0.00861613 0.00102806 0.0235993 0.0115397 -0.0103801 0.00959296 0.00741357 0.0244083 -0.00249881 0.0409811 -0.0149485 -0.0221418
internal_weight=45676.1 23172 22504.1 9810.81 18610.1 13361.2 9164.22 6221.46 2932.01 16779.8 3589.35 3289.44 434.779 4196.98 7246.73 1917.49 2828.08 2644.46 4150.46 2265.03 183.614 761.275 1024.42
internal_count=213133 178936 34197 152856 25818 26080 19699 125385 88192 22931 27471 37193 4917 6381 12730 6969 16351 15653 6213 15541 698 11120 21652
is_linear=0
shrinkage=0.0409094


Tree=58
num_leaves=24
num_cat=0
split_feature=2 3 0 0 18 0 3 2 10 4 2 5 2 4 6 3 10 10 11 0 3 3 4
split_gain=5132.09 1500.76 707.842 628.535 481.143 448.615 403.071 343.13 295.348 250.94 230.783 208.796 201.792 153.434 148.997 148.247 143.794 137.823 137.01 112.878 135.211 109.751 108.729
threshold=-0.52307487581226619 -0.097082368592514776 -5.6909761363314598e-05 -0.00022631214656508301 -0.78999800180100987 -0.00010094815629017156 -0.097197621493632688 -0.43745719759597834 -0.0061198919760941219 0.35205444870752661 -0.54093891007862005 -0.011346206042245991 -0.36103587915245988 -0.24286569716308917 -0.098622016991765857 -0.092625991859514603 -0.0061221831435969059 -0.0061221852477959309 -0.0021661431969176837 -0.0014141278430396191 -0.095629402914613013 -0.049487798696509482 0.49295658851898821
decision_type=2 2 2 2 2 2 2 2 2 2 2 2 2 2 2 2 2 2 2 2 2 2 2
left_child=2 5 4 12 -1 11 16 13 -8 -9 -6 -2 19 -5 -10 -11 -7 -4 -15 21 -21 -3 -14
right_child=1 3 17 7 10 6 8 9 14 15 -12 -13 22 18 -16 -17 -18 -19 -20 20 -22 -23 -24
leaf_value=0.013894171261460824 0.025315219461027556 0.028766481304061297 -0.045038808335855683 -0.021578458650425212 0.038279735628600174 -0.03047358279672335 -0.029591695299713252 -0.032818634877775761 0.0092404370594699088 -0.019712016665597191 0.025383868382510492 -0.020905426524077984 -0.030653054205507693 0.13649787945011893 -0.028388022863012126 0.028662967302596636 0.012096657708236197 0.015562960033650319 -0.0031253978271580472 0.011617760338637021 -0.0087067331848579271 -0.0048226955377857431 0.019528803304039881
leaf_weight=1821.054642803967 3779.1780243813992 656.35911836475134 63.860098857432604 1008.60089029558 13518.312623359263 135.29140407592058 755.2302674818784 2427.3516078591347 1033.7737972587347 247.80080600082874 2804.2280538007617 170.96678146719933 374.38606403395534 11.823742922395466 212.27625108137727 185.30141201801598 7191.5790864229202 3803.6911405809224 2253.6441847719252 1307.7103189975023 942.68363248184323 216.50078877806664 89.542255287989974
leaf_count=2887 5533 3506 335 21652 18587 722 4087 83275 2247 2992 4344 495 7062 55 828 1925 12168 8044 15486 5489 9255 1643 516
internal_value=0.0163314 0.00281786 0.0304519 -0.00939494 0.033839 0.0117595 0.00686622 -0.0173493 -0.00940504 -0.0277004 0.0360642 0.0233147 0.00420792 -0.00830577 0.00283008 0.000985067 0.0113106 0.0145623 -0.00239669 0.00794748 0.00310389 0.0204352 -0.0209675
internal_weight=45011.1 23000 22011.1 9721.7 18143.6 13278.3 9328.15 6134.52 2001.28 2860.45 16322.5 3950.14 3587.18 3274.07 1246.05 433.102 7326.87 3867.55 2265.47 3123.25 2250.39 872.86 463.928
internal_count=213133 178936 34197 152856 25818 26080 20052 125385 7162 88192 22931 6028 27471 37193 3075 4917 12890 8379 15541 19893 14744 5149 7578
is_linear=0
shrinkage=0.0409094


Tree=59
num_leaves=24
num_cat=0
split_feature=1 3 1 7 11 1 3 3 1 3 3 6 3 14 11 6 1 3 7 1 3 8 16
split_gain=5439.34 871.474 813.578 539.572 264.395 214.958 284.385 180.453 242.12 457.082 204.793 175.879 161.97 143.692 142.31 151.459 128.251 125.329 124.583 119.729 99.7603 90.3737 93.641
threshold=-0.12740569179116254 -0.097169329680065211 -0.093741356577902057 1.9250742839987212 -0.0021661431830677785 -0.12763124889070168 -0.097213820793438058 -0.080731890027203698 -0.1287580717865483 -0.092625991859514603 -0.096953110641960008 -0.25795334920264318 -0.097044201212031916 -0.0067385077800328147 -0.0021661430930432087 -0.12407577398348768 -0.12741784610364168 -0.097220978969214403 -0.51963850798029909 -0.15976554124274203 -0.097210472162097911 -0.17305834721441793 -0.52757787166977821
decision_type=2 2 2 2 2 2 2 2 2 2 2 2 2 2 2 2 2 2 2 2 2 2 2
left_child=1 5 3 4 -2 -1 16 8 10 12 -3 21 -10 -12 15 -6 -7 -18 -16 -9 -5 -4 -23
right_child=2 7 11 20 14 6 -8 19 9 -11 13 -13 -14 -15 18 -17 17 -19 -20 -21 -22 22 -24
leaf_value=0.036177736835803061 -0.016493873110673699 0.033180757055872707 -0.032058233557650716 0.02379253424004707 0.020947841329103659 0.032423776052161263 0.0075212871941074365 0.0059247168902226716 0.006882512210382748 0.033370140050511483 0.01440609978008201 -0.032632848638907405 -0.01740283186604458 0.047398414006235387 0.012603959220583653 -0.00045832935338739936 -0.076453910420335836 0.018602063527879444 -0.0081193369941135272 -0.034546646998799314 -0.041719735410745688 0.076538988621097093 0.0022037992693463779
leaf_weight=10284.76333758235 1153.5590005544946 2263.7091611474752 57.370075302198529 41.794714905321598 592.48229654319584 6073.3698028922081 1061.0575454980135 724.57121665775776 1310.9409129172564 903.99569743871689 2839.9436883181334 1621.18072546646 707.74909677356482 239.56543253362179 3817.6488263644278 8338.0860586138442 23.815844595432281 917.83966884016991 556.23436377756298 147.18508204445243 561.82142019830644 45.609021170064807 74.995975894853473
leaf_count=14086 12601 2947 1149 79 4132 8734 1904 6618 2411 1347 6962 56685 2230 560 11371 42464 85 1340 4145 2185 27506 553 1039
internal_value=0.0159003 0.0271176 -0.00239415 0.000711714 0.00229383 0.0322553 0.0272601 0.0167942 0.0186612 0.00919435 0.0238394 -0.0283949 -0.00163189 0.0169727 0.00392281 0.000961824 0.0302457 0.016198 0.00996854 -0.000908364 -0.0371836 0.0102091 0.030315
internal_weight=44359.3 27498.5 16860.8 15061.6 14458 18360.8 8076.08 9137.66 8265.9 2922.69 5343.22 1799.16 2018.69 3079.51 13304.5 8930.57 7015.03 941.656 4373.88 871.756 603.616 177.975 120.605
internal_count=213133 51409 161724 102298 74713 26149 12063 25260 16457 5988 10469 59426 4641 7522 62112 46596 10159 1425 15516 8803 27585 2741 1592
is_linear=0
shrinkage=0.0409094


Tree=60
num_leaves=24
num_cat=0
split_feature=1 0 0 3 5 1 0 3 1 3 5 6 1 3 3 1 14 6 5 16 10 3 3
split_gain=5144.79 958.86 834.989 563.701 351.269 243.828 203.842 223.676 180.515 222.419 173.689 165.902 143.539 283.838 193.329 143.289 132.702 185.068 128.576 115.972 114.094 101.171 83.1164
threshold=-0.12740569179116254 -5.6625746886026619e-05 -2.1888186967814719e-05 -0.097174017737536714 -0.011346443077275158 -0.092586704656732202 -0.00073202372971293856 -0.097151760142345153 -0.12763124889070168 -0.097213820793438058 -0.011344740219558646 -0.25795334920264318 -0.12910766623046549 -0.092625991859514603 -0.096953110641960008 -0.12603305163567494 -0.0067385220751121598 -0.098555517742535834 -0.010215165459958266 0.5129847970493866 -0.0061221853354106763 -0.046028149690776669 0.14311482791178406
decision_type=2 2 2 2 2 2 2 2 2 2 2 2 2 2 2 2 2 2 2 2 2 2 2
left_child=1 3 4 8 5 6 21 -8 18 -10 12 -7 14 -14 -5 -4 17 20 -1 -12 -3 -2 -18
right_child=2 16 15 10 -6 11 7 -9 9 -11 19 -13 13 -15 -16 -17 22 -19 -20 -21 -22 -23 -24
leaf_value=0.038205303214252882 0.028808280855930946 -0.05147098916655795 0.02101977191895343 0.036629248697208322 -0.030319087368925777 0.023121556112830222 0.006481384445837509 -0.0045401158195712424 0.031915797217800204 0.010235811864373685 -0.04940956213547705 -0.026869006137486651 0.006373005099801759 0.03500216170957117 0.018928605104459338 -0.032257573536130388 0.042058722777408929 -0.019607487249393249 -0.050942758675061782 0.017305570085931726 0.0098344016081669088 -0.044674502944574424 -0.044304398009535527
leaf_weight=8702.8636639118195 643.62578052468598 51.684510933235288 89.152043709531426 1724.1402684375644 585.18443997763097 131.26747618801892 7924.137698225677 5042.7677836101502 6202.8133064433932 907.86939547210932 98.188668739050627 723.22824930865318 2104.9785222858191 799.75877294316888 2574.9549075812101 1613.3761126883328 241.75413038209081 439.5738019309938 27.160415723919868 78.444716218858957 2987.4219047427177 32.96273173391819 20.208895789459348
leaf_count=12113 3319 444 723 2211 9595 1261 15890 41482 9063 1588 502 16019 4125 1102 5032 72681 1407 5225 82 224 7827 754 464
internal_value=0.0154701 0.0265395 -0.00231003 0.0296359 0.000755426 0.00200969 0.0033374 0.00219518 0.0339866 0.0291478 0.020298 -0.0191895 0.0212807 0.0142554 0.0260274 -0.0294677 0.00731768 0.00520321 0.037928 -0.0197807 0.00879181 0.0252283 0.0353963
internal_weight=43747.5 26961.8 16785.7 23221.2 15083.2 14498 13643.5 12966.9 15840.7 7110.68 7380.47 854.496 7203.83 2904.74 4299.1 1702.53 3740.64 3478.68 8730.02 176.633 3039.11 676.589 261.963
internal_count=213133 51409 161724 36042 88320 78725 61445 57372 22846 10651 13196 17280 12470 5227 7243 73404 15367 13496 12195 726 8271 4073 1871
is_linear=0
shrinkage=0.0409094


Tree=61
num_leaves=24
num_cat=0
split_feature=2 0 0 4 18 6 2 11 14 2 10 13 5 10 6 6 8 2 5 2 10 2 18
split_gain=4626.4 1244.47 686.874 461.796 452.259 327.718 235.119 160.623 150.585 259.781 172.534 131.624 128.043 118.261 111.039 109.179 107.079 103.728 100.915 95.2962 90.7705 74.0198 77.7681
threshold=-0.52307487581226619 -5.6702656665127236e-05 -5.6909761363314598e-05 -0.16458673060116605 -0.78999800180100987 -0.094159630088816018 -0.54093891007862005 -0.0021661431045848336 -0.0067385146918016959 -0.42206220115533993 -0.0061214764975182573 -0.36350912824112686 -0.011344740219558646 -0.0061221852477959309 -0.23897050222715624 -0.19760049415862774 -0.7128146759246955 -0.49259587251783327 -0.01134569390368185 -0.3206224683343683 -0.0061220067442426893 -0.53915681580787889 -0.78996054306708274
decision_type=2 2 2 2 2 2 2 2 2 2 2 2 2 2 2 2 2 2 2 2 2 2 2
left_child=2 3 4 12 -1 8 -6 18 11 10 -10 15 14 -4 16 -3 -2 -16 20 -9 -5 22 -15
right_child=1 5 13 7 6 -7 -8 19 9 -11 -12 -13 -14 21 17 -17 -18 -19 -20 -21 -22 -23 -24
leaf_value=0.013170468131500008 -0.037790462189390681 0.025967459642426194 -0.042157663404971554 -0.0093480648310181533 0.037198128524530229 -0.035514532864210836 0.023836474095699424 0.022538105626164331 -0.02397048588337489 -0.03154919107929853 0.093285295606368709 -0.040516659498185968 -0.024796171385508034 0.0042061940340329933 0.0079167637396942089 -0.011736688304010704 0.036923524000451076 -0.0036546624987928091 -0.020398831598796185 0.0089647769723578477 0.010704895117966507 0.0012364662845222077 0.020121330908757399
leaf_weight=1805.6146349906921 37.368831815198064 134.45546885579824 63.556348571553826 404.91051756590605 12447.008460208774 1155.8346380442381 2678.2573235630989 3072.5007103700191 27.826856728643179 80.539628111757338 85.624534659087658 257.79640516731888 353.80283194594085 652.85158021748066 1761.923090569675 2916.7425404340029 227.81739692948759 4907.8319523502141 196.90937776863575 1205.2328296750784 5637.2353035379201 620.248182002455 2413.1651112772524
leaf_count=2887 347 2532 335 2097 18587 58551 4344 6155 375 3024 575 8924 4131 1503 4562 37069 1164 29593 1313 3133 15391 2341 4200
internal_value=0.0150515 0.00219816 0.0290133 0.00712341 0.032522 -0.0166256 0.0348322 0.0126081 -0.0103931 0.0246379 0.0645253 -0.0124468 -0.000790405 0.0131712 0.000434307 -0.0100752 0.0263952 -0.000597884 0.00842181 0.0187139 0.00936106 0.0141251 0.0167325
internal_weight=43145.1 22464.4 20680.7 17805.5 16930.9 4658.82 15125.3 10516.8 3502.99 193.991 113.451 3308.99 7288.74 3749.82 6934.94 3051.2 265.186 6669.76 6239.06 4277.73 6042.15 3686.26 3066.02
internal_count=213133 178936 34197 67886 25818 111050 22931 28089 52499 3974 950 48525 39797 8379 35666 39601 1511 34155 18801 9288 17488 8044 5703
is_linear=0
shrinkage=0.0409094


Tree=62
num_leaves=24
num_cat=0
split_feature=2 3 18 2 2 6 18 3 4 4 10 6 3 14 13 3 5 3 12 14 6 4 6
split_gain=4401.5 1193.69 559.373 537.005 362.544 312.592 307.981 371.025 224.135 220.51 214.028 150.31 149.711 140.232 131.528 130.052 123.489 122.369 117.224 111.598 110.318 109.99 98.3382
threshold=-0.52307487581226619 -0.097082368592514776 -0.78999800180100987 -0.39803469125373675 -0.54093891007862005 -0.12107183102707339 -0.78972994609101377 -0.097197621493632688 -0.19589831722593529 0.57123555508091139 -0.0061202769544777859 -0.097720998620205404 -0.092466807580416935 -0.0067385501902773931 -0.55872712541328962 -0.096779437482147096 -0.010215165459958266 -0.097112570467887002 -0.75283490106864981 -0.0067385555173968227 -0.098649306279176938 -0.10196355735162756 -0.098555517742535834
decision_type=2 2 2 2 2 2 2 2 2 2 2 2 2 2 2 2 2 2 2 2 2 2 2
left_child=2 6 11 5 15 18 7 14 -7 12 -9 -1 -5 -10 -2 -4 -8 -6 -3 -20 -12 -16 -17
right_child=1 3 4 9 17 8 16 10 13 -11 20 -13 -14 -15 21 22 -18 -19 19 -21 -22 -23 -24
leaf_value=0.0081546063754018069 -0.0021503948734760592 -0.0087574157755158713 0.035083144810032281 -0.017686705916701979 0.02568687762365382 -0.01978618568143058 0.028027997111331936 -0.020680856111006677 -0.0046210044929463926 0.013667549827746069 0.0073810709348597235 0.059917426398711067 -0.038011766158715141 0.023662075403433635 0.0079731662576181424 0.025985380603763455 -0.085190445946993182 0.009799247184885897 -0.011853802409380131 0.020848209519343942 -0.017099411430121763 0.018176021533450198 -0.0077127096348901386
leaf_weight=2370.6991948075593 940.68740471452475 388.08404146134853 12996.872193172574 1177.2685598302633 1857.4806952178478 1796.9308248953894 1601.8127712123096 942.45868459157646 2757.8630045233294 231.02914353087544 1672.7522140219808 97.756702469661832 1250.99684680067 328.31198277790099 2947.5970606133342 1310.3356973752379 16.286707773804665 1440.5521684046835 201.70000709407032 1301.9167231395841 377.61805354058743 4419.7364711984992 162.953418828547
leaf_count=4333 1969 3373 19879 20108 2777 37124 2315 4451 17982 1300 3544 375 59056 3219 5510 2166 77 3889 1501 9193 1237 6977 778
internal_value=0.0146305 0.00211717 0.0284525 -0.00894562 0.0309876 -0.00283061 0.0101958 0.00780568 -0.00830004 -0.0245242 -0.0045446 0.0102045 -0.0281578 -0.00161221 0.0122547 0.0337774 0.0268884 0.0187473 0.0112878 0.0164615 0.00287248 0.014094 0.0222582
internal_weight=42589.7 22353.1 20236.7 9434.1 17768.2 6774.81 12918.9 11300.8 4883.11 2659.29 2992.83 2468.46 2428.27 3086.17 8308.02 14470.2 1618.1 3298.03 1891.7 1503.62 2050.37 7367.33 1473.29
internal_count=213133 178936 34197 152856 29489 72392 26080 23688 58325 80464 9232 4708 79164 21201 14456 22823 2392 6666 14067 10694 4781 12487 2944
is_linear=0
shrinkage=0.0409094


Tree=63
num_leaves=24
num_cat=0
split_feature=1 0 0 3 5 1 11 1 3 3 0 1 3 6 3 1 5 0 3 18 3 3 3
split_gain=4531.24 877.816 739.685 574.937 320.553 223.717 189.942 187.02 305.17 244.478 166.715 157.791 184.658 147.364 142.702 129.662 110.155 104.209 166.92 171.635 146.379 117.465 168.433
threshold=-0.12741233683191389 -5.6625746886026619e-05 -2.1888186967814719e-05 -0.09718566186629525 -0.011346443077275158 -0.092586704656732202 -0.0021661431830677785 -0.1287580717865483 -0.094592112137363307 -0.097029791248490718 -0.00073202372971293856 -0.12760730124143679 -0.09721630145476691 -0.25795334920264318 -0.097044201212031916 -0.12603305163567494 -0.010215165459958266 -5.6584454094238657e-05 0.035843189287440062 -0.79031510490574053 -0.071849137684371081 0.25288055317876634 0.29586117426496533
decision_type=2 2 2 2 2 2 2 2 2 2 2 2 2 2 2 2 2 2 2 2 2 2 2
left_child=1 3 4 11 5 6 -2 9 14 -5 -8 16 -13 -7 -9 -4 -1 21 19 -19 -21 -3 -23
right_child=2 17 15 7 -6 13 10 8 -10 -11 -12 12 -14 -15 -16 -17 -18 18 -20 20 -22 22 -24
leaf_value=0.037547581040389362 -0.014230615492881673 -0.0043396206993965543 0.018886938473964845 0.035859182546786786 -0.029646113826022832 0.020233628597998495 0.024559374294424393 0.0091531867179223247 0.033316078432972157 0.017109062960973729 0.0032706894555943771 0.031505767691897453 0.011736660909407368 -0.026318204968866041 -0.015630463759054612 -0.031491694098996978 -0.045999646184950754 0.076815241501679746 -0.035866700087681939 0.014770887911008024 -0.029345532564889393 0.42941862830890104 0.04953698610260799
leaf_weight=7716.2402871102095 992.69502751436085 1226.1856497954577 90.642828783020377 1881.5349097922444 564.0832045674324 135.85492709651589 648.16500208340585 1534.9330727159977 753.06091376021504 3050.8963780067861 12266.390172239393 5087.0317956581712 936.29183423519135 701.20093856193125 520.72464291751385 1506.957118707709 26.501843139529228 70.714147439226508 117.7936198413372 2044.4977009091526 134.12844801694155 2.3889989256858817 10.711239533498881
leaf_count=11626 9775 3666 730 2622 9602 1261 3806 2776 1132 6233 48447 7953 1678 16019 1435 72681 78 193 2673 5809 2797 17 124
internal_value=0.0142285 0.0252508 -0.0021449 0.0283828 0.000619466 0.00177736 0.00301364 0.0194632 0.0110368 0.0242615 0.00433914 0.0333986 0.0284328 -0.0187628 0.00287517 -0.0286334 0.0372616 0.00657309 0.0116048 0.0140908 0.0120548 -0.0030378 0.118813
internal_weight=42019.6 25113.6 16906 21507.2 15308.4 14744.3 13907.3 7741.15 2808.72 4932.43 12914.6 13766.1 6023.32 837.056 2055.66 1597.6 7742.74 3606.42 2367.13 2249.34 2178.63 1239.29 13.1002
internal_count=213133 50812 162321 35533 88910 79308 62028 14198 5343 8855 52253 21335 9631 17280 4211 73411 11704 15279 11472 8799 8606 3807 141
is_linear=0
shrinkage=0.0409094


Tree=64
num_leaves=24
num_cat=0
split_feature=1 3 1 7 5 5 11 1 3 3 1 3 3 10 8 5 8 3 1 9 3 1 3
split_gain=4280.21 840.563 671.939 456.241 252.708 239.825 193.781 187.66 336.491 323.598 184.712 206.277 159.133 157.483 145.791 117.245 108.937 93.9233 92.9416 86.4028 86.1661 78.8143 77.9287
threshold=-0.12741233683191389 -0.09718566186629525 -0.092586704656732202 1.9250742839987212 -0.011345834404801204 -0.011344740219558646 -0.0021661431830677785 -0.1287580717865483 -0.096953110641960008 -0.092625991859514603 -0.12760730124143679 -0.097217965545684043 -0.097044201212031916 -0.0061221852477959309 -1.2476197016434647 -0.010215165459958266 0.10633660730620764 -0.097210472162097911 -0.1274199963847357 -0.0035525888338403576 -0.094706093103106279 -0.1287580717865483 -0.092466807580416935
decision_type=2 2 2 2 2 2 2 2 2 2 2 2 2 2 2 2 2 2 2 2 2 2 2
left_child=1 10 3 4 6 7 -2 8 -3 12 15 18 -9 -8 -10 -1 -7 -5 19 -12 21 -18 -11
right_child=2 5 -4 17 -6 16 13 9 14 22 11 -13 -14 -15 -16 -17 20 -19 -20 -21 -22 -23 -24
leaf_value=0.035007890322526838 -0.013920792765758761 0.032338338499367396 -0.027160343351421992 0.022464509193197792 -0.028821285677626839 -0.055923533663171897 -0.027611880642715296 0.0074639098520526137 -0.020610555689654173 0.033273784461771899 0.033187955626903638 0.011305273574519338 -0.015932718359480128 0.0048590836635211522 0.014742860587001565 -0.047445626133332149 0.031792655453291255 -0.041583217051892725 0.017057912264510405 0.0092981342280331804 -0.04324793258428928 -0.043709933406270884 -0.03759899989434369
leaf_weight=8436.756184861064 1063.5184456519783 2449.3124767839909 1614.7953823283315 41.559597969055176 433.69581350404769 99.412594327703118 254.89448623824865 1735.7796212285757 206.94113294035196 775.33344868570566 4081.6321378648281 1346.2614012286067 675.99210637807846 12939.778261275031 3445.4626010935754 28.960801348090172 104.46944814920425 491.40304318722337 869.96672232449055 270.13443291932344 61.987548487260938 29.720699347555637 26.864444006234407
leaf_count=13087 11326 3516 58839 79 7213 1227 3078 3213 1537 1076 6480 2455 2104 54280 12333 87 193 27506 1426 471 1190 115 302
internal_value=0.0138287 0.0246908 -0.00206811 0.000593251 0.00194207 0.0152418 0.00287781 0.0163929 0.0206069 0.00839258 0.0307317 0.0255835 0.000906102 0.00423181 0.0127398 0.0347258 -0.0210361 -0.0365889 0.0292647 0.031705 -0.00335697 0.0150702 0.0309004
internal_weight=41484.6 24645 16839.6 15224.8 14691.9 9611.28 14258.2 9315.69 6101.72 3213.97 15033.7 6567.99 2411.77 13194.7 3652.4 8465.72 295.59 532.963 5221.73 4351.77 196.178 134.19 802.198
internal_count=213133 50812 162321 103482 75897 26806 68684 24081 17386 6695 24006 10832 5317 57358 13870 13174 2725 27585 8377 6951 1498 308 1378
is_linear=0
shrinkage=0.0409094


Tree=65
num_leaves=24
num_cat=0
split_feature=1 2 1 9 7 11 6 9 2 2 2 6 14 2 11 1 6 1 10 19 8 2 1
split_gain=4042.48 1643.98 621.383 455.965 429.241 192.267 157.464 148.125 137.189 260.603 122.22 111.868 106.482 99.9802 125.497 97.881 141.353 95.564 86.8088 83.5036 81.2542 95.2355 80.8156
threshold=-0.12740569179116254 -0.53281582579112274 -0.092586704656732202 -0.0035525889851384163 1.9250742839987212 -0.0021661431830677785 -0.25795334920264318 -0.0035525764093419731 -0.47279222656252756 1.0000000180025095e-35 -0.4310934952324959 0.07752822097874279 -0.0067385077800328147 -0.42773706764455505 -0.0021661431969176837 -0.12758468488969602 -0.099672838747001655 -0.12741784610364168 -0.0061204789302137198 -0.77605616802184674 -0.63307940697059184 -0.4805599152664462 -0.12741784610364168
decision_type=2 2 2 2 2 2 2 2 2 2 2 2 2 2 2 2 2 2 2 2 2 2 2
left_child=1 22 4 10 5 13 20 15 11 -10 12 -7 17 14 -2 18 -17 -3 -5 -9 -4 -22 -1
right_child=2 3 6 7 -6 8 -8 19 9 -11 -12 -13 -14 -15 -16 16 -18 -19 -20 -21 21 -23 -24
leaf_value=0.033284170218469182 0.12618625684513499 1.80249459778982e-05 -0.045106641967888418 0.012779986303694656 -0.036412127754533272 0.0075755427681970479 -0.031324493104698196 -0.020477211838939274 -0.0078975723478937141 0.0073173708836779764 -0.014992903064283886 0.13456307428090014 0.033336526376218888 -0.031488710103622315 -0.0079393864776290974 -0.019211781487987883 0.017435103637040695 0.019040802662760425 0.028184962100827105 0.011096187669818548 -0.036945868893995711 0.041975523099822602 0.0079874419009584013
leaf_weight=14095.156842939556 11.867544533684848 3090.0696907434613 36.365693205967546 778.32711918652058 514.08356013707817 5635.8163189012557 1397.5190492682159 215.83046657964587 3924.4614080935717 3623.6021423814818 638.06201378814876 11.633885582908986 200.95388544164598 386.39283923711628 719.59080851264298 203.15916270017624 1324.8483867645264 515.73516090586782 2868.0718372091651 399.99280332773924 33.457526616752148 108.80875644274056 214.57251048088074
leaf_count=22917 37 8596 791 1594 27585 15700 56110 2160 28637 18241 4718 32 645 6986 5667 487 2110 745 4347 2657 389 1549 433
internal_value=0.0134428 0.0239508 -0.00228034 0.0114319 0.000315624 0.00163475 -0.0267016 0.0189972 0.00301477 -0.000593328 0.00157676 0.00783714 0.00435405 -0.0146554 -0.00576327 0.0212545 0.0125626 0.00273884 0.0248968 3.05104e-05 0.00946557 0.0234152 0.0329048
internal_weight=40948.4 24544.8 16403.6 10235.1 14827.4 14313.4 1576.15 5790.23 13195.5 7548.06 4444.82 5647.45 3806.76 1117.85 731.458 5174.41 1528.01 3605.8 3646.4 615.823 178.632 142.266 14309.7
internal_count=213133 51409 161724 28059 102885 75300 58839 13355 62610 46878 14704 15732 9986 12690 5704 8538 2597 9341 5941 4817 2729 1938 23350
is_linear=0
shrinkage=0.0409094


Tree=66
num_leaves=24
num_cat=0
split_feature=1 0 0 5 5 1 0 4 6 1 8 18 0 6 18 1 15 15 6 18 18 6 15
split_gain=3815.15 886.145 633.467 268.605 249.579 179.059 204.665 172.702 141.24 124.833 123.547 94.8968 92.7834 123.6 89.5947 79.7831 73.6978 73.2491 89.4514 109.448 89.2801 82.6981 68.4199
threshold=-0.12740569179116254 -5.6625746886026619e-05 -2.1888186967814719e-05 -0.011346443077275158 -0.011346206042245991 -0.057293433173719176 -0.0008847691281490853 -0.18024252391355064 -1.0631789755419392 -0.12603305163567494 0.1008708832246777 1.300275000967219 -5.6584454094238657e-05 -0.098764083014693624 -0.79031510484179235 -0.12741784610364168 -0.092469278011871867 -0.092308502097322623 -0.38397688209403891 -0.79031510490574053 -0.75979592984523536 -0.10416055401760681 -0.092352212010890847
decision_type=2 2 2 2 2 2 2 2 2 2 2 2 2 2 2 2 2 2 2 2 2 2 2
left_child=1 4 3 5 11 6 14 -8 -7 -4 -6 15 17 -14 -2 -1 -12 21 20 -20 -19 -3 -18
right_child=2 12 9 -5 10 8 7 -9 -10 -11 16 -13 13 -15 -16 -17 22 18 19 -21 -22 -23 -24
leaf_value=0.028238481652593808 -0.019740036676242207 -0.035628316090157895 0.019021029896945794 -0.028016039512856968 -0.031803743889772085 0.050493660945121886 -0.0059065341666132117 0.0042636993044489939 -0.029969739840135741 -0.030613197835454877 -0.037176355594615081 0.0038732898441945921 0.017026574488560178 -0.0023086788211320879 0.029391335006832948 0.015630866261703201 0.038870783986212958 -0.06304817316201429 0.081687605802430105 -0.026832923276251044 0.16234166954433996 0.0068245877606470332 -0.0059446465374967871
leaf_weight=18940.643128219992 69.271944480016828 85.665490083396435 90.26455613039434 538.223752588965 164.1354500092566 39.842519726604223 4028.1747444253415 9123.0100820306689 436.45383227895945 1401.665342791006 41.998807724565268 284.2547954916954 1393.9230086188763 917.5011516623199 601.40031065419316 879.00732736289501 147.57452072203159 4.4429978989064685 16.225960211828351 375.30856214277446 8.7018562033772451 741.54124119691551 92.905423797667027
leaf_count=32630 1241 317 723 9595 583 224 29923 32950 10947 72681 139 774 3592 7932 3440 1409 215 30 135 1875 22 1464 292
internal_value=0.0130667 0.023413 -0.00220025 0.000354954 0.0266708 0.00142292 0.00227276 0.00114858 -0.0232389 -0.0276102 -0.00357677 0.0273427 0.0045188 0.0093516 0.0243167 0.0276793 0.0128246 -0.00454914 -0.0188115 -0.0223356 0.0861593 0.00242817 0.0215571
internal_weight=40422.1 24093.8 16328.3 14836.4 20550.5 14298.2 13821.9 13151.2 476.296 1491.93 446.614 20103.9 3543.31 2311.42 670.672 19819.7 282.479 1231.89 404.679 391.535 13.1449 827.207 240.48
internal_count=213133 51409 161724 88320 36042 78725 67554 62873 11171 73404 1229 34813 15367 11524 4681 34039 646 3843 2062 2010 52 1781 507
is_linear=0
shrinkage=0.0409094


Tree=67
num_leaves=24
num_cat=0
split_feature=2 1 0 3 0 1 1 1 2 3 0 0 3 3 2 9 5 0 3 1 4 10 10
split_gain=3677.81 1126.94 952.736 541.741 430.279 394.281 287.811 285.918 226.213 258.574 179.171 174.53 166.881 139.808 125.841 125.742 113.801 113.016 111.516 96.5591 92.8067 87.4264 78.0386
threshold=-0.52877492243014679 -0.12741784610364168 -5.6702656665127236e-05 -0.09718566186629525 -5.6625746886026619e-05 -0.12756684028522983 -0.11247173669722622 -0.1281480550756485 -0.43640483359464965 -0.09721977744640288 -0.00019125413827362873 -5.7044840732705945e-05 -0.094592112137363307 -0.097070578063777516 -0.32829896836400968 -0.0035525873985628661 -0.011343448497808833 -5.6584454094238657e-05 1.0000000180025095e-35 0.27320936303557825 2.93526034525099 -0.0061221003531376234 -0.0061218787457139505
decision_type=2 2 2 2 2 2 2 2 2 2 2 2 2 2 2 2 2 2 2 2 2 2 2
left_child=1 4 3 5 -1 -2 8 13 15 21 14 22 -12 -5 -9 -4 -17 -6 20 -20 -13 -10 -3
right_child=2 11 6 7 17 -7 -8 10 9 -11 12 18 -14 -15 -16 16 -18 -19 19 -21 -22 -23 -24
leaf_value=0.034942786858749471 0.029912069563732612 -0.007461773306370165 -0.0032833635906365758 0.024939191420610168 0.00090305279809270434 0.0088319054118059619 -0.035786596241542915 0.0048848852412716765 -0.05616218255269588 -0.028144486533124145 -0.015625648192488233 -0.013911163950509243 0.0094736668041735129 0.0046284674508069099 -0.020311831271719764 0.045430208431161995 -0.037503048102411382 0.021538707679448574 0.1410199149090012 -0.043587919772580162 0.026867053098338249 0.013004335717799848 0.014933458140099016
leaf_weight=11967.807038225234 1907.1468993127346 299.09902353584766 1634.932674555108 762.74737120419741 693.19258588552475 6707.3130935356021 882.80936729721725 2672.0560221262276 33.087259538471699 1439.7838539611548 2940.071226105094 943.04294102266431 522.05208570696414 2212.2234555520117 378.74552455730736 163.13912275619805 33.35186792165041 1236.432174384594 15.122045084834101 6.9078068491071454 103.67320476472378 404.28394079953432 2012.7328524291515
leaf_count=20481 2803 686 10069 1062 1325 11795 51316 21012 212 47955 15350 3504 5391 5492 6503 1172 501 1871 48 129 151 770 3535
internal_value=0.0126779 0.0268994 0.00185022 0.00607167 0.0320524 0.0134988 -0.0147936 -0.00067176 -0.00979626 -0.0197761 -0.00547144 0.00571596 -0.0118409 0.0098359 0.00175681 0.000432761 0.0313533 0.0141256 -0.00795514 0.0831332 -0.00987224 0.00777187 0.012036
internal_weight=39971.8 17278 22693.7 18102.4 13897.4 8614.46 4591.39 9487.9 3708.58 1877.16 6512.92 3380.58 3462.12 2974.97 3050.8 1831.42 196.491 1929.62 1068.75 22.0299 1046.72 437.371 2311.83
internal_count=213133 31730 181403 69408 23677 14598 111995 54810 60679 48937 48256 8053 20741 6554 27515 11742 1673 3196 3832 177 3655 982 4221
is_linear=0
shrinkage=0.0409094


Tree=68
num_leaves=24
num_cat=0
split_feature=1 3 0 0 15 0 3 14 1 3 3 1 9 7 18 0 1 3 18 3 3 1 14
split_gain=3400.68 889.45 634.135 309.914 284.893 254.555 208.865 169.924 165.319 271.977 242.959 149.561 133.341 132.493 195.005 270.609 127.498 151.229 116.93 120.303 116.066 101.76 95.4343
threshold=-0.12741784610364168 -0.09718566186629525 -5.6702656665127236e-05 -5.6625746886026619e-05 -0.092302992131012965 -5.6625746886026619e-05 -0.09718566186629525 -0.0067385077800328147 -0.1287580717865483 -0.094592112137363307 -0.097029791248490718 -0.11629525632922384 -0.0035525875423050527 -0.51963850798029909 -0.79023726585134446 -9.6542998343235811e-05 -0.12777665793943513 -0.09721479993199901 1.3001198628507276 -0.08365361848247814 -0.096984073296789389 -0.13327061136021487 -0.0067385557835484555
decision_type=2 2 2 2 2 2 2 2 2 2 2 2 2 2 2 2 2 2 2 2 2 2 2
left_child=1 3 6 12 11 8 22 -7 10 20 -3 18 16 14 -8 -16 -1 -18 -4 -20 -10 -12 -2
right_child=2 5 4 -5 -6 7 13 -9 9 -11 21 -13 -14 -15 15 -17 17 -19 19 -21 -22 -23 -24
leaf_value=0.037455902046149472 -0.011552543591315677 0.033719264177510241 -0.0028670021089705331 0.011870150053848769 -0.027899844965816128 -0.0044403459202806824 0.017414395179043904 0.034614919588398858 0.0058096420328757007 0.031397679995713849 0.020186845515086895 -0.033829286081534932 0.0082144816771301567 -0.022349679159094228 0.0014314967163221674 -0.020593462932051092 0.031831084980733691 0.01537260030510686 0.033711596409008511 0.21063991962134127 -0.018982267578213287 0.0044956839226573198 0.0090566617646509976
leaf_weight=5176.4919884800911 399.4735156968236 1670.98058295995 1611.2383695952594 1449.6899586319923 1808.2055864641443 1706.6967728100717 857.77129408717155 209.3058006297797 1573.8949345052242 647.3298180475831 1802.4738066978753 265.68903212063015 383.8663671463728 511.44704761914909 4075.1024158522487 1211.0409512855113 4958.4876432567835 1151.2670165896416 52.269246657378972 7.3341941069811574 395.4345595985651 1122.4223639369011 6408.9931752383709
leaf_count=8949 858 2622 13793 2455 76194 10753 2502 1803 3035 1073 3849 12590 691 8864 29873 7159 8755 2120 480 86 1147 2384 11098
internal_value=0.0123241 0.0228866 -0.00133185 0.0297096 -0.0162226 0.0130805 0.00280975 -0.000173914 0.0166015 0.00839321 0.0212748 -0.00531907 0.0319256 -0.00234385 -0.00067847 -0.00361436 0.0327321 0.0287298 -0.000785514 0.0554826 0.000831512 0.0141654 0.00784746
internal_weight=39456.9 22248.3 17208.6 13119.8 3744.74 9128.54 13463.8 1916 7212.54 2616.66 4595.88 1936.53 11670.1 6655.36 6143.91 5286.14 11286.2 6109.75 1670.84 59.6034 1969.33 2924.9 6808.47
internal_count=213133 49636 163497 22970 103143 26666 60354 12556 14110 5255 8855 26949 20515 48398 39534 37032 19824 10875 14359 566 4182 6233 11956
is_linear=0
shrinkage=0.0409094


Tree=69
num_leaves=24
num_cat=0
split_feature=3 0 0 5 0 6 3 5 10 11 3 5 10 0 3 15 14 20 15 10 8 3 6
split_gain=1890.13 623.593 534.182 241.351 204.412 200.78 178.126 165.605 140.921 118.575 146.463 117.762 126.34 117.588 145.986 114.057 125.354 157.355 149.085 111.338 109.182 106.612 157.424
threshold=-0.097151760142345153 -5.6702656665127236e-05 -5.6840003915595974e-05 -0.01134556392544659 -6.8907421553727211e-05 -0.098634774146394086 -0.097189126749091984 -0.011346206042245991 -0.0061195405867685519 -0.0021661430722394962 -0.049487798696509482 -0.011346206042245991 -0.0061203419309122315 -0.00055352980687863203 -0.092466807580416935 -0.092467424037186122 -0.0067383872147007305 -0.51952722299913912 -0.092481534437004645 -0.0061221852477959309 -0.038665837445003806 -0.097210472162097911 -0.099419879091546329
decision_type=2 2 2 2 2 2 2 2 2 2 2 2 2 2 2 2 2 2 2 2 2 2 2
left_child=2 3 4 9 7 11 -6 21 -8 13 -11 12 -3 -2 -15 16 18 -18 -7 -4 -5 -1 -23
right_child=1 5 19 20 6 15 8 -9 -10 10 -12 -13 -14 14 -16 -17 17 -19 -20 -21 -22 22 -24
leaf_value=0.031093206113731713 0.014275947806347477 -0.014617496115285546 -0.039682124242539966 -0.052017104249692844 0.018952143697135906 -0.06624220785198634 -0.038340072684786577 -0.0076705646216060804 0.010656399129732564 0.01657355580706351 -0.023253395770619783 -0.041455559915802916 0.0081836188612513395 0.0035642931871711528 -0.024243580042115069 -0.024790515411939027 0.55553156018324867 0.075441894171372176 0.0079203820354043792 0.0060291878858820223 -0.0098131037721425028 0.028251002344895627 0.01279430669064722
leaf_weight=5023.7623116225004 1682.2113183159381 638.0481269499287 91.504410896450281 143.32362834364176 9275.896060205996 54.578795988112688 161.44749910384417 236.95142970234156 250.93588444590569 2701.7891280483454 163.90710672363639 123.20659656822681 1121.6549801938236 6199.2060989290476 332.9211732391268 1907.29494415503 1.2376631097868109 14.870879563502966 268.68918688222766 3502.4752544462681 360.92240343615413 2982.7579763121903 1749.6342784352601
leaf_count=8488 10413 6887 627 2086 17028 1639 720 526 512 9513 1894 4341 13818 24460 5754 80344 7 216 4058 7482 3913 5030 3377
internal_value=0.0119674 0.00100509 0.0193684 0.00587085 0.0220168 -0.0126443 0.0177825 0.0261219 -0.00852565 0.00713054 0.0142956 -0.00279093 -8.38034e-05 0.0046309 0.00214702 -0.0209023 0.000949239 0.112328 -0.00460082 0.00486536 -0.0218089 0.0269426 0.0225364
internal_weight=38989.2 15713.9 23275.4 11584.3 19681.4 4129.58 9688.28 9993.11 412.383 11080 2865.7 1882.91 1759.7 8214.34 6532.13 2246.67 339.377 16.1085 323.268 3593.98 504.246 9756.15 4732.39
internal_count=213133 169343 43790 58033 35681 111310 18260 17421 1232 52034 11407 25046 20705 40627 30214 86264 5920 223 5697 8109 5999 16895 8407
is_linear=0
shrinkage=0.0409094


Tree=70
num_leaves=24
num_cat=0
split_feature=2 1 0 1 0 1 9 2 14 3 3 0 4 2 0 1 0 6 3 2 3 14 3
split_gain=3371.15 972.007 807.465 439.421 362.75 295.572 291.558 227.444 242.252 241.002 173.451 191.543 154.767 150.78 127.317 127.048 106.983 104.967 103.59 117.068 99.6349 99.1467 95.4508
threshold=-0.53700443202053083 -0.12741784610364168 -5.6772837378329557e-05 -0.12739441848831268 -5.6625746886026619e-05 -0.11247173669722622 -0.0035525889851384163 -0.43640483359464965 -0.0067385077800328147 -0.097220005771713483 -0.097158426920157581 -0.00025235233457169046 0.27377548214560349 -0.36103587915245988 -5.7044840732705945e-05 -0.12603305163567494 -5.6584454094238657e-05 -0.12764041513740537 -0.09721479993199901 -0.5193628012656385 -0.097169329680065211 -0.0067385557691425502 1.0000000180025095e-35
decision_type=2 2 2 2 2 2 2 2 2 2 2 2 2 2 2 2 2 2 2 2 2 2 2
left_child=1 4 3 6 -1 7 18 8 -4 -9 21 13 -8 -12 -3 -13 17 -6 -2 -20 -14 -5 -16
right_child=2 14 5 10 16 -7 12 9 -10 -11 11 15 20 -15 22 -17 -18 -19 19 -21 -22 -23 -24
leaf_value=0.034738093705711751 0.017402293532950305 0.011396951074116483 -0.0030901369635081711 -0.018308554806491 -0.11218207379961129 -0.034969717307599062 0.0073101346701399264 0.0057156867986562577 0.048328048669215279 -0.027186165079700016 0.0074410573179406105 -0.00078381128891359935 0.028442051025030751 -0.021458900660887143 -0.0088045105906124771 -0.019881148901304789 0.022235244497941453 0.0035077347235469123 0.013593369161243698 -0.0042513561230072888 0.013790717038771617 0.0066014726635779918 0.084903596812334295
leaf_weight=10383.88490884006 783.95540846139193 1924.1008541360497 1979.787178426981 282.89547882974148 13.409848004579542 835.721739763394 1329.6356109194458 506.30573941767216 166.2240127697587 1410.717717143707 1965.8069782350212 895.5632852204144 2389.6929269656539 357.00040918961167 923.48279579170048 1670.4203888885677 1082.4942699894309 618.62952437251806 853.73736901581287 2202.7193038910627 1150.8994974568486 4884.8389017432928 18.55718819797039
leaf_count=19195 1177 3426 11473 670 59 51800 2896 1123 1013 48081 16598 3226 3836 6948 2914 17706 1634 1153 1416 5559 1913 9213 104
internal_value=0.0115873 0.026785 0.00197743 0.00583814 0.0318597 -0.012813 0.0125642 -0.00825557 0.000892572 -0.0184964 1.2205e-05 -0.00551158 0.0192105 0.00299932 0.00536388 -0.0132159 0.0144268 0.00105317 0.00413582 0.000733079 0.0236795 0.00523783 -0.00695856
internal_weight=38630.5 14964.6 23665.9 18767.2 12098.4 4898.76 8710.64 4063.03 2146.01 1917.02 10056.5 4888.79 4870.23 2322.81 2866.14 2565.98 1714.53 632.039 3840.41 3056.46 3540.59 5167.73 942.04
internal_count=213133 28485 184648 71158 22041 113490 16797 61690 12486 49204 54361 44478 8645 23546 6444 20932 2846 1212 8152 6975 5749 9883 3018
is_linear=0
shrinkage=0.0409094


Tree=71
num_leaves=24
num_cat=0
split_feature=2 1 0 0 1 9 1 2 14 13 0 2 4 5 4 10 0 9 10 0 1 13 10
split_gain=3201.95 1041.19 675.196 416.353 303.369 273.918 254.895 182.629 226.927 160.322 148.554 147.627 140.488 118.476 117.146 111.852 111.807 106.994 103.709 102.037 81.5225 78.2797 95.3797
threshold=-0.52307487581226619 -0.12741784610364168 -5.6702656665127236e-05 -5.6625746886026619e-05 -0.12739441848831268 -0.0035525889851384163 -0.11247173669722622 -0.43640483359464965 -0.0067385077800328147 -0.35633671722925547 -5.7044840732705945e-05 -0.54093891007862005 0.22680810220844957 -0.011344962669638007 0.55557976176852675 -0.0061214764975182573 -5.6584454094238657e-05 -0.0035466651680149818 -0.0061130347216685763 -0.0008847691281490853 -0.12741784610364168 -0.50393575012272651 -0.0061216335446702226
decision_type=2 2 2 2 2 2 2 2 2 2 2 2 2 2 2 2 2 2 2 2 2 2 2
left_child=1 3 4 11 5 20 7 8 -4 13 -3 -1 -7 18 -9 -10 -5 -11 -6 -19 -2 -12 -23
right_child=2 10 6 16 9 12 -8 14 15 17 21 -13 -14 -15 -16 -17 -18 19 -20 -21 -22 22 -24
leaf_value=0.034755400562175957 -0.0023638315362391172 0.010822593134084206 -0.004059596514084338 -0.00043772478027090552 -0.00073469259075665085 0.0049601584478519535 -0.035318130136276889 -0.022479838786142698 -0.024809389568793482 -0.028278815504925656 0.0060604182221349499 0.021716616025795193 0.021703590301435323 -0.031769356692591351 0.0082472472585463936 0.068665116036667403 0.019758791973695712 0.22324781534634619 0.011027002740726433 -0.045111875961025331 0.013864205615458817 -0.039759373058852132 -0.0060389036190597392
leaf_weight=9643.2237922176719 2392.1209974512458 2564.3373026326299 1495.6418400518596 714.34274607896805 7432.6868758611381 1147.2011526711285 773.20123517140746 1545.8479177206755 26.509697664529085 414.85188396088779 472.44044754654169 1711.1097542569041 3118.538341216743 185.62795897759497 239.87153097335249 111.67746774852276 1282.0317635759711 5.5772626399993896 1509.4482154883444 4.1249448861926776 661.29433196783066 195.3447179812938 498.95160382799804
leaf_count=18396 5827 4855 10268 1394 38024 2579 50893 47846 304 6527 1091 2951 5178 2472 1091 648 2052 31 6152 80 1016 885 2573
internal_value=0.0112601 0.0244218 0.000586801 0.0297611 0.00423802 0.010505 -0.0141056 -0.00930918 0.000574696 -0.000563824 0.00531645 0.0327904 0.0172007 0.000579186 -0.0183523 0.0507331 0.0125321 -0.0251381 0.0012507 0.109153 0.00115076 -0.00678535 -0.0155264
internal_weight=38146 17081.8 21064.2 13350.7 16871.5 7319.15 4192.75 3419.55 1633.83 9552.32 3731.07 11354.3 4265.74 9127.76 1785.72 138.187 1996.37 424.554 8942.14 9.70221 3053.42 1166.74 694.296
internal_count=213133 34197 178936 24793 67886 14600 111050 60157 11220 53286 9404 21347 7757 46648 48937 952 3446 6638 44176 111 6843 4549 3458
is_linear=0
shrinkage=0.0409094


Tree=72
num_leaves=24
num_cat=0
split_feature=1 3 1 7 5 5 1 3 3 11 6 6 1 3 3 8 5 7 9 8 3 8 1
split_gain=2841.01 813.241 500.503 354.695 191.551 186.3 166.655 296.098 290.417 148.377 161.981 145.625 141.132 165.854 133.491 131.974 115.287 107.853 97.3705 95.4894 90.2002 75.556 75.3502
threshold=-0.12741784610364168 -0.09718566186629525 -0.092586704656732202 1.9250742839987212 -0.011346443077275158 -0.011344740219558646 -0.1287580717865483 -0.096953110641960008 -0.094592112137363307 -0.0021661431345545695 -0.12298514105840264 -0.25795334920264318 -0.12784477266850847 -0.09721479993199901 -0.097044201212031916 -1.2476197016434647 -0.010215165459958266 -0.51963850798029909 -0.0035525875423050527 0.10633660730620764 -0.097210472162097911 -0.63307940697059184 -0.057293433173719176
decision_type=2 2 2 2 2 2 2 2 2 2 2 2 2 2 2 2 2 2 2 2 2 2 2
left_child=1 12 3 4 9 6 7 -3 14 10 -2 21 16 18 -8 -9 -1 -11 -14 -7 -5 -4 -23
right_child=2 5 11 20 -6 19 8 15 -10 17 -12 -13 13 -15 -16 -17 -18 -19 -20 -21 -22 22 -24
leaf_value=0.033510032763283938 0.0213994252459794 0.02895387627568808 -0.045242895832321744 0.022204064319224923 -0.024767727670929943 -0.054996011174832625 0.0037854441272648213 -0.022919729886734439 0.027743569169626656 0.009163136946907199 -0.0025555293756125844 -0.02981099482699642 0.028248580307825993 0.01195368658119886 -0.018541059750720536 0.01146673765680729 -0.053638926880005738 -0.0076513141635605637 -0.010684570660040188 -0.0044046219261917579 -0.041318748150924886 0.078271110395025462 0.0069761754237974063
leaf_weight=5138.809439830482 502.74282031692564 2102.4083160869777 33.392733029089868 41.236811198294163 445.45255921408534 93.130492120981216 1606.4356200285256 198.06104060448706 701.23644594103098 5537.9948007147759 7829.877938831225 1235.1400941060856 5265.1149249263108 1471.6888423003256 621.60666354000568 3283.1336866952479 25.530141100287437 721.62125290557742 109.74740169197321 189.45527557469904 403.18701332714409 32.107209594920278 109.14733817800879
leaf_count=9622 3247 3516 791 79 7456 1227 3186 1537 1412 17145 44485 56110 10140 2887 1958 12333 81 4740 240 1497 27506 242 1696
internal_value=0.0109331 0.0210521 -0.00153094 0.000594013 0.00165851 0.0116008 0.0126856 0.0168315 0.00478296 0.00246521 -0.00111022 -0.0248669 0.0279733 0.0241219 -0.00244348 0.00951033 0.0330792 0.00722473 0.0274536 -0.0210778 -0.0354246 0.0100987 0.0231815
internal_weight=37698.3 20806.4 16891.9 15482.1 15037.7 8795.47 8512.88 5583.6 2929.28 14592.2 8332.62 1409.79 12010.9 6846.55 2228.04 3481.19 5164.34 6259.62 5374.86 282.586 444.424 174.647 141.255
internal_count=213133 49636 163497 104658 77073 26666 23942 17386 6556 69617 47732 58839 22970 13267 5144 13870 9703 21885 10380 2724 27585 2729 1938
is_linear=0
shrinkage=0.0409094


Tree=73
num_leaves=24
num_cat=0
split_feature=1 1 7 5 5 18 6 11 6 19 13 8 11 11 8 11 6 11 11 11 1 1 6
split_gain=2676.19 456.057 331.071 305.304 173.923 167.338 148.037 163.068 140.862 134.081 82.5227 91.8772 84.4217 81.3617 72.149 64.3912 61.442 59.4562 110.594 63.7511 58.9135 56.4791 53.6667
threshold=-0.12741233683191389 -0.092586704656732202 1.9250742839987212 -0.011346323502618622 -0.011345834404801204 1.3002728826154277 -0.12198922538149284 -0.0021661431815288433 -0.17316652794679577 -0.7586590400750578 -0.41100100782144083 -0.63307940697059184 -0.002166142954542202 -0.0021661430999644041 0.1008708832246777 -0.0021661408888266633 -0.10070265457665654 -0.002166143139229098 -0.0021661431345545695 -0.0021661431906588647 -0.15446504177714568 -0.1287580717865483 0.22477370400547869
decision_type=2 2 2 2 2 2 2 2 2 2 2 2 2 2 2 2 2 2 2 2 2 2 2
left_child=3 2 4 5 6 13 9 -8 10 -2 11 -3 -13 17 -5 -4 -7 19 -19 -1 -16 -22 -15
right_child=1 8 15 14 -6 16 7 -9 -10 -11 -12 12 -14 22 20 -17 -18 18 -20 -21 21 -23 -24
leaf_value=0.0057128690069797837 -0.0012474069464415709 -0.044913374847361333 -0.038612702357489009 -0.026712803080266266 -0.025693069667887172 0.013801774962821254 -0.015427617142609467 0.0021161537736737366 -0.031175080622334803 0.0293325217647659 -0.043586432783973887 0.038786516941156993 -0.02379497938206878 0.02556435042870803 -0.045812801574486146 0.039094897876162202 -0.0030354707412228212 0.0056993357865393864 0.020775842415491463 0.022951867539717993 0.021064343715833499 -0.015869316949772297 -0.016665571936673805
leaf_weight=379.39618618786335 398.87918639741838 39.86779114510864 410.28079945873469 232.54893643781543 390.3692264938727 1345.1245369203389 957.22397741675377 12032.193242540583 1087.9109138138592 602.29924973100424 56.179435080848634 145.64457794744521 47.952777257189155 7973.9551974274218 37.334454849362373 18.657783165574074 496.63866654224694 1244.229719588533 2356.4952066410333 6682.271419338882 205.09211702831089 104.6505965590477 50.68300554715097
leaf_count=1022 3098 931 27334 1526 7213 3441 10846 51339 53630 3401 1619 1891 768 16473 908 251 3524 3847 4917 13418 603 297 836
internal_value=0.0106033 -0.00191047 0.000183746 0.0201998 0.0012401 0.0210265 0.0019916 0.000823308 -0.0244251 0.0171492 0.000927869 0.0116395 0.0232855 0.0221861 -0.00908005 -0.0352326 0.00926155 0.0198443 0.0155662 0.0220257 0.00273427 0.00858583 0.0252976
internal_weight=37295.9 16187.5 14809.9 21108.4 14381 20528.8 13990.6 12989.4 1377.56 1001.18 289.645 233.465 193.597 18687 579.626 428.939 1841.76 10662.4 3600.72 7061.67 347.077 309.743 8024.64
internal_count=213133 162321 103482 50812 75897 47478 68684 62185 58839 6499 5209 3590 2659 40513 3334 27585 6965 23204 8764 14440 1808 900 17309
is_linear=0
shrinkage=0.0409094


Tree=74
num_leaves=24
num_cat=0
split_feature=2 1 3 0 1 0 1 2 10 4 3 0 10 1 10 15 5 0 15 2 3 0 7
split_gain=2888.93 866.295 654.158 525.045 420.674 373.813 349.889 194.64 151.463 147.324 140.925 263.908 138.897 124.004 106.95 102.744 100.349 99.6428 98.9453 98.0959 94.3142 87.962 82.842
threshold=-0.53700443202053083 -0.12741784610364168 -0.097151760142345153 -0.00015284160656288095 -0.12774449982348596 -5.6625746886026619e-05 -0.12603305163567494 -0.44070562128338414 -0.0061221852477959309 0.66517031495521917 -0.09721977744640288 -6.2631666104413073e-05 -0.0061216127382413051 0.011432434492427061 -0.0061198919760941219 -0.092479915596596032 -0.010215165459958266 -5.6584454094238657e-05 -0.091775317499115702 -0.49131359131508162 -0.097210472162097911 -5.9896301110704598e-05 -0.51963850798029909
decision_type=2 2 2 2 2 2 2 2 2 2 2 2 2 2 2 2 2 2 2 2 2 2 2
left_child=1 5 4 7 16 -1 12 13 -3 15 -6 20 -5 18 -13 -8 -2 -7 -4 -14 -12 -10 -9
right_child=2 8 3 6 10 17 9 22 21 -11 11 14 19 -15 -16 -17 -18 -19 -20 -21 -22 -23 -24
leaf_value=0.033381673607452124 0.026107503606018639 -0.058863386452807337 0.0073192401137362499 -0.025625358239553638 0.01051413977409104 -0.00091901453017884886 0.0052993106364933977 -0.0047656400947588143 0.016361339945539802 0.011959463766919431 0.016027482002919192 -0.021636809885215831 0.0058559352759318724 -0.036993006222020293 -0.0026554565511470126 -0.02902273058023306 -0.052032799347388969 0.019980121390734146 0.024864207081354114 -0.0089524300950251604 0.0020901258021380448 0.0010363448944146389 -0.039672249769494468
leaf_weight=9378.4869506768882 2032.3151450231671 61.007282404229045 2814.426542269066 468.98907874617726 3986.0023568719625 610.18983219563961 155.36161317117512 1642.6957135712728 954.6908255442977 173.90572098642588 1279.3386783674359 926.02590191923082 1470.6083548255265 93.804478218778968 1071.7594783231616 2413.8960043443367 27.88227753341198 1020.0547303631902 665.06181306391954 1525.0069997124374 2227.1533720344305 1825.1392831653357 122.25209828466177
leaf_count=19195 3376 401 10437 3189 7126 1212 3360 16304 1687 1400 2033 3450 3585 1541 2444 102620 89 1634 2358 12677 4487 4356 4172
internal_value=0.0102684 0.0250412 0.00141009 -0.00547604 0.00829356 0.0302387 -0.0135658 0.00393146 0.0049001 -0.0244808 0.004656 0.000413742 -0.00492372 0.00942145 -0.0114538 -0.0269473 0.02505 0.0121577 0.0106727 -0.0016827 0.00717515 0.00629948 -0.00718351
internal_weight=36946.1 13849.6 23096.5 11546 11550.5 11008.7 6207.77 5338.24 2840.84 2743.16 9490.28 5504.28 3464.6 3573.29 1997.79 2569.26 2060.2 1630.24 3479.49 2995.62 3506.49 2779.83 1764.95
internal_count=213133 28485 184648 161643 23005 22041 126831 34812 6444 107380 19540 12414 19451 14336 5894 105980 3465 2846 12795 16262 6520 6043 20476
is_linear=0
shrinkage=0.0409094


Tree=75
num_leaves=24
num_cat=0
split_feature=2 0 0 3 2 0 3 0 2 7 3 0 14 14 13 9 2 3 3 11 14 3 14
split_gain=2737.33 613.544 508.44 359.61 280.179 225.765 205.952 189.664 186.07 150.258 136.537 134.603 128.401 125.7 123.839 102.085 87.7244 104.526 86.2677 82.14 93.8997 91.7655 85.1357
threshold=-0.53700443202053083 -5.6772837378329557e-05 -5.7044840732705945e-05 -0.09718566186629525 -0.4965995805689476 -9.8677616504755575e-05 -0.092466807580416935 -0.00019125413827362873 -0.40629955432525167 -0.51963850798029876 -0.096830580272352265 -0.00010094815629017156 -0.0067385475688626108 -0.0067385534860110912 2.3648554090665272 -0.0035525887256081566 -0.44180844904499966 -0.097220577627033081 -0.025481455625666772 -0.0021661431815288433 -0.0067384545409489459 -0.097220715450195741 -0.0067383900644206315
decision_type=2 2 2 2 2 2 2 2 2 2 2 2 2 2 2 2 2 2 2 2 2 2 2
left_child=2 3 9 5 11 -2 19 10 12 15 -6 -5 -8 -9 -14 -1 -7 -18 -4 -3 21 -21 -22
right_child=1 6 18 4 7 16 8 13 -10 -11 -12 -13 14 -15 -16 -17 17 -19 -20 20 22 -23 -24
leaf_value=0.029856428893651706 0.022659486817890918 -0.022746691575493985 0.0090249155655703801 0.013859523509298399 0.012853465613106621 0.013247148257060118 -0.019343008795752514 -0.0068391184910922683 -0.040478877463254223 -0.0086899036011299346 -0.0046243793303065387 -0.0042938620176984207 0.01483658902790487 -0.024217694852825787 0.20324842967274595 -0.017551820172800697 0.010767226796256175 -0.0027214250152990996 0.056767926656990958 0.011458359112829435 0.10349968081688293 -0.0083147777846892777 0.012411761514754654
leaf_weight=10199.917888261378 2081.405031889677 429.84127414319664 3044.3574764691293 2498.3034966848791 1109.9326323885471 2412.8384718298912 628.10880470089614 1973.6563217397779 669.78590854536742 175.3330887556076 2294.1763049261644 941.06406632997096 149.08521794341505 1076.4562401045114 6.0762593736872068 76.58599654212594 1740.7917921543121 2147.6485645398498 64.685356771573424 476.50494765490294 24.471744447946548 2236.1710636951029 57.574452329427004
leaf_count=20861 3420 7715 6794 5836 3110 4167 25049 8966 52738 409 24971 2305 5889 10868 166 237 2979 4536 184 908 40 20512 473
internal_value=0.00996951 0.0013602 0.0245421 0.00474386 -0.00053828 0.0109781 -0.0118603 -0.0055638 -0.0246479 0.0288624 0.00107439 0.00889248 -0.0111106 -0.0129724 0.022215 0.0295031 0.00711952 0.00331723 0.0100182 -0.00609799 -0.00353734 -0.00484146 0.0395804
internal_weight=36514.8 22953.9 13560.9 18276.3 9893.59 8382.68 4677.62 6454.22 1453.06 10451.8 3404.11 3439.37 783.27 3050.11 155.161 10276.5 6301.28 3888.44 3109.04 3224.56 2794.72 2712.68 82.0462
internal_count=213133 184648 28485 71158 56056 15102 113490 47915 83842 21507 28081 8141 31104 19834 6055 21098 11682 7515 6978 29648 21933 21420 513
is_linear=0
shrinkage=0.0409094


Tree=76
num_leaves=24
num_cat=0
split_feature=1 1 7 5 18 5 6 6 4 19 4 13 8 8 6 8 1 9 6 1 4 11 11
split_gain=2303.37 414.393 297.908 276.79 164.106 160.48 136.269 130.591 150.642 120.198 93.7894 81.0059 68.0679 66.9256 65.68 80.1209 64.3753 97.7458 63.6257 61.8456 102.16 60.2724 58.9511
threshold=-0.12741784610364168 -0.092586704656732202 1.9250742839987212 -0.011346323502618622 1.3002728826154277 -0.011345834404801204 -0.25795334920264318 -0.12198922538149284 -0.18024252391355064 -0.7586590400750578 -0.27417728378785838 2.367986458674304 0.1008708832246777 -0.63307940697059184 -0.098499362938442594 -1.2476197016434647 -0.1281480550756485 -0.0035525888032966317 -0.11838909934932743 -0.057293433173719176 -0.5090141834736277 -0.0021661408888266633 -0.0021661431045848336
decision_type=2 2 2 2 2 2 2 2 2 2 2 2 2 2 2 2 2 2 2 2 2 2 2
left_child=3 2 5 4 14 7 13 9 -9 -2 11 18 -5 -3 16 -16 22 -18 -6 -15 -21 -4 -1
right_child=1 6 21 12 10 -7 -8 8 -10 -11 -12 -13 -14 19 15 -17 17 -19 -20 20 -22 -23 -24
leaf_value=0.020984052991086143 -0.0013166054695945117 -0.044912315538647024 -0.038243555689985949 -0.026091080115918253 0.0037467781139836785 -0.024980400330957386 -0.028698970211170721 -0.0057999787945003742 0.0036949421487863067 0.027627506117699183 0.012440854047691473 0.16272620626564208 0.0027081665168670116 0.070161268650068984 -0.056223365937718484 0.01132269182948749 0.020818446006438587 0.0064261372126133013 -0.034281965481668945 0.27238701973389517 0.0010089806028129368 0.037409197092317721 0.028318663911799127
leaf_weight=3726.7531159576029 396.76865936815739 30.349682305939496 376.6557518010959 229.71217750944197 147.43491260521114 379.368757029064 1142.3612310644239 3954.9076352715492 9547.0406040977687 608.17687702178955 1498.0037210416049 4.3433096054941407 341.59616160951555 33.978528685867786 31.064673412591219 545.00338755548 8386.2344457879663 871.84104638546705 147.08563684113324 2.3733507841825476 106.37034303043038 18.489589350298047 3610.8217212744057
leaf_count=8251 3107 791 27334 1525 562 7215 56110 28436 34913 3402 4551 5 1805 242 588 3409 17864 1757 1839 34 1662 251 7480
internal_value=0.00966534 -0.00154139 0.00035518 0.0191841 0.0200291 0.00128579 -0.0235739 0.00197268 0.000913748 0.0161999 0.00826618 -0.0126586 -0.00887146 0.0102541 0.02126 0.00768025 0.0217314 0.0194631 -0.015245 0.0219852 0.00693186 -0.0347036 0.0245934
internal_weight=36136.7 16596.8 15281.4 19539.9 18968.6 14886.3 1315.43 14506.9 13501.9 1004.95 1796.87 298.864 571.308 173.072 17171.7 576.068 16595.7 9258.08 294.521 142.722 108.744 395.145 7337.57
internal_count=213133 163497 104658 49636 46306 77073 58839 69858 63349 6509 6957 2406 3330 2729 39349 3997 35352 19621 2401 1938 1696 27585 15731
is_linear=0
shrinkage=0.0409094


Tree=77
num_leaves=24
num_cat=0
split_feature=2 6 18 4 2 2 14 14 6 2 13 12 11 7 15 16 4 5 11 11 15 15 6
split_gain=2527.89 532.377 449.551 325.809 178.719 170.051 113.026 110.076 98.8744 94.8062 123.709 86.3468 85.623 83.6164 137.903 124.725 84.2022 83.2949 82.9945 125.524 78.7535 74.2157 65.3271
threshold=-0.53700443202053083 -0.098542018898359604 -0.79000412502475748 -0.16458673060116605 -0.4965995805689476 -0.46749679333622174 -0.0067385557994869023 -0.006738533307017556 -0.097720998620205404 -0.49259587251783327 -0.39702925119532689 1.0000000180025095e-35 -0.0021661430930432087 -0.51963850798029876 -0.09247906562897304 1.824666782371104 -0.21155411053831993 -0.011346323502618622 -0.0021661428278747685 -0.0021661427456408011 -0.092324566210326559 -0.092481993193352041 -0.094159630088816018
decision_type=2 2 2 2 2 2 2 2 2 2 2 2 2 2 2 2 2 2 2 2 2 2 2
left_child=2 3 8 6 7 -5 -2 -3 13 11 -11 -8 20 21 16 -16 -15 22 -9 -20 -7 -1 -4
right_child=1 4 17 5 -6 12 9 18 -10 10 -12 -13 -14 14 15 -17 -18 -19 19 -21 -22 -23 -24
leaf_value=-0.0451368565856839 -0.02612827274487103 -0.0077321570767394272 0.027603750276497179 0.013266522222547547 -0.02638736192086772 0.0029940057944398335 -0.0033026240981942744 0.026636829521427964 0.052568917416461539 -0.003323201383473558 -0.027075506719321227 0.010855399874669507 0.009160583762442491 -0.085867398153126537 -0.044203097011792557 0.037234570688424555 0.028075284275613312 -0.016438756762416643 0.32752402732811209 0.050571315381939555 -0.0098210067508518323 0.010217590005615118 -0.0086358775608477972
leaf_weight=41.544414274394512 335.27315444964916 359.23374093417078 10782.53961093165 4956.7203819714487 1473.3204264361411 3104.3888248009607 1372.4370249733329 87.484862702898681 75.75863272882998 5441.586152668111 393.51388237718493 1518.6376934507862 2575.6050408240408 11.801226086914538 200.94569928199053 37.319159924983978 135.2552727162838 73.278216645121574 4.0214114207774392 8.587073337286709 1082.3841355675831 1669.4254687633365 83.895402828231454
leaf_count=117 1857 4132 23441 10887 74417 10369 4729 840 218 45744 9427 3990 8672 51 809 55 207 240 22 98 9464 2717 630
internal_value=0.00935281 0.00109621 0.0236555 0.00300625 -0.0194412 0.00751056 -0.00281913 0.00283901 0.00665546 -0.00192356 -0.00492504 0.00413437 0.00329152 0.00499618 -0.0122206 -0.0314476 0.0189314 0.0270308 0.0407788 0.138904 -0.000318991 0.00887352 0.027324
internal_weight=35825 22713.2 13111.8 20780.5 1932.65 11719.1 9061.45 459.327 2172.05 8726.17 5835.1 2891.07 6762.38 2096.29 385.321 238.265 147.056 10939.7 100.093 12.6085 4186.77 1710.97 10866.4
internal_count=213133 184648 28485 105139 79509 39392 65747 5092 4174 63890 55171 8719 28505 3956 1122 864 258 24311 960 120 19833 2834 24071
is_linear=0
shrinkage=0.0409094


Tree=78
num_leaves=24
num_cat=0
split_feature=2 3 0 0 0 2 3 14 2 11 7 2 2 10 14 2 3 16 7 11 2 3 6
split_gain=2390.1 540.395 507.884 445.127 298.14 210.393 181.563 167.084 158.731 148.498 134.617 132.183 113.563 108.979 97.1746 81.2579 78.4794 78.4363 76.8449 82.7887 73.6926 109.121 97.5768
threshold=-0.53700443202053083 -0.097151760142345153 -5.7044840732705945e-05 -0.00015284160656288095 -8.2813437586177235e-05 -0.49131359131508162 -0.097220577627033081 -0.0067385546843319955 -0.44070562128338414 -0.0021661431969176837 -0.51963850798029876 -0.44180844904499966 0.14464989734265568 -0.0061221852477959309 -0.0067385555630538321 -0.1405689076590084 -0.025481455625666772 -0.61004709802855184 -0.51963850798029909 -0.0021661431784497725 -0.46749679333622174 -0.097209182233798264 -0.10059482594393189
decision_type=2 2 2 2 2 2 2 2 2 2 2 2 2 2 2 2 2 2 2 2 2 2 2
left_child=2 4 10 8 20 -5 -6 15 14 -9 -1 -8 -13 -4 -3 -7 -15 -16 19 -10 -2 -22 -23
right_child=1 3 13 5 6 7 11 9 18 -11 -12 12 -14 16 17 -17 -18 -19 -20 -21 21 22 -24
leaf_value=0.028279704830373641 0.023715662087868211 -0.0060228319033459217 -0.047700846367377196 -0.0027538385286669876 0.011057971296017315 -0.012360370924010837 0.0049517991043345347 0.10158713103488345 0.02527576449632149 -0.027051070988110073 -0.0079240355123501287 -0.016415493413959457 0.0010822676778899814 0.0085328494919713737 -0.0059337485102695471 0.014812783454169099 0.054474952307827992 0.014154128325006805 -0.039315303490168679 -0.0073281579546500431 0.021750089494165195 0.016763304216994814 -0.0080134312503444827
leaf_weight=9673.3956454657018 1565.7964635230601 642.63914971426129 56.770857514813542 2184.7752159535885 2825.3461644686759 1455.2217177264392 2370.1999107450247 15.124067910946904 142.91383383050561 2150.9823595099151 174.99502938985825 1376.2317325081676 1130.8111094199121 2892.9122231416404 373.49573120102286 210.86253741849214 63.595134355127811 2521.4374060854316 113.23470505606383 1481.4283063625917 991.38401989638805 477.04154379665852 601.34258303791285
leaf_count=21098 2595 2641 316 12204 5047 19395 4673 255 1302 90332 409 3753 3142 6495 1805 4645 167 9890 4172 15002 1590 828 1377
internal_value=0.00905776 0.00105445 0.0231397 -0.00528013 0.0073633 -0.0128852 0.00280577 -0.0186613 0.00339446 -0.0261529 0.0276364 -0.00197467 -0.00852306 0.008443 0.00836789 -0.00892129 0.00952107 0.0115624 -0.00673106 -0.00445958 0.0170192 0.0119534 0.00294698
internal_weight=35491.9 22630.3 12861.7 11292.1 11338.2 6016.97 7702.59 3832.19 5275.15 2166.11 9848.39 4877.24 2507.04 3013.28 3537.57 1666.08 2956.51 2894.93 1737.58 1624.34 3635.56 2069.77 1078.38
internal_count=213133 184648 28485 161643 23005 126831 16615 114627 34812 90587 21507 11568 6895 6978 14336 24040 6662 11695 20476 16304 6390 3795 2205
is_linear=0
shrinkage=0.0409094


Tree=79
num_leaves=24
num_cat=0
split_feature=2 1 6 4 1 1 2 14 10 1 9 10 5 6 2 11 11 11 8 11 1 10 10
split_gain=2255.05 833.402 487.72 320.181 178.971 166.219 165.564 185.263 147.951 146.435 146.173 134.334 130.676 127.517 101.591 91.0324 196.149 82.3721 99.2286 86.6324 80.1575 69.5871 115.072
threshold=-0.53915681580787889 -0.12741784610364168 -0.098542018898359604 0.50861238183137292 -0.12754909417708118 -0.057293433173719176 -0.46127786089939754 -0.006738533307017556 -0.0061221844583869483 -0.062789907168505563 -0.0035525889832991168 -0.0061221852477959309 -0.011346323502618622 -1.0631789755419392 -0.41393143365069046 -0.0021661428278747685 -0.0021661428272784521 -0.0021661404153898414 -0.24790661581327059 -0.0021661431370125646 -0.12780817498633393 -0.0061220376109557958 -0.0061220587507759975
decision_type=2 2 2 2 2 2 2 2 2 2 2 2 2 2 2 2 2 2 2 2 2 2 2
left_child=1 -1 3 5 10 8 7 21 9 -2 -5 -3 -10 14 -7 20 -17 19 -19 -13 -9 22 -4
right_child=2 11 6 4 -6 13 -8 15 12 -11 -12 17 -14 -15 -16 16 -18 18 -20 -21 -22 -23 -24
leaf_value=0.028498605128462823 -0.026460115450368568 -0.058184256744842851 -0.040722232876682571 -0.011931573115395121 0.0048335190499173876 -0.04956614080266325 -0.029128231058095144 0.042981814372672872 0.0021860554865993165 0.21147699527423505 0.022743354489952742 -0.0028294622059820296 -0.015761219565349826 -0.033801226449111293 0.08254128414876663 0.47591432728898592 0.068164717098139566 0.044514470635146214 -0.14181081143374016 0.01215189527081542 -0.014814241993581159 -0.01858383195843219 0.12263872375346824
leaf_weight=9634.4567276909947 397.10415784269571 59.397850450128317 13.541932695545256 223.74714630842209 3098.6281478768215 14.430092363618312 1086.3705358169973 100.67470779828727 13868.079616378993 4.3764980975538483 2244.070418395102 1286.7861524894834 713.91086180787534 364.04909519013017 29.98634441383183 2.175200596451762 21.393631828948855 7.3585470467805889 13.668939478695391 1297.2082079723477 66.811921795830131 591.54352617263794 15.449005823582411
leaf_count=21567 5239 397 248 560 8548 214 64404 304 65569 31 4041 3023 8598 12816 199 26 333 10 69 2612 2441 11856 28
internal_value=0.00877376 0.0228984 0.00117338 0.00297171 0.0113798 -6.90651e-05 -0.0186848 -0.00470563 0.000632857 -0.0238664 0.0195995 0.00264814 0.00130739 -0.0258172 0.039622 0.0305195 0.105797 0.0040352 -0.0766065 0.00469143 0.0199264 -0.015551 0.0463313
internal_weight=35155.2 12298.9 22856.3 20958.4 5566.45 15391.9 1897.96 811.59 14983.5 401.481 2467.82 2664.42 14582 408.466 44.4164 191.055 23.5688 2605.02 21.0275 2583.99 167.487 620.534 28.9909
internal_count=213133 27678 185455 105815 13149 92666 79640 15236 79437 5270 4601 6111 74167 13229 413 3104 359 5714 79 5635 2745 12132 276
is_linear=0
shrinkage=0.0409094


Tree=80
num_leaves=24
num_cat=0
split_feature=1 3 13 1 1 3 3 1 3 6 19 15 5 15 6 18 14 6 5 3 15 5 3
split_gain=1896.51 717.601 362.233 201.905 165.539 279.988 278.964 148.889 169.988 146.044 180.736 222.712 161.508 124.589 122.438 121.213 119.203 106.408 100.278 99.9398 91.9939 91.7479 86.7377
threshold=-0.12741784610364168 -0.09718566186629525 -0.35112230218537444 -0.051096417563970042 -0.1287580717865483 -0.096830580272352265 -0.092625991859514603 -0.12777665793943513 -0.097219182741577773 -0.16281078596880991 -0.77605616802184674 -0.091386304749391425 -0.011345191509207634 -0.092296317394257019 -1.0631789755419392 -0.7899436615842147 -0.0067385475688626108 -0.10261422738037117 -0.010215165459958266 0.14311482791178406 -0.09248093946985636 -0.010820808739805411 -0.097044201212031916
decision_type=2 2 2 2 2 2 2 2 2 2 2 2 2 2 2 2 2 2 2 2 2 2 2
left_child=1 7 3 9 5 -3 22 18 -9 10 20 -12 13 -11 -5 -10 17 -7 -1 -18 -2 -4 -6
right_child=2 4 21 14 6 16 -8 8 15 12 11 -13 -14 -15 -16 -17 19 -19 -20 -21 -22 -23 -24
leaf_value=0.030464524341913289 0.13401710382661491 0.023476210869349985 -0.028884568697059229 0.041846750602848051 -0.00094638087685250817 0.00776196770548521 0.025449478131485775 0.025532357308753206 0.020520799105625712 0.0028809862151983586 0.018249562369428641 0.099615076046597653 -0.03396035730535845 -0.0057631331044100693 -0.030252296356343272 0.00047826470307810111 0.030522529873701562 -0.0090869311257191412 -0.049632682416985346 -0.04847968558598318 -0.027719381712646665 0.089277254320736354 -0.018575457702343416
leaf_weight=4692.914183717221 6.2511783875524989 2288.3032108731568 856.35797419957817 42.762238509021699 1537.032900352031 1670.3665875550359 585.91476503759623 3551.5832253955305 1027.4470076784492 10570.71929071378 170.41008619591594 84.077470000833273 229.93518033437431 3791.4040985964239 504.18486015032977 993.12893463298678 385.12778140977025 1004.5711390124634 26.305411010980606 28.802371354773641 100.63500542007387 11.140418920665978 670.98915845155716
leaf_count=10461 71 4345 39115 318 3295 4966 1324 7921 2151 43678 1364 742 6208 45239 25086 2354 1941 7976 83 628 1482 194 2191
internal_value=0.00849645 0.0174846 -0.00164198 -0.000202235 0.00843325 0.0126305 0.000355296 0.0246712 0.0201429 0.000690715 0.0263813 0.0451311 5.44851e-05 0.000599057 -0.0246153 0.0106697 0.00459573 0.00143437 0.0300181 0.0250253 -0.0182603 -0.0273671 -0.00630363
internal_weight=34830.4 18462.5 16367.9 15500.4 8171.11 5377.17 2793.94 10291.4 5572.16 14953.4 361.374 254.488 14592.1 14362.1 546.947 2020.58 3088.87 2674.94 4719.22 413.93 106.886 867.498 2208.02
internal_count=213133 49636 163497 124188 26666 19856 6810 22970 12426 98784 3659 2106 95125 88917 25404 4505 15511 12942 10544 2569 1553 39309 5486
is_linear=0
shrinkage=0.0409094


Tree=81
num_leaves=24
num_cat=0
split_feature=3 18 0 5 0 3 18 18 10 0 10 15 14 4 3 11 3 18 8 11 5 0 6
split_gain=1069.53 451.654 436.33 356.408 236.686 226.915 219.842 200.446 130.131 112.189 114.217 111.547 181.334 122.297 110.938 92.9517 92.8241 100.513 88.4689 86.9107 85.4458 92.2145 81.6422
threshold=-0.097151760142345153 -0.79001824081914129 -5.6772837378329557e-05 -0.011344264155521082 -5.6702656665127236e-05 -0.097210472162097911 -0.78992038741383241 -0.78995054348954785 -0.0061214933102213057 -0.00073202372971293856 -0.0061221676195588109 -0.092466485130124718 -0.0067384434090675223 1.6984526735726047 -0.092797586193218276 -0.0021661431969176837 -0.049487798696509482 -0.78962940308289731 -0.7128146759246955 -0.0021661431969176837 -0.011346323502618622 -7.615582961114266e-05 0.17304159751905354
decision_type=2 2 2 2 2 2 2 2 2 2 2 2 2 2 2 2 2 2 2 2 2 2 2
left_child=1 18 5 4 9 20 7 -7 19 16 15 12 -10 -13 -12 -11 22 -18 -1 -6 21 -3 -2
right_child=3 2 -4 -5 8 6 -8 -9 11 10 14 13 -14 -15 -16 -17 17 -19 -20 -21 -22 -23 -24
leaf_value=-0.007490982834357768 0.016181175292457755 0.031662625762183427 0.0011225468309333346 -0.029837382864277714 0.074746128341316345 0.01468545973086712 0.024768626438417179 -0.0073903866767280075 0.0074752995079600268 0.069138684910001649 0.00050662265026786904 -0.010024884838727852 0.11928450041398404 0.043435719128857818 0.012124819419511325 -0.032260503386136931 0.01048535784378412 -0.039385686552097308 0.0062969810971996928 -0.027186976375764289 -0.023192403883271977 0.022269139758539516 0.16672099278572658
leaf_weight=969.43376358598471 1658.2306760121137 2609.2742363400757 2227.2863420657814 650.90106090297922 14.319286403246222 1977.1429503075778 1892.2734504267573 1055.9987106733024 459.59148894902319 16.211292179301381 6515.2851072158664 2164.009435529355 25.629358048550785 74.064265679568052 1743.5409688092768 226.80503587517887 178.04965593386441 109.06531062722206 3960.934629291296 625.35000317636877 61.114824928343296 5304.9304885938764 6.0511846337467423
leaf_count=2328 9296 5796 5055 28569 243 4137 3941 2652 5818 131 27375 64444 106 256 10432 2572 1515 1380 7883 17184 152 11846 22
internal_value=0.00822396 0.0143389 0.0178434 -0.000254316 0.00113938 0.0207302 0.0138263 0.00699968 -0.00830077 0.00417643 0.00214599 -0.0044006 0.0133811 -0.00825572 0.00295937 -0.0254963 0.0130226 -0.00845897 0.00358592 -0.0249052 0.024994 0.0253661 0.0167285
internal_weight=34525.5 20058.4 15128 14467.1 13816.2 12900.7 4925.42 3033.14 3362.96 10453.2 8501.84 2723.29 485.221 2238.07 8258.83 243.016 1951.4 287.115 4930.37 639.669 7975.32 7914.2 1664.28
internal_count=213133 43790 33579 169343 140774 28524 10730 6789 88051 52723 40510 70624 5924 64700 37807 2703 12213 2895 10211 17427 17794 17642 9318
is_linear=0
shrinkage=0.0409094


Tree=82
num_leaves=24
num_cat=0
split_feature=1 3 1 0 0 13 1 3 3 1 3 0 9 4 4 14 6 9 10 0 14 9 9
split_gain=1740.32 657.471 331.127 298.45 166.918 198.167 159.289 286.094 267.145 145.194 191.438 143.706 141.703 204.032 161.029 113.505 166.571 95.0081 93.8233 93.5395 90.8395 86.3946 80.4585
threshold=-0.12741784610364168 -0.09718566186629525 -0.092586704656732202 -5.6625746886026619e-05 -0.00073202372971293856 -0.35112230218537444 -0.12849173574742037 -0.094592112137363307 -0.097058450195993032 -0.12760730124143679 -0.097217965545684043 -0.0079817216099404512 -0.0035525889798433932 0.74344928151714229 -0.18024252391355064 -0.0067385077800328147 -0.098897230448946188 -0.0035466651680149818 -0.0061214332645467282 -6.580315630281312e-05 -0.0067378487609322238 -0.0035525871798833351 -0.0035525888338403576
decision_type=2 2 2 2 2 2 2 2 2 2 2 2 2 2 2 2 2 2 2 2 2 2 2
left_child=1 3 4 9 17 12 8 19 -3 21 22 -4 14 -14 -6 16 -10 18 -2 -8 -17 -1 -11
right_child=2 6 11 -5 5 -7 7 -9 15 10 -12 -13 13 -15 -16 20 -18 -19 -20 -21 -22 -23 -24
leaf_value=0.032259920165801821 0.052008317906238041 0.025923963388188139 0.026593735364860809 0.0051375597742064081 -0.0049223117466157254 -0.027805495750458733 -0.0032738587875365955 0.023845646937367852 0.0085111655602375189 0.027522709442672218 0.0038130352097287164 -0.02626673633370637 -0.016056477460861533 0.0099204514071433506 0.0053216117668098096 0.035800184601020357 -0.012897850651851174 0.16945918647133412 0.011240147186432478 -0.02437945943965119 -0.023625057873514765 0.0051977935589284556 0.0014318166202159151
leaf_weight=4696.4871665090322 111.36652554385364 1608.2187286578119 93.182555794715881 1254.5935608893633 3935.3364978972822 449.15739085385576 1343.5159818641841 596.8378723077476 2926.8016648851335 2646.8107516877353 886.29875410348177 1127.8498438391834 1843.6469714511186 697.4498020298779 7392.1143966186792 320.56583330687135 767.7504661232233 6.943942677229642 622.85430267825723 475.92902941629291 49.728954405523837 206.09176499396563 213.78323024883866
leaf_count=11292 494 3177 739 2455 35958 16396 3043 1382 7701 6325 2039 58100 20085 1683 25880 1537 7679 51 4111 1562 585 412 447
internal_value=0.00794808 0.0167167 -0.00174342 0.023784 -8.20658e-05 -0.00106201 0.00806389 -0.000732277 0.0118104 0.0264886 0.0204257 -0.0222327 -0.000195871 -0.00892664 0.00176271 0.00622647 0.00406224 0.0188483 0.0174239 -0.00879465 0.0278196 0.0311223 0.0255728
internal_weight=34273.3 17993.4 16279.9 9904.07 15058.9 14317.7 8089.35 2416.28 5673.07 8649.47 3746.89 1221.03 13868.5 2541.1 11327.5 4064.85 3694.55 741.165 734.221 1819.45 370.295 4902.58 2860.59
internal_count=213133 49636 163497 22970 104658 100002 26666 5987 20679 20515 8811 58839 83606 21768 61838 17502 15380 4656 4605 4605 2122 11704 6772
is_linear=0
shrinkage=0.0409094


Tree=83
num_leaves=24
num_cat=0
split_feature=2 1 0 0 1 1 9 2 14 10 6 1 2 9 0 6 10 9 6 0 1 8 0
split_gain=1949.17 714.099 438.381 371.053 216.89 212.215 249.33 153.569 188.098 117.087 111.206 116.114 104.491 102.581 101.531 93.8573 87.0506 82.0674 79.1286 75.9877 93.0458 69.325 65.2831
threshold=-0.54093891007862005 -0.12741784610364168 -5.6772837378329557e-05 -5.6625746886026619e-05 -0.11247173669722622 -0.12760730124143679 -0.0035525889832991168 -0.43640483359464965 -0.0067385077800328147 -0.0061221852477959309 -0.098499362938442594 -0.11629525632922384 -0.5193628012656385 -0.0035525881256754121 -5.6584454094238657e-05 -0.10798294213879085 -0.0061214933102213057 -0.003552587864742524 -0.19760049415862774 -0.0079817216099404512 -0.048816893328982203 0.10633660730620764 -6.1134060618386979e-05
decision_type=2 2 2 2 2 2 2 2 2 2 2 2 2 2 2 2 2 2 2 2 2 2 2
left_child=1 3 5 -1 7 6 12 8 18 -3 11 -9 -2 19 15 -5 -10 -8 -4 -7 -21 -14 -11
right_child=2 9 4 14 -6 13 17 10 16 22 -12 -13 21 -15 -16 -17 -18 -19 -20 20 -22 -23 -24
leaf_value=0.030944015783369642 0.012822461822473775 -0.055794530830441384 0.03725605249655372 -0.063978006245830984 -0.032691347743908909 0.039935857262816177 0.022872315442918262 -0.011783114588517805 -0.024090102603652404 0.014088326880492099 -0.035954417527078328 0.11681567990438435 -0.013558817645843376 -0.0098269905533353869 0.016662742876221295 -0.00098421773960329431 0.052629483133805534 0.00870003611447406 -0.0049618364664471785 0.0021998481181140267 -0.027138295322146847 0.0029316536729555964 -0.00042348925369634213
leaf_weight=7279.1933040060103 815.50586529821157 56.246807672083378 77.212301461026073 43.02276286482811 634.44089143909514 87.739364810287952 2042.4178641438484 1338.8885722588748 29.578280207701027 738.56830962747335 370.51882120734081 11.854522693902252 819.59715466201305 1374.5797216696665 854.77654404938221 495.23069790005684 151.68424745742232 1027.9901357255876 1969.6261348966509 10941.588858284988 183.95805990044028 889.88719619438052 1743.5585400387645
leaf_count=18396 1492 390 347 143 51980 514 3931 20523 326 1322 28196 485 2318 13725 1509 1023 699 2400 11424 41385 4324 2203 4078
internal_value=0.00769282 0.0216562 0.000817185 0.0272422 -0.0104891 0.00366737 0.0102962 -0.0069224 0.000167938 0.00257194 -0.0161006 -0.0106545 0.000773415 0.000720812 0.00789861 -0.00601933 0.0401104 0.0181274 -0.00336926 0.00201381 0.00171475 -0.00497456 0.00389457
internal_weight=33977.7 11210.6 22767.1 8672.22 4583.8 18183.3 5595.4 3949.36 2228.1 2538.37 1721.26 1350.74 2524.99 12587.9 1393.03 538.253 181.263 3070.41 2046.84 11213.3 11125.5 1709.48 2482.13
internal_count=213133 26861 186272 21071 113980 72292 12344 62000 12796 5790 49204 21008 6013 59948 2675 1166 1025 6331 11771 46223 45709 4521 5400
is_linear=0
shrinkage=0.0409094


Tree=84
num_leaves=24
num_cat=0
split_feature=2 1 0 0 1 4 2 1 2 6 11 6 9 0 0 1 11 6 6 0 13 4 6
split_gain=1841.06 688.76 406.109 363.129 210.09 204.925 149.902 193.621 149.661 126.411 165.378 125.062 104.207 94.6416 87.7686 104.335 87.6408 86.074 94.0329 86.7757 90.4318 86.0467 82.8709
threshold=-0.54093891007862005 -0.12741784610364168 -5.6772837378329557e-05 -5.6625746886026619e-05 -0.11247173669722622 0.57123555508091139 -0.50969776311373272 -0.12639787068201219 1.0909528096269685 -0.19760049415862774 -0.0021661430065965923 -0.096184817018404964 -0.0035525889841142677 -5.6584454094238657e-05 -0.0079817216099404512 -0.10499120665593108 -0.0021661431345545695 -0.01529137814294928 -0.0053642238460753482 -5.7044840732705945e-05 -0.48557855671936456 -0.13327514397639681 -0.10798294213879085
decision_type=2 2 2 2 2 2 2 2 2 2 2 2 2 2 2 2 2 2 2 2 2 2 2
left_child=1 3 5 -1 8 6 7 -2 9 10 -4 -9 -7 22 -8 -16 17 19 -19 -3 -21 -11 -5
right_child=2 16 4 13 -6 12 14 11 -10 21 -12 -13 -14 -15 15 -17 -18 18 -20 20 -22 -23 -24
leaf_value=0.030530668453083217 0.01372973435867186 0.002567389425381011 0.069729526303571737 -0.059177274880648022 -0.032383219852341022 0.00080497367471819468 0.025922336703054886 -0.018265140969353274 -0.038063178538339418 -0.011778974038049185 -0.040621792537173004 0.064917268691219013 0.016555201726964848 0.01617717752962379 -0.00028901775070807944 -0.0166537452710151 0.011058993558434226 0.28146358018871775 0.037195161210669903 -0.0038279224802024469 -0.038116815984385745 0.00094489214570278016 -0.00094325893749561259
leaf_weight=7080.0703317523003 2656.462726354599 878.43872937560081 79.69676576461643 44.575830437242985 614.68607030296698 962.37048527598381 201.67242523189634 502.31403285637498 238.68232061993331 1949.5385499200784 31.796127571724355 32.187025401741266 2608.7109272442758 844.62912428379059 10468.692448157817 695.32454591523856 1114.2231608591974 3.434123683720828 11.369757542386647 302.11763560026884 224.28705860860646 1635.8731396156363 495.58789785206318
leaf_count=18396 4734 1784 471 143 51980 2283 1246 1895 23356 26196 433 238 5350 1509 41537 15009 2098 6 96 776 1030 11544 1023
internal_value=0.00744752 0.0211823 0.000786192 0.0267834 -0.0101407 0.00352896 0.0013746 0.0092095 -0.00666667 -0.00463962 0.038259 -0.013256 0.0123107 0.00762451 -0.000825078 -0.00130826 0.00247107 -0.00426924 0.0938592 -0.00530329 -0.0184375 -0.00597361 -0.00574889
internal_weight=33676.7 10998.7 22678 8464.86 4550.27 18127.7 14556.7 3190.96 3935.59 3696.9 111.493 534.501 3571.08 1384.79 11365.7 11164 2533.87 1419.65 14.8039 1404.84 526.405 3585.41 540.164
internal_count=213133 26861 186272 21071 113980 72292 64659 6867 62000 38644 904 2133 7633 2675 57792 56546 5790 3692 102 3590 1806 37740 1166
is_linear=0
shrinkage=0.0409094


Tree=85
num_leaves=24
num_cat=0
split_feature=1 13 14 7 1 14 10 8 11 9 1 10 18 1 9 10 9 10 11 9 11 11 1
split_gain=1432.49 290.287 245.596 164.503 169.238 138.865 138.322 101.768 83.567 78.5115 77.4662 76.5457 72.1042 164.786 70.2925 66.1245 62.6829 59.6335 57.6068 54.2555 56.2168 52.5549 49.8353
threshold=-0.12741233683191389 -0.35112230218537444 -0.0067385547037186648 1.9250742839987212 -0.051096417563970042 -0.0067385490551738862 -0.0061135200071834222 -0.038665837445003806 -0.0021661431138179595 -0.0035466651680149818 -0.12008709834757801 -0.0060966755030487452 -0.78401161572405142 0.30189921067978515 -0.0035525684461446588 -0.006122150012698821 -0.0035522682058631559 -0.006088614002939423 -0.0021661408888266633 -0.0035525865537383143 -0.0021661430584207272 -0.0021661431969081293 -0.12572782272833563
decision_type=2 2 2 2 2 2 2 2 2 2 2 2 2 2 2 2 2 2 2 2 2 2 2
left_child=2 3 19 4 6 8 7 -2 14 22 -11 -8 13 -6 15 -4 17 -10 -5 21 -21 -1 -3
right_child=1 9 5 18 12 -7 11 -9 16 10 -12 -13 -14 -15 -16 -17 -18 -19 -20 20 -22 -23 -24
leaf_value=-0.055454392707107079 -0.0048101624693453054 0.00037491023608100956 -0.020649001865054886 -0.036652946150498862 0.074649514997881514 0.020840759828216298 0.014847238895913458 0.0028097426619606456 0.010059502308428312 0.16621420909439602 -0.043228745445155682 -0.0024993377341186581 -0.031471414455458202 -0.030191638872021358 -0.037221153415016341 0.0028316241886148876 -0.05335958533435553 0.035762847361070459 0.040797553586218803 -0.0077788044387152241 0.018523728503932826 0.018667521786573753 -0.031178873730899854
leaf_weight=16.029624726623297 5707.8265385152772 95.207610053010285 219.71564117446542 259.03789768181741 38.223632701672614 991.97307878825814 1620.0323861814104 6034.460866486188 987.03162998426706 6.9837519116699696 5.123847949318586 577.49818649841473 393.37007864145562 73.022139356937259 84.062744787894189 2321.5680573116988 23.593203038908541 178.36038572713733 17.13522285502404 271.93985615391284 272.03298892267048 12490.572387140244 697.2031593201682
leaf_count=70 35151 521 1374 19192 743 3936 5994 34753 3761 22 261 2360 20913 3748 1158 7624 627 555 158 916 744 30047 38505
internal_value=0.00720906 -0.00187955 0.0151109 -0.000571802 2.61802e-05 0.00720517 0.000868688 -0.000894229 0.00365904 -0.025808 0.0775795 0.0102887 -0.0232478 0.00583139 -0.00041595 0.000801524 0.0126568 0.0139933 -0.0318475 0.0180224 0.00537471 0.0185725 -0.0273877
internal_weight=33382 15525.1 17856.9 14720.6 14444.4 4806.3 13939.8 11742.3 3814.33 804.518 12.1076 2197.53 504.616 111.246 2625.35 2541.28 1188.99 1165.39 276.173 13050.6 543.973 12506.6 792.411
internal_count=213133 162321 50812 123012 103662 19035 78258 69904 15099 39309 283 8354 25404 4491 10156 8998 4943 4316 19350 31777 1660 30117 39026
is_linear=0
shrinkage=0.0409094


Tree=86
num_leaves=24
num_cat=0
split_feature=1 3 13 0 1 3 3 7 1 0 1 3 1 0 6 14 6 11 0 3 15 3 9
split_gain=1340.05 613.282 280.383 267.868 161.79 259.532 232.062 158.688 162.67 183.223 143.883 167.678 131.548 116.019 105.242 97.2482 135.418 95.2669 92.0434 172.505 157.134 84.0446 80.5079
threshold=-0.12741784610364168 -0.097189126749091984 -0.35112230218537444 -5.6625746886026619e-05 -0.1287580717865483 -0.097058450195993032 -0.094592112137363307 1.9250742839987212 -0.051096417563970042 -0.0008847691281490853 -0.12763124889070168 -0.09721630145476691 -0.11575459140790419 -6.812062820790634e-05 -1.0631789755419392 -0.0067385077800328147 -0.098897230448946188 -0.0021661430584183267 -0.00026250064981810231 -0.096053596209311184 -0.092236368239512243 0.14311482791178406 -0.0035525871798833351
decision_type=2 2 2 2 2 2 2 2 2 2 2 2 2 2 2 2 2 2 2 2 2 2 2
left_child=1 3 7 10 5 -3 13 8 9 17 22 -12 -11 -6 -10 16 -7 -2 19 20 -4 -17 -1
right_child=2 4 18 -5 6 15 -8 -9 14 12 11 -13 -14 -15 -16 21 -18 -19 -20 -21 -22 -23 -24
leaf_value=0.031429783480956111 0.030442356951547716 0.026240366850534953 -0.012557312685718221 0.0043014210408402571 -0.0013129955007586511 0.0076125339987517986 0.021869150299367798 -0.031467342610456306 0.038100513784476979 0.0010724137961746634 0.023493972010535765 0.0015839470726454999 -0.015933871968303485 -0.02202205902771609 -0.028683256131393928 0.030937908053883013 -0.012156496562630202 -0.010068085862721031 -0.035269403620950206 -0.0337306813731501 0.08499168618446365 -0.048538183582895307 0.0035496108476160216
leaf_weight=3995.0853428728878 507.29405147209764 1376.2566331364214 58.902592230588198 1203.0559877380729 1603.9961380027235 2747.1257705558091 580.69508060347289 268.2640879759565 43.288078255020082 13107.413628111128 2912.1925272233784 731.38439530134201 808.1565897623077 630.79333406686783 450.14052393846214 338.47613251768053 735.06259468942881 120.1657004673034 522.59269569534808 153.61472824215889 52.06202900223434 23.836258325725794 181.19989240169525
leaf_count=10570 2870 2956 426 2403 3643 7402 1461 19350 318 54070 7453 1714 21796 1991 25086 1608 7563 698 35015 3681 187 501 371
internal_value=0.00696353 0.0149519 -0.00150503 0.0222722 0.00673287 0.0109955 -0.00117141 -0.000280362 0.000276042 0.00105981 0.0250369 0.0190959 8.47617e-05 -0.00715835 -0.0228244 0.00553819 0.00343945 0.0226841 -0.0253158 -0.00565557 0.0332104 0.0257092 0.0302201
internal_weight=33151.1 17059.2 16091.9 9022.92 8036.24 5220.76 2815.48 15304.7 15036.5 14543 7819.86 3643.58 13915.6 2234.79 493.429 3844.5 3482.19 627.46 787.172 264.579 110.965 362.312 4176.29
internal_count=213133 49636 163497 22511 27125 20030 7095 124188 104838 79434 20108 9167 75866 5634 25404 17074 14965 3568 39309 4294 613 2109 10941
is_linear=0
shrinkage=0.0409094


Tree=87
num_leaves=24
num_cat=0
split_feature=2 1 3 0 0 1 2 10 1 14 6 3 10 0 0 3 6 1 15 6 10 10 1
split_gain=1641.93 621.87 359.875 426.89 355.19 267.064 208.114 165.474 187.706 124.237 110.72 120.316 106.221 95.7177 89.7923 83.3984 78.5309 118.389 84.1549 77.2857 76.1284 77.0802 72.5411
threshold=-0.54093891007862005 -0.12741784610364168 -0.097197621493632688 -9.260415264723518e-05 -5.6625746886026619e-05 -0.12758468488969602 -0.49524683043493539 -0.0061214933102213057 -0.11247173669722622 -0.0067385077800328147 -0.09866606340717958 -0.096830580272352265 -0.0061221852477959309 -0.0014141278430396191 -5.6584454094238657e-05 1.0000000180025095e-35 -0.096830782137182644 -0.12521419105308199 0.99975103632255913 -0.12764041513740537 -0.0061221831435969059 -0.0061221770126214884 -0.11056995821852859
decision_type=2 2 2 2 2 2 2 2 2 2 2 2 2 2 2 2 2 2 2 2 2 2 2
left_child=1 4 5 6 -1 -2 16 -5 9 -9 11 -8 -3 -12 19 22 17 -4 -18 -6 -7 -22 -14
right_child=2 12 3 7 14 20 10 8 -10 -11 13 -13 15 -15 -16 -17 18 -19 -20 -21 21 -23 -24
leaf_value=0.02955137436902697 0.022970542479439759 -0.054119705771606089 0.013913922444469038 -0.026598909401965284 -0.10591630501725773 -0.027124603575440116 0.0072450294875118443 -0.0077030742309881391 -0.03094684470169657 0.020258532125395592 0.01472854981793353 -0.0064721714926726957 0.0040873740175858264 -0.023375389974163961 0.015051046341342033 0.085626576284965797 0.035135089334461377 -0.0075771982785235621 0.18960488426755465 -0.0040721462093473038 0.058209763697565725 0.0040096872865345891 -0.039518985919358464
leaf_weight=6638.5397764928639 1461.2235777787864 54.522247673943639 2247.174012131989 1068.5539861191064 12.776388764381407 131.00106958672404 2048.0262284614146 3899.7456381814554 563.4922822159715 285.39467300241813 133.46620865911245 2241.2004036102444 2382.3499305471778 636.50651655811816 820.6167436465621 20.575283378362656 121.19957619719207 530.19658832624555 6.2047065645456305 520.34025532752275 44.191424876451492 6959.8864976391196 65.603727273643017
leaf_count=18396 3041 390 3938 24185 55 733 5941 42766 49757 7137 1891 23070 4582 7382 1509 78 532 2567 13 1111 57 13262 740
internal_value=0.00673367 0.0200672 0.000468159 -0.00362922 0.0256569 0.00703687 0.00252439 -0.0120538 -0.00878077 -0.00579631 -0.00248661 7.75378e-05 0.00236064 -0.0167705 0.00655891 0.00360812 0.011252 0.00981129 0.0426579 -0.00651289 0.00377375 0.00435166 0.00291875
internal_weight=32892.8 10515.3 22377.5 13781.2 7992.27 8596.3 7963.97 5817.19 4748.63 4185.14 5059.2 4289.23 2523.05 769.973 1353.73 2468.53 2904.77 2777.37 127.404 533.117 7135.08 7004.08 2447.95
internal_count=213133 26861 186272 169179 21071 17093 45334 123845 99660 49903 38284 29011 5790 9273 2675 5400 7050 6505 545 1166 14052 13319 5322
is_linear=0
shrinkage=0.0409094


Tree=88
num_leaves=24
num_cat=0
split_feature=2 0 3 0 0 2 3 10 7 3 3 2 3 0 3 10 2 15 2 3 12 12 3
split_gain=1547.14 406.52 335.851 329.077 238.488 202.179 133.687 162.318 132.594 111.44 302.437 100.28 96.5128 155.124 109.201 79.3843 76.7023 76.0788 73.4997 71.6317 71.5499 163.466 78.8713
threshold=-0.54093891007862005 -5.7044840732705945e-05 -0.097151760142345153 -0.00019125413827362873 -0.00010094815629017156 -0.48165361069550178 -0.09721977744640288 -0.0061198919760941219 -0.51963850798029876 -0.092466807580416935 -0.092625991859514603 -0.40081987277126591 -0.096830580272352265 -0.00055352980687863203 -0.049487798696509482 -0.0061221852477959309 -0.49395214189914888 -0.092451550028411419 -0.4965995805689476 -0.025481455625666772 -0.17342226098881661 -0.24724968940725081 -0.092625991859514603
decision_type=2 2 2 2 2 2 2 2 2 2 2 2 2 2 2 2 2 2 2 2 2 2 2
left_child=1 8 4 12 -2 20 -6 16 -1 10 -7 -11 -4 14 -14 -3 -8 -9 -15 -17 21 -5 -22
right_child=2 15 3 5 6 9 7 17 -10 11 -12 -13 13 18 -16 19 -18 -19 -20 -21 22 -23 -24
leaf_value=0.025144149575917374 0.016304378149979436 -0.044604000886622676 0.01288467867432189 -0.005154223068055905 0.0078975755708479197 -0.016959668651103762 0.00034443878017941323 -0.0078286844183647758 -0.01133131673644374 -0.014632911421644695 0.032974053551740538 -0.040289814966619035 0.01121206505754006 0.0018190542851461201 -0.015775552767398903 0.0056891267020759036 -0.018367990205172623 0.006983227024422326 -0.018454848497575945 0.053351516050060104 -0.00079223969823513901 -0.055054724211435577 0.023900796284748369
leaf_weight=7538.2441357448697 2602.8485528603196 51.508268831297755 1364.5600834358484 1227.0524884411134 3793.2188316397369 2268.9569571316242 533.60989895090461 777.17043196037412 170.56350582838058 471.43084332207218 222.945502307266 555.20066278101876 1671.8578614173457 470.37055413983762 295.23624829389155 2513.354979109019 1171.3342866897583 2291.5393011905253 822.68826854880899 53.903359144926071 1358.2250431571156 120.67086511850357 257.52451584953815
leaf_count=20003 4924 305 3592 7864 7177 31976 1126 1759 406 26430 1050 53474 12564 1476 3608 6018 4195 4590 10562 129 4917 1350 3638
internal_value=0.00651839 0.0196065 0.00045064 -0.00458671 0.00545957 -0.0105347 0.00216463 -0.00239086 0.0243371 -0.0171653 -0.0124922 -0.0285081 0.00374995 -7.34609e-05 0.00716156 0.00568097 -0.0125114 0.00323202 -0.0110799 0.00668987 -0.00266208 -0.00962216 0.00314343
internal_weight=32604 10327.6 22276.4 11106.7 11169.7 6482.01 8566.87 4773.65 7708.81 3518.53 2491.9 1026.63 4624.71 3260.15 1967.09 2618.77 1704.94 3068.71 1293.06 2567.26 2963.47 1347.72 1615.75
internal_count=213133 26861 186272 162501 23771 130699 18847 11670 20409 112930 33026 79904 31802 28210 16172 6452 5321 6349 12038 6147 17769 9214 8555
is_linear=0
shrinkage=0.0409094


Tree=89
num_leaves=24
num_cat=0
split_feature=1 0 5 14 1 7 0 11 14 6 5 11 4 18 9 1 20 0 1 18 6 6 11
split_gain=1137.53 407.959 250.539 168.038 163.892 163.866 158.443 143.997 100.011 96.0927 95.1606 88.4382 77.3476 108.238 74.914 95.2938 73.0041 62.9732 69.9487 61.4682 97.8862 97.0794 57.723
threshold=-0.1274199963847357 -5.6625746886026619e-05 -0.011345834404801204 -0.0067385544441058822 -0.048816893328982203 1.9250742839987212 -0.0008847691281490853 -0.0021661430930432087 -0.0067385220751121598 -1.0631789755419392 -0.011345191509207634 -0.0021661430430296061 -0.47770259684885846 1.300275125576148 -0.0035525885466150564 -0.12777665793943513 0.43480838347691103 -0.0019761911324257951 -0.089071672784784853 -0.79031510490574053 0.22477370400547869 -0.098566325169357774 -0.0021661408888266633
decision_type=2 2 2 2 2 2 2 2 2 2 2 2 2 2 2 2 2 2 2 2 2 2 2
left_child=1 3 4 10 5 6 11 -8 16 -6 -1 -2 13 -11 -5 -16 19 18 -4 20 -3 -21 -7
right_child=2 8 17 14 9 22 7 -9 -10 12 -12 -13 -14 -15 15 -17 -18 -19 -20 21 -22 -23 -24
leaf_value=0.020184542751604629 0.027581139954376922 0.048146868338304678 0.073589894462303851 0.011691573586918181 0.035320419471886973 -0.036171270214958098 -0.0026630818845984738 0.0063766997104557381 0.025695451221489116 0.027739734936866586 -0.0069898868378279414 -0.0108629841078734 -0.031046873805002984 0.58124812615649779 0.0031744814673076755 -0.040639484340152972 -0.03972258850716584 -0.032471663022076019 -0.043131907852298437 0.00070468055387721803 -0.04816326690471133 -0.024614946277936107 0.042748403838031988
leaf_weight=9880.0514708943665 541.40881692431867 88.6649408377707 20.278057659976184 2614.2389266677201 44.608302609063685 251.84390239464119 9914.3534173113294 4197.6796807590872 236.11698945704848 26.346040566917512 220.4791965931654 122.87184816040099 483.80609772633761 0.60483360197394986 453.07419893331826 101.73212105035782 83.508565177209675 504.69971759570763 14.910784773528574 2220.7939552161843 22.054406872019172 286.07682717218995 16.528398768045008
leaf_count=25103 3044 613 191 6894 354 21059 64072 15837 1853 1675 600 735 29436 31 1220 307 1215 27061 444 6964 643 3641 141
internal_value=0.00630324 0.0139591 -0.00138429 0.0170127 -0.000436096 0.000369537 0.000944926 2.58367e-05 0.000163375 -0.0222605 0.0195914 0.0204701 -0.0272894 0.0401616 0.00879397 -0.00485947 -0.00206852 -0.0287824 0.0241306 -0.000867244 0.0289627 -0.00218472 -0.0313108
internal_weight=32346.7 16206.8 16139.9 13269.6 15600.1 15044.7 14776.3 14112 2937.22 555.365 10100.5 664.281 510.757 26.9509 3169.05 554.806 2701.1 539.889 35.1888 2617.59 110.719 2506.87 268.372
internal_count=213133 49053 164080 34124 136384 104888 83688 79909 14929 31496 25703 3779 31142 1706 8421 1527 13076 27696 635 11861 1256 10605 21200
is_linear=0
shrinkage=0.0409094


Tree=90
num_leaves=24
num_cat=0
split_feature=2 0 6 2 2 14 7 9 5 11 0 14 2 11 6 15 10 14 17 17 10 11 10
split_gain=1425.17 380.704 297.609 158.016 136.498 150.956 123.285 104.861 97.1182 88.7829 108.775 182.906 97.7728 76.7922 149.845 81.4269 75.5611 126.908 73.978 262.034 72.9297 69.9172 69.9461
threshold=-0.54093891007862005 -5.7044840732705945e-05 -0.098542018898359604 -0.46749679333622174 -0.46127786089939754 -0.006738533307017556 -0.51963850798029876 -0.0035525889851384163 -0.011346323502618622 -0.0021661430584207272 -5.455230508515211e-05 -0.0067385501902773931 1.0000000180025095e-35 -0.0021661430584183267 -0.25795334920264318 -0.092480460541677564 -0.0061197546695863211 -0.0067385220751121598 -1.2205488294190538 -1.1325239078356302 -0.0061221852477959309 -0.0021661431815288433 -0.0061219844151390009
decision_type=2 2 2 2 2 2 2 2 2 2 2 2 2 2 2 2 2 2 2 2 2 2 2
left_child=1 6 3 7 5 21 -1 18 -9 10 12 -12 -5 14 -11 -15 -7 -18 -2 -20 -3 -4 -23
right_child=2 20 4 9 -6 16 -8 8 -10 13 11 -13 -14 15 -16 -17 17 -19 19 -21 -22 22 -24
leaf_value=0.02435466492234311 0.01288741801621102 -0.04291807651108679 -0.051469376428733268 -0.0061004629791179318 -0.026870769060490001 0.00075315198000880683 -0.010817391374517349 0.014047438434014594 -0.010785783321378171 0.15846137686115747 -0.03035915849360319 0.053895767120575026 0.0038317849015355428 -0.023035108776979878 0.014590003938706424 0.0032499027701260725 0.15674060706080226 0.032221128160796031 -0.041772018499749791 0.0025585974219136257 0.0063497283780107024 0.05850218245230026 -0.011900701305169846
leaf_weight=7285.7365644946694 965.2313076723367 51.293946241959929 72.317481035366654 4882.6651577344164 918.49135386757553 88.94731681747362 170.69430424273014 2816.5747837871313 290.76966033875942 12.386531070806084 455.53836738783866 47.628845408558846 2512.0974564827047 214.20030566025525 553.66607941221446 2491.2364599206485 16.37046728702262 83.911252959631383 233.76388542633504 4914.8025951227173 2552.2986202351749 24.806376408785582 492.66726583335549
leaf_count=20003 2773 305 1712 29248 64404 1440 406 7064 1654 96 16318 1560 12493 919 2355 15206 295 1390 1297 15523 6147 158 10367
internal_value=0.00608374 0.0188469 0.000270759 0.00164088 -0.0161872 -0.00359088 0.0235495 0.00560441 0.0117237 -0.00163129 -0.0039787 -0.0223837 -0.00272635 0.00403575 0.0177382 0.00116881 0.0282019 0.0525483 0.00249428 0.000545824 0.00537909 -0.0137913 -0.00852577
internal_weight=32148.1 10060 22088.1 20390.6 1697.51 779.02 7456.43 9221.14 3107.34 11169.4 7897.93 503.167 7394.76 3271.49 566.053 2705.44 189.229 100.282 6113.8 5148.57 2603.59 589.791 517.474
internal_count=213133 26861 186272 106506 79766 15362 20409 28311 8718 78195 59619 17878 41741 18576 2451 16125 3125 1685 19593 16820 6452 12237 10525
is_linear=0
shrinkage=0.0409094


Tree=91
num_leaves=24
num_cat=0
split_feature=2 1 3 7 2 1 1 2 14 11 3 3 4 10 11 1 15 3 11 11 1 11 10
split_gain=1342.98 621.185 343.613 193.857 181.146 160.117 135.314 118.584 135.269 110.022 85.588 91.3595 79.8663 130.016 90.0374 93.3625 74.3342 119.409 84.1088 77.8277 70.4333 69.7289 68.3666
threshold=-0.51607446867247353 -0.12688677379192678 -0.097210472162097911 1.9250742839987212 -0.54093891007862005 -0.051096417563970042 -0.12756684028522983 -0.4310934952324959 -0.0067385547037186648 -0.0021661431969176837 1.0000000180025095e-35 0.028743278335638309 0.63385872833044987 -0.0061009633527096723 -0.0021661431162726601 -0.12572782272833563 -0.092479670783914975 -0.097220995683396635 -0.0021661431796052033 -0.0021661429083774182 -0.1274199963847357 -0.0021661431530595014 -0.006122150012698821
decision_type=2 2 2 2 2 2 2 2 2 2 2 2 2 2 2 2 2 2 2 2 2 2 2
left_child=1 4 6 5 20 7 -2 9 -9 -4 12 -12 14 -14 15 -3 18 -18 -8 -19 -1 -20 -22
right_child=2 10 3 -5 -6 -7 16 8 -10 -11 11 -13 13 -15 -16 -17 17 19 21 -21 22 -23 -24
leaf_value=0.024335378866809639 0.023358273509492437 0.014872329206737287 0.097428367243813624 -0.040516070232647257 0.011753426340612884 -0.025976570182691533 -0.049199073457114349 -0.0030271798276947904 -0.017724105496489645 -0.0005289209550210039 0.11327706274868031 -0.043736647249948399 0.016072937865302814 -0.084260298592302135 0.00542500296078385 -0.01510936208474243 -0.057774391673379187 0.0052828311829471444 0.021030360972416503 0.022146289378763694 -0.070469493484378434 -0.008056685405275708 0.010482220334538753
leaf_weight=7288.1631644666195 709.24287758395076 200.48291506618261 19.24232704564929 257.45792509615421 3141.7561922371387 560.62832700274885 69.714294925332069 2644.7650275677443 1736.0310288947076 6932.9461082625203 21.311790633946661 8.7474885443225485 540.24209233559668 22.515706643462181 866.66492384392768 1307.1324056936428 47.644092477858067 3733.3299996592104 170.10365909337997 522.07337916642427 18.281317800283432 729.25334437191486 388.51702084392309
leaf_count=20682 1479 423 73 27471 6282 41050 269 18430 37412 39571 89 245 888 84 2444 5365 152 7130 260 762 73 1617 882
internal_value=0.00587515 0.0154901 -0.00144447 -0.00539561 0.0200311 -0.00463536 0.00658223 -0.00357964 -0.00885131 -0.000257794 -0.001095 0.0675848 -0.00179791 0.0120586 -0.00508223 -0.0111224 0.0043254 0.00663063 -0.00591071 0.00735172 0.0234107 -0.00255518 0.00684429
internal_weight=31936.2 13803.8 18132.4 12151.1 10836.7 11893.6 5981.36 11333 4380.8 6952.19 2967.1 30.0593 2937.04 562.758 2374.28 1507.62 5272.12 4303.05 969.071 4255.4 7694.96 899.357 406.798
internal_count=213133 37457 175676 164007 27919 136536 11669 95486 55842 39644 9538 334 9204 972 8232 5788 10190 8044 2146 7892 21637 1877 955
is_linear=0
shrinkage=0.0409094


Tree=92
num_leaves=24
num_cat=0
split_feature=1 13 14 5 14 7 6 1 15 11 5 6 15 5 1 1 11 11 15 11 18 6 12
split_gain=956.97 218.784 192.521 131.005 120.608 109.856 121.096 186.537 159.143 88.2626 79.4556 70.5767 67.3271 67.2154 63.219 60.6443 68.0627 59.2496 57.6685 102.594 56.8482 55.7874 55.364
threshold=-0.12739441848831268 -0.35633671722925547 -0.006738554987775508 -0.011344962669638007 -0.0067385490551738862 1.9250742839987212 -0.16281078596880991 -0.093741356577902057 -0.091386304749391425 -0.0021661431138179595 -0.011346323502618622 -0.098499362938442594 0.22999058821641716 -0.010820808739805411 -0.1287580717865483 -0.1281480550756485 -0.0021661397321496418 -0.0021661430584207272 -0.092467424037186122 -0.0021661431917885262 1.3002693935654182 -0.098554604630502404 0.42380840248876711
decision_type=2 2 2 2 2 2 2 2 2 2 2 2 2 2 2 2 2 2 2 2 2 2 2
left_child=2 3 10 5 9 6 8 -8 -2 18 11 15 -6 -3 -12 20 -17 -7 21 -20 -1 -4 -15
right_child=1 13 4 -5 12 17 7 -9 -10 -11 14 -13 -14 22 -16 16 -18 -19 19 -21 -22 -23 -24
leaf_value=0.021227224536038897 0.0044797192983269847 -0.025498377587004763 0.011682078713709888 -0.030928615404295576 0.01981570698326621 -0.044064423595893187 0.00039954955988068605 -0.024176448243428413 0.055862651013760922 0.011213974119710656 0.01090821028651733 -0.0062295373691544365 -0.050998004374361056 -0.044585801845659988 -0.024407040984381536 0.013790069263318003 -0.030319290946394087 0.0010109246006219643 -0.047528934362348854 -0.0033729601959979843 0.0092186512135495804 -0.083035089629078948 0.13331391929785599
leaf_weight=4206.5812060981989 323.3058697367087 718.53605989320204 519.56729092821479 238.72658791393042 943.69607575237751 146.52382520167157 12337.393681007437 539.48223246913403 146.62932144384831 1182.5240823561326 195.19873577635735 245.84296131599694 23.017996831797063 4.5699740471318355 150.04291871935129 6755.7143479082733 59.057353720068932 73.177573997993022 92.145333670079708 1987.3112803883851 782.47250791266561 10.619693394750355 8.1467558662407082
leaf_count=10698 3449 39198 1198 9636 3441 13636 60820 29193 1766 5094 665 1345 543 130 433 17237 205 3237 490 8563 1944 148 64
internal_value=0.00568083 -0.0020417 0.0122251 -0.000886615 0.00523065 -0.000357974 0.000114339 -0.000630072 0.0205122 0.0019424 0.0149105 0.0154649 0.0181296 -0.0238484 -0.00443989 0.0159168 0.0134078 -0.0290508 -0.00225888 -0.00532961 0.0193438 0.00978489 0.0693826
internal_weight=31690.3 14536.5 17153.8 13805.2 4758.88 13566.5 13346.8 12876.9 469.935 3792.17 12394.9 12049.7 966.714 731.253 345.242 11803.8 6814.77 219.701 2609.64 2079.46 4989.05 530.187 12.7167
internal_count=213133 161129 52004 121737 19477 112101 95228 90013 5215 15493 32527 31429 3984 39392 1098 30084 17442 16873 10399 9053 12642 1346 194
is_linear=0
shrinkage=0.0409094


Tree=93
num_leaves=24
num_cat=0
split_feature=1 3 0 5 1 3 1 3 3 1 0 1 7 16 6 1 3 9 16 4 1 3 15
split_gain=891.481 469.698 298.195 204.921 182.073 194.705 144.62 233.568 208.808 133.212 136.156 144.137 117.313 92.5671 89.095 84.9172 127.487 76.6964 73.7391 71.5914 65.5686 65.2042 61.9809
threshold=-0.12740569179116254 -0.09718566186629525 -5.6772837378329557e-05 -0.011344264155521082 -0.12760730124143679 -0.097219182741577773 -0.12849173574742037 -0.094592112137363307 -0.097070578063777516 -0.048816893328982203 -0.00073202372971293856 -0.11186411996889568 1.9250742839987212 2.3526631927321988 -1.0631789755419392 -0.13167127420996749 -0.095629402914613013 -0.0035525871798833351 -0.54660923159872599 -0.47770259684885846 -0.1276840020542323 -0.096984073296789389 -0.090560792270100374
decision_type=2 2 2 2 2 2 2 2 2 2 2 2 2 2 2 2 2 2 2 2 2 2 2
left_child=1 2 4 9 17 -6 8 20 -3 10 -2 12 -12 -13 -11 16 -10 -1 -17 22 21 -8 -16
right_child=3 6 -4 -5 5 -7 7 -9 15 14 11 13 -14 -15 19 18 -18 -19 -20 -21 -22 -23 -24
leaf_value=0.028942156187369322 0.015475157993193558 0.022471624975764368 0.0016048225454467859 -0.030533885856427911 0.020892235637452159 -2.9936848606847271e-05 -0.00090314665880013886 0.018734639201287699 0.019519473280036063 0.033666373012049347 0.00015886376823119789 -0.025057096521744374 -0.03131652739038511 0.044195032522768983 -0.041952842593777684 -0.020224498734661731 0.00090913431328703642 0.0026268224461059456 0.0013199990316457594 -0.030247872649633932 -0.022911918181187443 -0.023576610246418758 0.08469639814895584
leaf_weight=3739.102660998702 864.74663266353309 1295.8774141222239 1507.0133490003645 404.48007164197043 2628.4342676326632 1038.5332865305245 946.56091167405248 572.82140440773219 966.7762393206358 45.279506026767194 12245.163135723677 556.2418252681382 201.43571688281372 34.294083403423429 10.30434702942148 382.41882419958711 1698.0033087665215 195.02237076312304 872.38390246592462 454.08300709584728 558.45525920391083 273.63141033425927 17.365254878997803
leaf_count=11281 6246 3015 3209 26182 6912 2695 2118 1515 1842 354 56803 19902 19993 994 889 1296 12152 411 2374 29540 1633 956 821
internal_value=0.0054807 0.0119708 0.018229 -0.0018152 0.0215249 0.0149668 0.00443808 -0.00398469 0.0082356 -0.00101014 -0.00024479 -0.00128749 -0.000350534 -0.0210354 -0.0211983 0.00352895 0.00766092 0.0276377 -0.00524599 -0.026355 -0.0113015 -0.00598773 0.0375314
internal_weight=31508.4 16675 9108.11 14833.4 7601.09 3666.97 7566.93 2351.47 5215.46 14428.9 13901.9 13037.1 12446.6 590.536 527.032 3919.58 2664.78 3934.13 1254.8 481.753 1778.65 1220.19 27.6696
internal_count=213133 51409 24508 161724 21299 9607 26901 6222 20679 135542 103938 97692 76796 20896 31604 17664 13994 11692 3670 31250 4707 3074 1710
is_linear=0
shrinkage=0.0409094


Tree=94
num_leaves=24
num_cat=0
split_feature=2 1 1 2 1 11 15 13 11 9 1 1 10 11 15 9 15 1 11 15 14 9 11
split_gain=1187.22 529.858 201.111 173.435 118.438 131.489 137.105 116.332 115.979 106.251 165.977 96.0798 87.4997 87.3342 132.789 85.7696 76.6541 62.187 53.8334 57.9981 61.4867 47.9928 45.7154
threshold=-0.54093891007862005 -0.12741784610364168 -0.048816893328982203 -0.47279222656252756 -0.12616417885147077 -0.0021661431622927887 -0.091386304749391425 -0.35633671722925547 -0.0021661431969176837 -0.0035525889851384163 -0.12741784610364168 -0.12188066304841072 -0.0061221852477959309 -0.0021661430584207272 -0.092296317394257019 -0.0035466651680149818 -0.092480460541677564 -0.12841326439676584 -0.0021661431370125646 -0.092481993193352041 -0.0067385557295263146 -0.0035525887256081566 -0.0021661404153898414
decision_type=2 2 2 2 2 2 2 2 2 2 2 2 2 2 2 2 2 2 2 2 2 2 2
left_child=1 21 3 4 9 8 -7 13 -6 10 -2 15 -3 14 -5 -9 -15 -11 19 -14 -21 -1 -20
right_child=2 12 -4 7 5 6 -8 11 -10 17 -12 -13 18 16 -16 -17 -18 -19 22 20 -22 -23 -24
leaf_value=0.023306088685406696 -0.0028477010372078915 -0.051572932181943226 -0.024126094060699259 -0.00073003196787735619 0.17774480349064944 -0.0025607908498279314 0.037798474079001103 -0.010159844980231548 -0.022921605386509673 0.02019480395120354 0.012450395515766309 -0.041388056410050195 -0.055840168758005966 -0.016857654666284458 -0.012266065469142814 0.10547534398996576 0.0057403915794389786 0.0073096794706366446 0.0092309056736357611 0.011240952791797553 -0.0087878746651030674 -0.019485999777866241 -0.058171371922609932
leaf_weight=7017.5587222985923 2791.2218052223325 51.798992903903127 562.36569642042741 5946.2911013411358 4.863106667995452 1021.6719964775257 163.39764849375933 258.97271271329373 547.99614804936573 1308.3800249975175 2065.0262371618301 228.9306942387484 34.971159867942333 273.74288352113217 2322.0237451014109 11.199175450019537 3052.0791654251516 1203.4350480251014 1190.704584877938 377.16481044515967 801.91416472941637 44.138605404645205 17.082280684262514
leaf_count=20942 6917 390 41859 32718 5 6817 1081 4026 5448 2875 4006 18300 126 1094 42002 40 16243 2841 2463 657 2096 129 58
internal_value=0.00529419 0.0173311 1.99518e-05 0.00066049 0.00492471 -0.00468182 0.00300395 -0.00255039 -0.0211565 0.00719063 0.00365752 -0.0218891 0.00103731 -0.0017179 -0.00396974 -0.00536653 0.00388038 0.0140214 0.00216256 -0.00392095 -0.00238104 0.0230386 0.0082776
internal_weight=31296.9 9535.33 21761.6 21199.2 9105.99 1737.93 1185.07 12093.2 552.859 7368.06 4856.25 499.103 2473.64 11594.1 8268.31 270.172 3325.82 2511.82 2421.84 1214.05 1179.08 7061.7 1207.79
internal_count=213133 26861 186272 144413 29990 13351 7898 114423 5453 16639 10923 22366 5790 92057 74720 4066 17337 5716 5400 2879 2753 21071 2521
is_linear=0
shrinkage=0.0409094


Tree=95
num_leaves=24
num_cat=0
split_feature=1 3 0 13 1 3 3 1 3 5 7 3 18 0 14 0 9 0 3 14 6 5 5
split_gain=785.914 501.146 222.395 202.34 139.963 209.195 188.423 135.772 131.416 116.449 106.399 154.693 126.026 154.496 98.6111 93.709 90.4269 87.9808 153.283 86.4714 105.162 82.4675 75.3787
threshold=-0.1274199963847357 -0.097189126749091984 -5.6625746886026619e-05 -0.35112230218537444 -0.1287580717865483 -0.097070578063777516 -0.094592112137363307 -0.12777665793943513 -0.09721630145476691 -0.011344962669638007 -0.51963850798029909 -0.092625813012696845 -0.79023726585134446 -0.00010321478613721349 -0.0067385557835484555 -6.812062820790634e-05 -0.0035525875423050527 -0.00026250064981810231 -0.096053596209311184 -0.0067385077800328147 -0.098897230448946188 -0.011345098757106148 -0.010215165459958266
decision_type=2 2 2 2 2 2 2 2 2 2 2 2 2 2 2 2 2 2 2 2 2 2 2
left_child=1 2 7 9 5 -3 15 22 16 10 12 -12 14 -14 -2 21 -9 18 -5 20 -7 -6 -1
right_child=3 4 -4 17 6 19 -8 8 -10 -11 11 -13 13 -15 -16 -17 -18 -19 -20 -21 -22 -23 -24
leaf_value=0.029263114335618776 -0.019521064862266558 0.023755375860840117 0.0021851487040853365 0.03248141021045145 -0.0015385006644037229 0.0054185094939343936 0.019309163627097847 0.022596868961459009 0.0038360368081663703 -0.028887102937497945 -0.0045826741046378515 -0.041580385740538871 0.0051008110730318005 -0.005955527649784533 0.0090752787954272492 -0.02202067696720424 -0.024770054059377676 -0.033743575027975092 -0.032248985338905106 0.022981228659475068 -0.012286612697908549 -0.058913683175663596 -0.045011439259940521
leaf_weight=2844.1223555654287 212.97011924628168 1136.7785722203553 1109.8319872170687 110.67073371447623 1499.4688997417688 2684.6672465503216 501.4887197362259 2657.4453916437924 966.15006026998162 234.26354376599193 2059.5307558965869 208.25845512002707 3734.3637600820512 4878.1597728650086 3852.6187251829542 615.71529948711395 69.208440206944942 445.29339287942275 137.03148767258972 353.32534972112626 709.90730950981379 43.131768696010113 23.052644312381744
leaf_count=8966 608 2804 2329 613 3457 7537 1401 7956 2500 9682 12396 20162 23049 48080 10794 1985 180 35015 3681 2115 7574 179 70
internal_value=0.00511366 0.0117576 0.0191214 -0.00125448 0.00427145 0.00838315 -0.00327961 0.0219867 0.0168007 -0.00026761 0.000180975 -0.00798029 0.00164082 -0.00116153 0.0075773 -0.00852815 0.0213946 -0.022872 -0.00332813 0.00372059 0.00171584 -0.00314274 0.0286659
internal_weight=31087.5 15214.3 7669.81 15873.2 7544.48 4884.68 2659.8 6559.98 3692.8 15180.2 14945.9 2267.79 12678.1 8612.52 4065.59 2158.32 2726.65 692.996 247.702 3747.9 3394.57 1542.6 2867.17
internal_count=213133 49053 22001 164080 27052 20030 7022 19672 10636 124771 115089 32558 82531 71129 11402 5621 8136 39309 4294 17226 15111 3636 9036
is_linear=0
shrinkage=0.0409094


Tree=96
num_leaves=24
num_cat=0
split_feature=1 5 5 4 6 10 19 4 16 1 1 7 15 9 10 11 8 15 15 11 15 15 6
split_gain=734.273 185.154 154.126 117.599 124.877 109.795 105.175 147.089 100.253 78.1609 75.9616 84.3183 91.8122 87.2687 66.7039 64.948 61.8762 69.9666 85.3034 54.4199 52.2694 56.3849 48.7653
threshold=-0.12739441848831268 -0.011344264155521082 -0.011346323502618622 -0.18024252391355064 -0.1506987260781206 -0.0061221831435969059 -0.77605619080686006 -0.19589831722593529 -0.52757787166977821 -0.11056995821852859 -0.092586704656732202 -0.51963850798029909 -0.092476003483840122 -0.0035525889851384163 -0.0061221844583869483 -0.0021661430999644041 0.1008708832246777 -0.092467931389309158 -0.092352212010890847 -0.0021661243456221261 -0.092356181888436653 -0.090656258256556002 -0.098556812977303995
decision_type=2 2 2 2 2 2 2 2 2 2 2 2 2 2 2 2 2 2 2 2 2 2 2
left_child=2 3 5 4 6 -1 7 -2 -8 14 11 13 -13 -5 -6 20 -4 -18 -19 -12 22 -22 -7
right_child=1 -3 16 10 9 15 8 -9 -10 -11 19 12 -14 -15 -16 -17 17 18 -20 -21 21 -23 -24
leaf_value=-0.013677214861458393 -0.033464747540387918 -0.030148697059557372 -0.027429309558758427 0.0069490723500606156 -0.038157001524018103 0.012613163083897748 0.055924163671397152 0.12876190425201967 0.0089976933515654375 -0.021076849376167377 -0.023165044395959691 0.0068439744455782558 -0.013977822691997613 -0.0026558545431032772 -0.0050531254974075278 0.015199987389723387 -0.040548350483399692 0.031216008802568397 -0.015102215632419286 0.23910760448464813 0.0013581098736792753 0.014920002042783745 -0.0025947153250886214
leaf_weight=283.42361338436604 105.59375652950257 375.88492709118873 218.64849968440831 5199.9993542130105 104.88171854708344 6303.5540151577443 120.50135248946026 10.262738049030302 207.20497710676864 683.5987114738673 227.48189026489854 553.42845701286569 985.56640337081626 2276.0766110247932 3545.7212131326087 6362.0211313860491 56.676457713358104 141.89313649013638 125.31183032691479 1.3317820113152254 1934.3186945253983 698.27060719113797 373.79989181365818
leaf_count=1690 2570 26174 1534 16029 2286 16360 1328 73 2611 35617 11139 1694 14360 11363 35848 19239 269 302 1249 37 7308 2688 1365
internal_value=0.00493706 -0.00181405 0.0108287 -0.00105446 -0.00626569 0.0115578 0.0144085 -0.0190945 0.0262531 -0.00838149 0.00163899 0.0022298 -0.00649022 0.00402487 -0.0060042 0.0120142 -0.0106145 0.000737042 0.00949403 -0.0216385 0.00983712 0.00495528 0.0117618
internal_weight=30895.5 14397.5 16497.9 14021.6 4777.76 15955.4 443.563 115.856 327.706 4334.2 9243.88 9015.07 1538.99 7476.08 3650.6 15672 542.53 323.881 267.205 228.814 9309.94 2632.59 6677.35
internal_count=213133 161129 52004 134955 80333 48650 6582 2643 3939 73751 54622 43446 16054 27392 38134 46960 3354 1820 1551 11176 27721 9996 17725
is_linear=0
shrinkage=0.0409094


Tree=97
num_leaves=24
num_cat=0
split_feature=2 1 6 4 2 6 15 1 9 15 10 9 4 10 10 10 2 10 10 18 6 4 15
split_gain=1045.11 480.706 214.768 154.851 121.174 114.213 104.32 96.4202 128.192 92.0216 91.3584 86.7911 91.1473 85.9633 97.6813 79.4962 79.2773 74.5326 57.8031 74.4333 62.1445 56.9217 76.4863
threshold=-0.54093891007862005 -0.12741784610364168 -0.098542018898359604 -0.16458673060116605 -0.44803629925878258 -0.12298514105840264 -0.091014767631479254 -0.12774449982348596 -0.0035525889832991168 -0.090864395797424058 -0.0060955896819611258 -0.0035525888032966317 0.50861238183137292 -0.0061221844583869483 -0.0061221770126214884 -0.0061221853354106763 -0.37549979718427678 -0.0061197546695863211 -0.0061220376109557958 1.300275000967219 0.090315647365363405 4.3912491233027611 -0.092481993193352041
decision_type=2 2 2 2 2 2 2 2 2 2 2 2 2 2 2 2 2 2 2 2 2 2 2
left_child=1 -1 3 5 6 16 18 8 10 -8 -5 -9 -13 -7 -15 -3 -2 -11 19 -4 -20 22 -17
right_child=2 15 4 7 -6 13 9 11 -10 17 -12 12 -14 14 -16 21 -18 -19 20 -21 -22 -23 -24
leaf_value=0.021957393985266228 0.0096563979767736747 -0.054809619325296169 -0.016521243827355949 0.00024035987616232186 -0.02673410384696371 -0.032758271492607856 0.092715057627036232 0.004249500931024699 0.015032124041028111 -0.022038107506623491 -0.055721199422792266 -0.014592669106947054 0.0028777193039059477 0.041167149041564668 -0.0050236777880491388 -0.043113942466417615 -0.022883977841021801 0.026883761302341991 -0.020371395336354504 0.0989303679923383 0.034703352027894749 0.024282639718417008 0.0013672544578293047
leaf_weight=6736.382194660604 1456.7999793621711 42.245306821539998 20.720368083100766 876.05972098186612 740.43431020015851 185.10738463932648 24.802448975387961 5784.9576674648561 2395.9884042944759 80.184324529953301 51.703358843922615 974.83223784947768 1025.6054709739983 77.471122000366449 6980.2293217875995 66.678998079150915 137.09095689514652 148.89747076295316 522.17507786117494 17.024490712210536 36.6978475661017 174.79290726780891 2175.3494337070733
leaf_count=21071 12260 327 347 2116 59748 3718 172 16516 5709 1963 177 12254 3446 822 43950 220 5538 4573 11600 110 1253 234 5009
internal_value=0.00476065 0.0163061 -0.000168855 0.000984911 -0.0146338 -0.00305665 -0.00409947 0.00419974 0.0100328 0.0178639 -0.00287832 0.00170951 -0.00563577 -0.00523843 -0.00451665 0.000824884 0.00685759 0.00975989 -0.0134458 0.0355522 -0.016755 0.00179736 4.43624e-05
internal_weight=30732.2 9195.45 21536.8 19945.8 1590.94 8836.7 850.502 11109.1 3323.75 253.884 927.763 7785.4 2000.44 7242.81 7057.7 2459.07 1593.89 229.082 596.618 37.7449 558.873 2416.82 2242.03
internal_count=213133 26861 186272 106506 79766 66288 20018 40218 8002 6708 2293 32216 15700 48490 44772 5790 17798 6536 13310 457 12853 5463 5229
is_linear=0
shrinkage=0.0409094


Tree=98
num_leaves=24
num_cat=0
split_feature=2 1 3 6 2 2 1 3 6 4 6 8 3 1 18 3 3 4 11 1 3 15 3
split_gain=982.953 466.114 263.154 282.461 133.901 111.677 106.924 101.959 126.926 96.3614 169.882 102.642 87.4559 74.1747 99.2138 72.5028 153.101 71.5402 85.6666 78.1783 70.8839 70.3214 106.546
threshold=-0.52125655235041257 -0.12688677379192678 -0.097210472162097911 -0.098649306279176938 -0.44289761089899365 -0.54093891007862005 -0.12756684028522983 -0.094592112137363307 -0.093823368124031734 -0.18024252391355064 -0.12298514105840264 0.058559748569999397 1.0000000180025095e-35 -0.092586704656732202 -0.78980012954518719 -0.092625813012696845 -0.092968799042986605 0.63385872833044987 -0.0021661431162726601 -0.12572782272833563 0.028743278335638309 -0.092479670783914975 -0.097220995683396635
decision_type=2 2 2 2 2 2 2 2 2 2 2 2 2 2 2 2 2 2 2 2 2 2 2
left_child=1 5 6 9 7 -1 -2 -5 -9 10 11 -4 17 14 -11 16 -6 18 19 -3 -14 -8 -23
right_child=2 12 3 4 15 -7 21 8 -10 13 -12 -13 20 -15 -16 -17 -18 -19 -20 -21 -22 22 -24
leaf_value=0.020750372258626609 0.020906887709007622 0.015504184103496957 -0.010630003279744654 -0.014312262812592435 -0.021765638182609147 0.010491920669871152 -0.0061297057744390477 0.028294681525686781 -0.010767078162806802 -0.0024886445108635662 -0.014413608115544301 0.014033440572021169 0.10572265574679859 -0.026864690872526523 0.0080666465552013851 -0.034674113689247936 0.02524278512433719 0.011547563331966887 0.0053965023604196881 -0.014917596548348542 -0.043686946565620721 -0.054022017318893917 0.006688845027941156
leaf_weight=6870.0655575562268 687.86757115274668 160.06267294287682 443.15775900660083 891.70719074038789 1137.866160963662 2395.2237029410899 980.19752203673124 267.7957345014438 289.9530433784239 3051.5474932794459 1927.1358666308224 778.48524734890088 21.979283602908257 145.82593521708623 2912.9321819529869 557.94812135351822 129.10713017079979 536.53261617943645 812.93086631502956 1210.674038304016 7.0087775383144608 48.930406466126442 4285.8480945192277
leaf_count=21637 1577 322 7155 6144 17002 5047 2190 3284 14727 12655 20720 9145 83 4550 11165 58703 899 920 2135 4682 186 153 8052
internal_value=0.00459456 0.0137092 -0.00131315 -0.00468649 -0.0150138 0.0180984 0.0057301 -0.00573118 0.00798791 -0.00103435 -0.00684803 0.00508664 -0.00108343 0.00196157 0.00266635 -0.0223866 -0.0169754 -0.00183666 -0.0051252 -0.0113652 0.0695982 0.00376591 0.00600355
internal_weight=30550.8 12014.5 18536.3 12533.5 3274.38 9265.29 6002.84 1449.46 557.749 9259.08 3148.78 1221.64 2749.19 6110.31 5964.48 1824.92 1266.97 2720.2 2183.67 1370.74 28.9881 5314.98 4334.78
internal_count=213133 35012 178121 166149 100759 26684 11972 24155 18011 65390 37020 16300 8328 28370 23820 76604 17901 8059 7139 5004 269 10395 8205
is_linear=0
shrinkage=0.0409094


Tree=99
num_leaves=24
num_cat=0
split_feature=1 3 0 13 1 1 3 3 3 8 1 0 10 1 10 15 9 1 6 4 0 3 15
split_gain=590.551 453.349 223.436 177.479 134.805 128.389 193.86 190.905 123.272 97.3209 95.3825 122.732 122.232 135.285 112.636 116.526 105.952 87.9462 87.0448 92.0272 84.6119 142.192 129.056
threshold=-0.1274199963847357 -0.097189126749091984 -5.6625746886026619e-05 -0.35112230218537444 -0.12777665793943513 -0.12841326439676584 -0.097058450195993032 -0.094592112137363307 -0.09721630145476691 -1.2476197016434647 -0.051096417563970042 -0.0008847691281490853 -0.0061204492770312409 -0.064560220837497448 -0.0061219844151390009 -0.09248115540014247 -0.0035525889722215344 -0.13167127420996749 -1.0631789755419392 -0.47770259684885846 -0.00026250064981810231 -0.096053596209311184 -0.092236368239512243
decision_type=2 2 2 2 2 2 2 2 2 2 2 2 2 2 2 2 2 2 2 2 2 2 2
left_child=1 2 4 10 -1 6 -3 -7 -6 -8 11 12 13 -2 15 -13 -16 -11 -12 -20 21 22 -5
right_child=3 5 -4 20 8 7 9 -9 -10 17 18 14 -14 -15 16 -17 -18 -19 19 -21 -22 -23 -24
leaf_value=0.027525868678648674 0.037652590700855776 0.019694482936918646 0.00035646360579271981 -0.011652164328624252 0.019968027212799513 -0.011388296503127119 -0.024182081620909832 0.018379847752993856 0.0026568800937126855 0.0079773418466604837 0.034811967742939161 0.0066207361799883414 0.0066118601401809248 0.19931340143554724 0.0025118338568202829 -0.02011317130235259 -0.0071514755585695656 -0.0057371369364170362 0.053953382455556913 -0.030981211345173634 -0.033005465080629494 -0.031564547180788452 0.07646434819947158
leaf_weight=2672.0613480824977 178.53563653491437 1403.3017236273736 1070.2473827376962 56.973614709451795 2570.5708776358515 1717.2610380388796 225.18246683944017 456.3613910228014 940.23293761909008 2421.625386737287 44.306638171896338 392.58069193176925 484.89980580564588 9.1051902398467046 10354.470051791519 894.76336795417592 2325.3583943531848 1156.1375063061714 22.729406001511961 351.73505734978244 417.29443130036816 130.52058003190905 54.355868067592382
leaf_count=9036 810 3534 2329 426 8136 4586 1890 1285 2500 12326 318 1432 3807 43 58029 11980 23266 3431 1364 23722 35015 3681 187
internal_value=0.00443694 0.0103511 0.0176145 -0.00106912 0.0206018 0.00321256 0.00669909 -0.00513835 0.0153319 0.00190374 -0.00015962 0.000391047 0.017461 0.0454971 -0.000430895 -0.0119606 0.000739676 0.00354557 -0.0194102 -0.0258258 -0.0218471 -0.00259418 0.0313701
internal_weight=30350.6 14633 7253.11 15717.6 6182.87 7379.87 5206.25 2173.62 3510.8 3802.95 15058.5 14639.7 672.541 187.641 13967.2 1287.34 12679.8 3577.76 418.771 374.464 659.144 241.85 111.329
internal_count=213133 49053 22001 164080 19672 27052 21181 5871 10636 17647 124771 99367 4660 853 94707 13412 81295 15757 25404 25086 39309 4294 613
is_linear=0
shrinkage=0.0409094


Tree=100
num_leaves=24
num_cat=0
split_feature=2 1 0 3 6 0 2 0 0 3 18 0 14 14 3 3 14 2 2 3 16 0 18
split_gain=884.786 429.445 403.751 247.535 264.291 158.659 154.395 152.729 123.307 145.036 187.901 113.096 102.683 105.089 100.329 90.6129 88.9551 76.7117 120.536 74.1535 71.1476 67.8991 66.3885
threshold=-0.51607446867247353 -0.12688677379192678 -5.6625746886026619e-05 -0.097210472162097911 -0.098649306279176938 -0.0014141278430396191 -0.54093891007862005 -7.615582961114266e-05 -0.00015284160656288095 -0.096830580272352265 -0.66135853542109013 -5.6584454094238657e-05 -0.0067385554527745932 -0.0067385077800328147 -0.097220577627033081 -0.097220995683396635 -0.0067385557994869023 -0.36317443522131437 -0.36749714471109152 1.0000000180025095e-35 -0.54660923159872599 -6.0696081287476705e-05 -0.79031510490574053
decision_type=2 2 2 2 2 2 2 2 2 2 2 2 2 2 2 2 2 2 2 2 2 2 2
left_child=1 2 6 7 8 17 -1 -2 9 -5 -11 -4 -7 -14 15 -9 20 18 -6 -3 -10 -16 -18
right_child=3 19 11 4 5 12 -8 14 16 10 -12 -13 13 -15 21 -17 22 -19 -20 -21 -22 -23 -24
leaf_value=0.024729848515048548 0.018086385636111719 -0.0018128140895208357 -0.0132638667233906 0.012667558730634429 0.030464832837991729 -0.0094664300497169333 0.012154462518964 -0.03840409408973236 -0.005679023041001428 -0.025384422991348368 0.002941668071482165 0.0074086345345070054 -0.03011546306349772 -0.0032906343728272866 0.0049217808555793467 0.008852919998206565 0.0087808362850442731 -0.04480844477038997 0.27110063443892629 0.062439684511547425 -0.056195486488182005 -0.010180613406553211 -0.0067483635459901943
leaf_weight=5377.3402951955795 1227.562752764672 2900.0500699812546 693.03792255371809 1747.2151532564312 128.44293160643429 1410.1707736440003 2347.133092533797 69.90327225252986 84.521833653561771 491.2833216143772 1937.8813937585801 1227.1223549693823 1225.8076926330104 305.28891113540158 788.27143629640341 2375.8185463510454 524.02896471088752 22.449260270223022 3.5808432595804325 30.375462613999844 104.16049550985917 1353.9874714575708 3813.822126109153
leaf_count=18801 2336 9204 1667 4522 1140 17013 4870 198 417 5206 16870 2581 63863 17060 1515 4403 8889 821 39 334 752 3217 27415
internal_value=0.0042795 0.0125683 0.0167355 -0.00163802 -0.00504279 -0.0153087 0.0209087 0.00526964 -0.00139107 0.00367845 -0.00278711 -5.26318e-05 -0.0174311 -0.0247668 0.00184038 0.00750223 -0.00606844 0.0251037 0.0369915 -0.0011468 -0.0335662 -0.0046235 -0.00487238
internal_weight=30189.3 12575.1 9644.63 17614.2 11798.7 3095.74 7724.47 5815.54 8702.91 4176.38 2429.16 1920.16 2941.27 1531.1 4587.98 2445.72 4526.53 154.473 132.024 2930.43 188.682 2142.26 4337.85
internal_count=213133 37457 27919 175676 164007 99936 23671 11669 64071 26598 22076 4248 97936 80923 9333 4601 37473 2000 1179 9538 1169 4732 36304
is_linear=0
shrinkage=0.0409094


Tree=101
num_leaves=24
num_cat=0
split_feature=2 1 0 3 0 0 10 2 1 14 3 0 3 0 2 2 15 10 10 14 3 5 12
split_gain=830.784 402.102 331.603 207.989 280.632 163.317 159.215 134.334 133.87 117.363 94.5804 91.5024 88.3872 84.1248 82.6784 90.6468 79.2792 78.7989 72.2036 71.9849 71.3893 70.6681 70.0611
threshold=-0.54093891007862005 -0.12741784610364168 -5.6625746886026619e-05 -0.097204151223134985 -9.8677616504755575e-05 -8.2813437586177235e-05 -0.0061214933102213057 -0.44070562128338414 -0.11247173669722622 -0.0067385077800328147 -0.097092518879447351 -0.00025235233457169046 -0.097220577627033081 -5.6584454094238657e-05 -0.44180844904499966 0.84957404577903128 -0.092324566210326559 -0.0061192274870423254 -0.0061221853354106763 -0.0067385557835484555 -0.097220987003790824 -0.011345834404801204 0.087531606055083103
decision_type=2 2 2 2 2 2 2 2 2 2 2 2 2 2 2 2 2 2 2 2 2 2 2
left_child=1 2 -1 5 7 21 -6 10 9 -8 -5 -12 20 16 -14 -16 -4 -18 -3 -9 -7 -2 -21
right_child=3 18 13 4 6 12 8 19 -10 -11 11 -13 14 -15 15 -17 17 -19 -20 22 -22 -23 -24
leaf_value=0.024859351540360165 0.018606308924174194 -0.053291438054228368 -0.0012597423271607764 0.015043985945785356 -0.024110611887659346 -0.0090820262894208467 -0.0063307365123227936 -0.042196575439402986 -0.028093425866279276 0.020418958995061954 0.0074354783584922104 -0.0057617514505633738 0.0050902863623942494 0.0098911072828967387 -0.011381842848221111 0.017705816168986869 -0.085635287240989774 -0.018661437474750721 0.0016147572548644573 -0.011830831271074226 0.010209597529342286 -0.029382529890132077 0.002154647828228942
leaf_weight=5059.7482527941465 1517.8299491517246 40.762076951563358 341.9807860776782 1368.1989781409502 1062.0189996464178 371.86238148808479 4362.6125638424419 87.471380671486259 446.67086030123755 292.92887844750658 2340.4443003861234 1408.329207289964 1383.6433960348368 726.66946870833635 1623.5048625618219 201.5607228577137 40.646915517747402 106.26054044812918 2406.7506617056206 1130.7622655723244 2348.3347159177065 53.154253162443638 1275.8748087803833
leaf_count=18396 3047 327 737 2602 24696 910 44427 845 49891 7184 10790 5875 2756 1509 3918 409 161 268 5463 12108 4298 145 12371
internal_value=0.00413227 0.0147646 0.02025 -0.000226991 -0.00321157 0.0052549 -0.00969978 0.00204324 -0.00670018 -0.00464763 0.00583764 0.00247758 0.0021474 0.00106369 -0.00245162 -0.00816939 -0.0120571 -0.037192 0.000700323 -0.00574145 0.00757235 0.0169826 -0.00441645
internal_weight=29998 8722.82 6275.31 21275.2 13775.3 7499.89 6164.23 7611.08 5102.21 4655.54 5116.97 3748.77 5928.91 1215.56 3208.71 1825.07 488.888 146.907 2447.51 2494.11 2720.2 1570.98 2406.64
internal_count=213133 26861 21071 186272 170789 15483 126198 44591 101502 51611 19267 16665 12291 2675 7083 4327 1166 429 5790 25324 5208 3192 24479
is_linear=0
shrinkage=0.0409094


Tree=102
num_leaves=24
num_cat=0
split_feature=3 0 7 3 18 18 0 3 10 3 6 6 15 10 3 14 3 12 18 6 8 6 3
split_gain=395.539 299.145 191.827 150.062 162.036 149.2 210.9 143.842 138.028 132.036 129.051 112.078 110.46 104.564 98.4477 92.6909 262.495 98.0086 91.242 87.4311 86.0407 86.8332 80.6921
threshold=-0.09718566186629525 -6.2631666104413073e-05 -0.51963850798029909 -0.09721977744640288 -0.7899551105315229 -0.79023726585134446 -0.00010094815629017156 0.14311482791178406 -0.0061199567147338018 -0.049487798696509482 -0.19760049415862774 0.090315647365363405 -0.092467424037186122 -0.0061135200071834222 -0.092625813012696845 -0.0067385557691425502 -0.096753325575531762 1.2511603349387717 -0.78992846204808809 0.15311778765327808 -0.6193186428123838 -0.09861137341634299 -0.077065626298882764
decision_type=2 2 2 2 2 2 2 2 2 2 2 2 2 2 2 2 2 2 2 2 2 2 2
left_child=1 18 5 4 20 7 9 13 -5 11 22 -7 -12 -2 15 16 -4 -17 -1 -15 -3 -22 -8
right_child=2 3 14 8 -6 6 10 -9 -10 -11 12 -13 -14 19 -16 17 -18 -19 -20 -21 21 -23 -24
leaf_value=0.012345224030334202 0.01039928129450346 -0.012440494851033492 0.54562597303236104 -0.016039502545882132 0.014151373954929547 0.0041149866080786154 0.064404175048710544 -0.023725552162069997 0.0029539382666931573 -0.035685196989184917 0.0020800841479956559 0.12566566332045018 -0.011291986459665965 0.04400653258048895 -0.041436382926554313 -0.019486447651366697 -0.0098322719131174203 0.036915425192588169 0.023247720130888182 -0.024888362946982538 -0.011573224982856019 0.0089741842497053029 -0.0019168659728335496
leaf_weight=4778.5522887986153 817.89729167521 676.79620669037104 1.9173604901880024 1038.8910615779459 2877.8024789784104 7225.5793591784313 67.686195146292448 153.70843901671469 1669.1234893798828 140.69608098920435 1384.5740399481729 12.717900087125598 4081.3256188747473 312.45398736558855 258.34742221981287 405.8586399005726 5.5319080026820293 59.065009465441108 1757.0197535566986 34.201957288198173 441.81829823367298 1557.9531465489417 56.190792666282505
leaf_count=12131 3142 1569 24 3296 7884 36428 749 6947 3981 2107 10011 81 68294 1845 32571 8224 60 824 5430 2186 973 2765 1611
internal_value=0.00398955 0.00873631 -0.000687727 0.00356319 0.00741277 0.000357907 -0.000974964 0.0134704 -0.00433262 0.00356561 -0.00696892 0.00432855 -0.00790469 0.0183799 -0.0211319 -0.0100272 0.133137 -0.012321 0.0152762 0.0372092 0.000167534 0.00443455 0.0343208
internal_weight=29815.7 14798 15017.8 8262.38 5554.37 14287 12968.8 1318.26 2708.01 7378.99 5589.78 7238.3 5465.9 1164.55 730.72 472.373 7.44927 464.924 6535.57 346.656 2676.57 1999.77 123.877
internal_count=213133 38029 175104 20468 13191 133401 119281 14120 7277 38616 80665 36509 78305 7173 41703 9132 84 9048 17561 4031 5307 3738 2360
is_linear=0
shrinkage=0.0409094


Tree=103
num_leaves=24
num_cat=0
split_feature=1 0 5 14 7 1 0 1 10 14 6 5 15 13 10 6 1 6 16 16 15 9 1
split_gain=476.884 282.407 160.599 129.763 101.162 100.36 125.56 122.176 112.34 92.1069 80.1336 67.3812 67.134 67.0075 65.6203 87.3811 74.5153 56.5857 102.506 55.6549 71.3403 53.2111 82.6056
threshold=-0.1274199963847357 -5.6625746886026619e-05 -0.011344264155521082 -0.0067385544441058822 1.9250742839987212 -0.048816893328982203 -0.00073202372971293856 -0.11186411996889568 -0.0061204492770312409 -0.0067385220751121598 -1.0631789755419392 -0.011345191509207634 -0.090560792270100374 2.1029184595846524 -0.0061135200071834222 -0.20929130879054428 -0.12898311497489559 -0.080362253509443052 0.72489135608664812 -0.24827980568549105 -0.092466485130124718 -0.0035525885466150564 -0.12777665793943513
decision_type=2 2 2 2 2 2 2 2 2 2 2 2 2 2 2 2 2 2 2 2 2 2 2
left_child=1 3 4 11 5 6 8 -8 -2 13 -7 -1 -12 14 15 -3 -16 -11 -19 -13 -21 -5 -23
right_child=2 9 -4 21 -6 10 7 -9 -10 17 12 19 -14 -15 16 -17 -18 18 -20 20 -22 22 -24
leaf_value=0.015243208988656989 0.039852037281932547 0.045099325661688783 -0.028377517082765712 0.0072551216551091568 -0.028508826102430385 0.033037913239651565 0.00038511020126184864 -0.019310675850706623 0.0065030474672838423 0.03751547694419604 -0.035822042590923447 -0.033530418889964414 -0.0014252249766059798 -0.041936269406813817 0.01897376151549476 -0.0093517258000918035 -0.0076587915310158397 -0.040723289492410129 0.052982148692578661 -0.046707837432520431 0.025424005233218683 0.00068739757122384683 -0.040446999275268007
leaf_weight=8310.1596991084516 236.0060834120959 50.800574239343405 353.02662088745274 2311.3564071338624 212.28939594677649 45.305105411447585 13138.668797565158 549.12159102922305 595.86442659143358 147.53688412159681 281.03685629041865 85.614386536180973 143.42654101410881 78.349260833114386 390.38804526999593 1696.0031156977639 319.88646933343261 50.920653992332518 31.699922064319253 29.745290908962488 100.40358844026923 432.76958524249494 100.71977826952934
leaf_count=25103 851 166 26189 6894 21398 354 59145 20896 3997 482 20122 305 11128 1898 2445 7780 787 1059 312 114 181 1220 307
internal_value=0.00384266 0.00928116 -0.00109992 0.0121328 -0.000466453 -6.92994e-05 0.000532807 -0.000405038 0.0159643 -0.00244331 -0.0186793 0.0146572 -0.0241993 -0.00469269 -0.0035051 -0.00776818 0.00697925 0.022336 -0.00477032 -0.00791313 0.0089384 0.00456715 -0.00707854
internal_weight=29691.1 14136.4 15554.7 11370.8 15201.7 14989.4 14519.7 13687.8 831.871 2765.58 469.769 8525.92 424.463 2535.43 2457.08 1746.8 710.275 230.157 82.6206 215.763 130.149 2844.85 533.489
internal_count=213133 49053 164080 34124 137891 116493 84889 80041 4848 14929 31604 25703 31250 13076 11178 7946 3232 1853 1371 600 295 8421 1527
is_linear=0
shrinkage=0.0409094


Tree=104
num_leaves=24
num_cat=0
split_feature=2 1 0 6 2 11 7 0 1 0 2 9 9 13 0 13 6 1 6 1 11 19 4
split_gain=752.175 371.296 345.069 183.245 140.509 98.5249 98.3087 99.7908 130.192 96.7602 94.1677 112.343 144.645 126.751 103.416 74.1466 67.2655 77.9641 73.0612 62.7834 59.1654 77.1219 73.4718
threshold=-0.51607446867247353 -0.12688677379192678 -5.6625746886026619e-05 -0.094159630088816018 -0.54093891007862005 -0.0021661430815016376 1.9250742839987212 -0.0014141278430396191 -0.092586704656732202 -5.6584454094238657e-05 -0.4511047846247988 -0.0035524033848242536 -0.0035523895225315215 -0.46437879698629952 -0.0014141278430396191 2.3648554090665272 -0.01529137814294928 0.044634016880030394 -0.0053642238460753482 0.20161784705684802 -0.0021661404153898414 -0.77605619208525867 2.0585359197574511
decision_type=2 2 2 2 2 2 2 2 2 2 2 2 2 2 2 2 2 2 2 2 2 2 2
left_child=1 2 4 5 -1 6 7 -2 -9 -4 11 14 -13 -14 -5 -16 20 -18 -19 -7 22 -22 -3
right_child=3 16 9 10 -6 19 -8 8 -10 -11 -12 12 13 -15 15 -17 17 18 -20 -21 21 -23 -24
leaf_value=0.023394854271178572 0.015623313483459401 -0.0037050626985984832 -0.011985430244706864 0.052758954850199671 0.011173481218230091 0.0044346653367752804 -0.044297715024525168 -0.0027149634505279699 -0.03303622374115129 0.0070713334730658642 -0.03543493652714514 0.48769563319138343 0.21875762119343953 -0.014172466453917216 -0.025030712495396092 0.16099790388097404 0.10577037086688523 0.11512596521084502 -0.043271820965921325 -0.044814496169302796 0.038065514085697055 -0.12405679781187103 0.017935628208310989
leaf_weight=5031.9704747982323 482.98041998129338 2558.6448687659577 703.67421191185713 36.01530440337956 2291.2542560882866 4820.7007732091006 95.330875187646598 11040.425308860373 242.19284164300188 1217.2759528942406 397.0994201223366 1.4204057902097726 5.700921263545756 12.443551024422046 218.3392516952008 3.6456021768972269 21.080778029747307 6.6419987929984954 18.302571762353182 43.713306493591517 7.4364262484014043 14.45793441683054 292.58126346021891
leaf_count=18801 3126 8215 1667 270 4870 23823 10139 60822 13349 2581 49535 44 179 639 11687 218 105 55 628 1845 10 70 455
internal_value=0.00370181 0.0115065 0.015523 -0.00175398 0.0195711 -0.000910802 -0.00292158 -0.00258633 -0.00336584 9.05417e-05 -0.0226569 -0.00437603 0.0901355 0.0590132 -0.0115431 -0.0219756 -0.00121283 0.0478519 -0.00109519 0.0039921 -0.00199882 -0.0689919 -0.00148438
internal_weight=29563.3 12163.3 9244.17 17400 7323.22 16725.3 11860.9 11765.6 11282.6 1920.95 674.664 277.565 19.5649 18.1445 258 221.985 2919.15 46.0253 24.9446 4864.41 2873.12 21.8944 2851.23
internal_count=213133 37457 27919 175676 23671 113104 87436 77297 74171 4248 62572 13037 862 818 12175 11905 9538 788 683 25668 8750 80 8670
is_linear=0
shrinkage=0.0409094


Tree=105
num_leaves=24
num_cat=0
split_feature=2 3 6 18 2 3 15 9 13 11 14 3 18 18 3 11 3 2 10 10 9 13 14
split_gain=706.341 188.576 218.009 175.638 156.536 132.329 116.191 101.383 94.3913 92.2923 85.5864 102.963 187.746 170.285 80.6765 102.844 95.1633 78.6208 68.7571 63.6324 59.1936 59.1786 58.0144
threshold=-0.54267080572873327 -0.097204151223134985 -0.098649306279176938 -0.78999305632329953 -0.4965995805689476 -0.095025079829213766 -0.092481534437004645 -0.0035525887256081566 -0.55872712541328962 -0.0021661429659650482 -0.0067385557994869023 -0.096830580272352265 -0.75217780429471504 -0.7893092937573315 -0.09722035640741887 -0.0021661431345545695 -0.097220951442302875 -0.36959723541108913 -0.0061221770126214884 -0.0061221241702759987 -0.0035525856171782643 -0.49591716528085933 -0.006738552842598459
decision_type=2 2 2 2 2 2 2 2 2 2 2 2 2 2 2 2 2 2 2 2 2 2 2
left_child=3 8 10 14 5 6 -4 18 -2 20 17 13 -13 -12 15 16 21 -3 -5 -7 -10 -1 -22
right_child=1 2 4 7 -6 19 -8 -9 9 -11 11 12 -14 -15 -16 -17 -18 -19 -20 -21 22 -23 -24
leaf_value=0.0092044934246287846 -0.0072290364441067647 -0.011528357271565186 0.055695036529000014 -0.016318887201349684 -0.018043739937722573 -0.068339270611721417 -0.018061782196876059 -0.041170866036276323 0.005095069765237205 0.01742362224063012 1.3940221082707885e-05 -0.017588744426841486 0.001145016579347254 0.016213668554253591 0.011303068001262854 0.0078560332784358804 -0.053328926986993777 -0.064425054243114052 0.018588116402424099 0.019767610017281848 -0.0044732434270745927 -0.025298878559028015 -0.064309041467079803
leaf_weight=157.75970193743706 945.78198716975749 363.84804507438093 38.546920951455832 95.997706720605493 2329.2437686906196 14.144250543788074 491.76052745617926 48.828623358160257 5537.8242513556033 1098.07619340159 4247.7759749526158 1249.89205178665 3155.7987677492201 1458.9111577179283 988.52534299064428 463.03556367754936 106.97947457432747 54.004462740384042 5806.1470280569047 455.69138119136915 86.272499218583107 176.01124877482653 39.549918211996555
leaf_count=271 2214 1783 64 446 95410 159 2142 217 11782 2170 12878 17588 32507 3621 2014 767 318 625 20603 4793 193 432 136
internal_value=0.00356956 -0.000253691 -0.00310637 0.0140826 -0.0122311 0.00130594 -0.0127006 0.0175347 0.00487598 0.00656914 -0.000221352 0.000528355 -0.00416974 0.00415539 0.00322627 -0.00560782 -0.0197524 -0.0183649 0.0180204 0.0171152 0.00446466 -0.00899056 -0.0232815
internal_weight=29410.4 21567.1 13859.6 7843.28 3329.39 1000.14 530.307 5950.97 7707.5 6761.72 10530.2 10112.4 4405.69 5706.69 1892.31 903.786 440.75 417.853 5902.14 469.836 5663.65 333.771 125.822
internal_count=213133 188065 171570 25068 102568 7158 2206 21266 16495 14281 69002 66594 50095 16499 3802 1788 1021 2408 21049 4952 12111 703 329
is_linear=0
shrinkage=0.0409094


Tree=106
num_leaves=24
num_cat=0
split_feature=2 1 0 3 0 1 1 2 13 3 18 3 6 3 13 9 2 0 16 6 8 0 19
split_gain=659.406 303.211 271.862 173.988 227.289 167.745 134.11 105.925 97.7716 95.3654 139.116 122.868 94.7666 81.8829 73.5592 68.5052 73.1299 65.7492 64.2072 62.9626 59.6631 59.1198 71.5157
threshold=-0.54267080572873327 -0.12741784610364168 -5.6625746886026619e-05 -0.097204151223134985 -0.00015284160656288095 -0.12758468488969602 -0.11366239975943652 -0.49131359131508162 -0.50268595477326283 -0.096830580272352265 -0.62175940268369911 -0.046028149690776669 -0.098826456430941137 -0.094592112137363307 -0.55872712541328962 -0.0035525870931107603 -0.43429930636450603 -5.6584454094238657e-05 0.5129847970493866 -0.10798294213879085 0.61702814442998799 -5.7482416273172572e-05 -0.76026773928154445
decision_type=2 2 2 2 2 2 2 2 2 2 2 2 2 2 2 2 2 2 2 2 2 2 2
left_child=1 2 -1 5 9 15 7 18 -9 12 13 -12 -5 -11 20 -2 -17 19 -6 -4 -7 -3 -23
right_child=3 21 17 4 6 14 -8 8 -10 10 11 -13 -14 -15 -16 16 -18 -19 -20 -21 -22 22 -24
leaf_value=0.023456151762397459 0.022851275127957774 0.007147283265226353 -0.059172076573162362 0.012669140736593519 -0.0033168829651706059 -0.0055775460025808028 -0.027495638224950294 0.00076119105588596451 -0.01376063662156898 -0.029298310430744788 0.0046430251475746611 -0.04170783523479217 -0.011074162710936026 -0.00053137755633398081 0.003918642667862922 -0.13156776310690627 -0.0022284609593902138 0.009295534064267268 0.011194224876386161 -0.006148852950817232 -0.044012990237397583 -0.017611213221082719 0.0039302547653183011
leaf_weight=4376.9568883534521 988.98083037883043 1216.6345780603588 41.067802548408508 2068.8091428279877 2607.1858392544091 800.05176762863994 521.97099467669614 1019.8054162035696 3244.4891514070332 409.19813670683652 2614.9330119686201 99.349287392105907 325.61126951687038 278.16777803888544 5721.0460566300899 7.9224895015358916 95.586484629660845 651.1448147110641 634.49253418575972 428.9795793145895 73.828149508684874 484.7979174060747 551.16142883524299
leaf_count=17305 2707 2320 133 5189 7915 1802 55393 11439 58517 3030 20611 1666 1007 5178 11493 39 222 1384 1625 975 232 1559 1392
internal_value=0.00344215 0.0136729 0.0188521 -0.000244091 -0.00298769 0.00468963 -0.00744487 -0.00605052 -0.0102877 0.0031858 -0.00121678 0.00294647 0.00944035 -0.0176567 0.00223005 0.0195371 -0.012128 0.000878475 -0.000476629 -0.0107815 -0.00882469 0.00103168 -0.00615051
internal_weight=29262.2 7750.74 5498.15 21511.4 13824 7687.42 8027.94 7505.97 4264.29 5796.07 3401.65 2714.28 2394.42 687.366 6594.93 1092.49 103.509 1121.19 3241.68 470.047 873.88 2252.59 1035.96
internal_count=213133 25068 19797 188065 171570 16495 134889 79496 69956 36681 30485 22277 6196 8208 13527 2968 261 2492 9540 1108 2034 5271 2951
is_linear=0
shrinkage=0.0409094


Tree=107
num_leaves=24
num_cat=0
split_feature=2 0 3 6 0 0 2 10 14 10 3 3 0 3 10 15 9 0 3 16 2 5 3
split_gain=618.164 286.486 176.15 199.482 138.116 124.223 117.611 102.02 100.892 98.417 85.7918 80.5089 77.1556 108.75 87.339 68.4266 67.922 69.9557 66.2166 66.1691 76.1135 63.3373 61.9463
threshold=-0.51607446867247353 -5.6909761363314598e-05 -0.097210472162097911 -0.098649306279176938 -0.0014141278430396191 -7.615582961114266e-05 -0.54267080572873327 -0.0061221844583869483 -0.0067385557994869023 -0.0061221770126214884 -0.097220577627033081 -0.097220995683396635 -0.0001625297762418271 -0.096830580272352265 -0.0061203419309122315 -0.092460871553953786 -0.0035525887666535655 -6.1134060618386979e-05 -0.036055599471060872 1.2786105830083649 -0.36317443522131437 -0.011346206042245991 -0.097219182741577773
decision_type=2 2 2 2 2 2 2 2 2 2 2 2 2 2 2 2 2 2 2 2 2 2 2
left_child=1 6 5 8 19 21 16 -6 -4 -9 11 -7 13 -10 -14 22 17 -1 -3 20 -5 -2 -12
right_child=2 18 3 4 7 10 -8 9 12 -11 15 -13 14 -15 -16 -17 -18 -19 -20 -21 -22 -23 -24
leaf_value=0.021624652103777998 0.017792571429595859 -0.0015380494529529897 -0.022977954687527381 0.045083393754061438 -0.046894032077535029 -0.036502266846011294 0.0078727918528887601 0.036479107278071674 0.012238872421255912 -0.015027903087933104 -0.0040492792113599151 0.0077769959207671397 -0.012000821364953328 -0.0018468587899518113 6.2934889428654158e-05 0.0019146318661051583 -0.033580073569894058 0.01222793211333186 0.034498944847828096 -0.054333765996466089 -0.044999679849174107 -0.038478225951408582 -0.025019018788865449
leaf_weight=3542.3381281532347 1137.5736679360271 2880.5884890723974 346.79355440055951 119.5972329992801 165.54065442224964 70.796686392277479 3152.2561179939657 63.615811971016228 1532.895191559568 2579.2818431968335 564.41578422486782 2343.9111729115248 1538.5163262886927 2284.2497188579291 2892.8358718897216 1161.0896062366664 42.870905237272382 2119.1183269023895 87.937854041345417 16.123332407325506 18.068693087436259 34.49149863421917 404.88993194326758
leaf_count=13005 2237 9195 2237 973 5198 198 7896 1328 3987 91410 1168 4403 13172 20816 23859 2484 169 6633 559 304 723 99 1080
internal_value=0.00332139 0.010528 -0.0016118 -0.00451727 -0.0136724 0.00426175 0.0142145 -0.0157395 -0.00136212 -0.0137881 0.00119953 0.00647877 -0.000453316 0.00380971 -0.00412547 -0.00478426 0.0177189 0.0181074 -0.000470511 0.0240766 0.03326 0.0161366 -0.0128086
internal_weight=29099.8 11825.1 17274.7 11557.5 2962.23 5717.17 8856.58 2808.44 8595.29 2642.9 4545.1 2414.71 8248.5 3817.14 4431.35 2130.4 5704.33 5661.46 2968.53 153.789 137.666 1172.07 969.306
internal_count=213133 37457 175676 164007 99936 11669 27703 97936 64071 92738 9333 4601 61834 24803 37031 4732 19807 19638 9754 2000 1696 2336 2248
is_linear=0
shrinkage=0.0409094


Tree=108
num_leaves=24
num_cat=0
split_feature=2 1 0 3 0 1 2 1 14 2 6 8 3 6 1 8 13 9 2 0 6 13 0
split_gain=575.668 289.759 251.018 151.279 199.153 156.67 113.488 87.454 87.0142 122.685 85.4173 118.651 107.926 76.6977 91.3035 74.6762 67.1678 64.1187 60.6253 60.1863 58.77 54.8397 84.2224
threshold=-0.54267080572873327 -0.12741784610364168 -5.6625746886026619e-05 -0.097204151223134985 -9.260415264723518e-05 -0.12758468488969602 -0.49794404602153991 -0.11366239975943652 -0.0067385077800328147 -0.41744126493373152 -0.12407577398348768 0.080101131714858415 -0.096830580272352265 -0.096830782137182644 -0.12521419105308199 0.1008708832246777 -0.55872712541328962 -0.0035525870931107603 -0.43429930636450603 -5.6584454094238657e-05 -0.12764041513740537 -0.52842680319472179 -5.7292577144160906e-05
decision_type=2 2 2 2 2 2 2 2 2 2 2 2 2 2 2 2 2 2 2 2 2 2 2
left_child=1 2 -1 5 6 17 13 8 15 -10 11 -8 -12 14 -5 -6 -7 -2 -19 20 -4 -3 -23
right_child=3 21 19 4 7 16 10 -9 9 -11 12 -13 -14 -15 -16 -17 -18 18 -20 -21 -22 22 -24
leaf_value=0.022659745696649646 0.022220312457550313 0.011565702657812581 -0.10102761316440519 0.010463873535265412 -0.012822251473133655 -0.0085259271021452792 -0.0085442369020036421 -0.025810799054375656 0.028304845019194422 -0.023692560563644341 0.0003406576031411423 0.016841151027944756 -0.013657103478497743 0.040141412432689101 -0.0092574128393137483 -0.0028195357633812286 0.0036451328502893577 -0.11589269037309434 -0.0022444629793933256 0.0089895677485259499 -0.0079145450574792473 0.003848843965741801 -0.015160277569289081
leaf_weight=4211.8896587565541 962.91653542593122 565.22270405106246 11.629759579896925 2096.0871621277183 2844.4616318831686 875.35897044464946 503.46157446829602 450.51173279574141 248.82379656145349 109.2989487061277 2356.4992525987327 794.27635877998546 1514.1766670844518 120.63137354608625 483.510448127985 2227.0499142208137 5700.8688321635127 8.561285085976122 95.29101512208581 646.98545182496309 462.30944166332483 1056.2558961734176 618.48253136780113
leaf_count=17305 2707 998 49 4084 33865 2034 5017 53861 1455 9556 7168 6401 20615 509 2329 26710 11493 39 222 1384 1059 2113 2160
internal_value=0.00320142 0.0128947 0.018081 -0.00023005 -0.00279505 0.00438407 0.00146121 -0.00849067 -0.00705357 0.0124353 -0.00208994 0.00699281 -0.00513515 0.00825835 0.00676739 -0.00842976 0.00202505 0.0189265 -0.0116133 0.000876262 -0.0101994 0.000547418 -0.00317124
internal_weight=28964.6 7572.78 5332.81 21391.8 13748.8 7643 7868.64 5880.15 5429.63 358.123 5168.41 1297.74 3870.68 2700.23 2579.6 5071.51 6576.23 1066.77 103.852 1120.92 473.939 2239.96 1674.74
internal_count=213133 25068 19797 188065 171570 16495 46123 125447 71586 11011 39201 11418 27783 6922 6413 60575 13527 2968 261 2492 1108 5271 4273
is_linear=0
shrinkage=0.0409094


Tree=109
num_leaves=24
num_cat=0
split_feature=2 1 6 3 6 3 2 15 2 3 3 10 6 1 15 10 3 13 13 15 3 4 6
split_gain=538.039 311.974 152.465 115.227 126.612 116.267 91.2861 90.2264 89.3539 86.5449 282.209 158.079 83.6608 75.9619 67.3947 125.433 76.0419 75.7477 95.5589 58.5013 87.1709 57.9041 58.3663
threshold=-0.51607446867247353 -0.12661754808380779 -0.094159630088816018 -0.097210472162097911 -0.12107183102707339 -0.047830697483656918 -0.4511047846247988 -0.091386304749391425 -0.54093891007862005 -0.092466807580416935 -0.092625991859514603 -0.0060020414563983797 -0.32804935743971303 -0.12756684028522983 -0.092469889890757592 -0.0061214764975182573 1.0000000180025095e-35 -0.49567237028853328 -0.47685931600360826 -0.092479670783914975 -0.097220995683396635 3.5928036643711443 0.103964214022271
decision_type=2 2 2 2 2 2 2 2 2 2 2 2 2 2 2 2 2 2 2 2 2 2 2
left_child=1 8 3 13 5 7 21 -5 -1 10 -6 -11 -7 -2 15 17 -16 -3 -19 -15 -21 22 -4
right_child=2 14 6 4 9 12 -8 -9 -10 11 -12 -13 -14 19 16 -17 -18 18 -20 20 -22 -23 -24
leaf_value=0.016579948266089745 0.018044456717421262 0.0075728301782873406 -0.015124225669367081 0.0048558895658917965 -0.005768705466451733 -0.001154406101302873 -0.034689351758965113 0.027317815201132488 0.0078647375691859693 -0.023528103928327122 0.03545424599780455 0.17499864668320581 -0.048419241896544493 -0.0067832439060726644 -0.0094122503711877841 0.017340297662537092 0.055495336300816968 -0.063803563893000348 -0.010278004514401196 -0.049189686338629031 0.0051187827248230199 0.2929651367994634 0.029735254299407498
leaf_weight=5867.5519248787314 575.98783088102937 294.76788562163711 203.02245155908167 1443.8332714331336 7947.0140125928447 160.97657118411735 361.37261122954078 377.54535781079903 2963.0353874973953 543.90646841307171 288.00516165327281 6.7963530831038943 102.63440921204165 950.57590662315488 1441.1133544435725 657.38226870913059 30.853774096816778 68.61382042709738 299.38442651741207 50.065685644745827 4110.5138703025877 1.1004395652562369 63.791890053078532
leaf_count=21682 1477 527 10030 14208 49306 2224 49535 3755 6466 27105 983 94 3763 2146 6213 1281 326 255 707 152 7891 10 2997
internal_value=0.00308843 0.00988685 -0.00150896 -0.00075781 -0.00322621 0.00583672 -0.0212734 0.00951192 0.0136556 -0.00537699 -0.00432701 -0.021078 -0.0195565 0.00396043 -0.00203263 0.00467868 -0.00805173 -0.00788009 -0.0202579 0.00237326 0.00446527 -0.0031775 -0.0043989
internal_weight=28809.8 11622.7 17187.1 16557.9 10870.7 2084.99 629.287 1821.38 8830.59 8785.72 8235.02 550.703 263.611 5687.14 2792.12 1320.15 1471.97 662.766 367.998 5111.16 4160.58 267.915 266.814
internal_count=213133 37457 175676 113104 101438 23950 62572 17963 28148 77488 50289 27199 5987 11666 9309 2770 6539 1489 962 10189 8043 13037 13027
is_linear=0
shrinkage=0.0409094


Tree=110
num_leaves=24
num_cat=0
split_feature=2 1 0 5 0 3 3 0 3 1 6 3 4 13 2 1 2 3 6 0 0 15 15
split_gain=505.199 260.558 244.458 139.179 134.314 208.714 175.747 134.61 93.1907 90.2011 89.443 125.674 91.1568 87.523 83.4241 70.7524 63.463 60.3257 76.0663 56.8138 54.4263 59.9445 57.2229
threshold=-0.54267080572873327 -0.1274199963847357 -5.6625746886026619e-05 -0.011346323502618622 -9.8677616504755575e-05 -0.097092518879447351 -0.09721977744640288 -0.00041755883573423854 -0.095557165670893909 -0.12833699337398286 -0.19760049415862774 -0.087392575895530566 -0.13327514397639681 2.1029184595846524 -0.46644403177748878 -0.1287580717865483 -0.3206224683343683 -0.097220987003790824 -0.10082038031219234 -0.00022631214656508301 -5.6584454094238657e-05 -0.092324566210326559 -0.092460108997600196
decision_type=2 2 2 2 2 2 2 2 2 2 2 2 2 2 2 2 2 2 2 2 2 2 2
left_child=1 2 -1 4 5 9 17 16 13 -2 11 -8 -12 15 -9 -5 -7 18 -6 -17 21 22 -4
right_child=3 -3 20 8 6 7 10 14 -10 -11 12 -13 -14 -15 -16 19 -18 -19 -20 -21 -22 -23 -24
leaf_value=0.022094426444372563 0.026554594680481408 0.00088435188179788375 -0.0204100227089297 0.0084403134541847901 -0.11097752256670364 0.0078538661448420734 0.080266058218712646 -0.0012031257683801765 -0.035067940428194472 0.009327907658127698 -0.010216270926112646 -0.00032416926310500368 -0.0016261626795280523 0.034605147179593149 -0.016111780445615651 -0.056343290440882057 -0.024839317771325451 0.0069760158063935009 -0.0064707295472086488 -0.015176967038531698 0.0080443286029740473 -0.032599406217181465 0.014601985005778789
leaf_weight=3977.7150151412934 640.17858534678817 2336.9094256870449 138.24530876427889 183.31510754674673 11.996977947652338 2289.9078362425789 48.207044044043869 1630.8144344314933 287.1387614752166 2476.7014438677579 4292.2951585000847 98.660413498990238 3988.6943995270412 74.640435633715242 1021.6637011719868 68.055657032877207 103.87708697328344 3328.0845915675163 410.10612179897726 319.56117247091606 625.62490094080567 141.93686380237341 179.63935449719429
leaf_count=16991 1628 5630 357 393 54 14679 330 5686 26407 5048 75281 2661 29326 618 11730 843 2935 6629 1007 2810 1366 399 325
internal_value=0.00297659 0.0121836 0.0173987 -0.000226025 0.000482529 0.00454281 -0.00223915 -0.000598166 -0.0156786 0.0128661 -0.00551743 0.0261284 -0.00607868 -0.00705462 -0.00694554 -0.012501 0.00643516 0.00512819 -0.00944101 -0.0224047 0.000190867 -0.0104944 -0.000624436
internal_weight=28674 7400.07 5063.16 21273.9 20341.2 8163.14 12178 5046.26 932.711 3116.88 8427.86 146.867 8280.99 645.572 2652.48 570.932 2393.78 3750.19 422.103 387.617 1085.45 459.822 317.885
internal_count=213133 25068 19438 188065 156994 41706 115288 35030 31071 6676 107598 2991 104607 4664 17416 4046 17614 7690 1061 3653 2447 1081 682
is_linear=0
shrinkage=0.0409094


Tree=111
num_leaves=24
num_cat=0
split_feature=2 1 0 3 0 0 2 1 10 11 14 3 11 3 14 0 3 3 10 16 17 4 5
split_gain=473.854 280.194 287.394 134.151 162.162 109.705 106.427 106.094 114.303 111.945 89.9028 78.0247 76.0874 67.6243 115.102 77.2837 66.424 65.8187 111.056 75.425 96.3102 73.2032 61.1814
threshold=-0.51607446867247353 -0.12661754808380779 -5.6772837378329557e-05 -0.097210472162097911 -0.00019125413827362873 -7.615582961114266e-05 -0.54093891007862005 -0.11366239975943652 -0.0061214933102213057 -0.0021661431969176837 -0.0067385524247615602 -0.097220577627033081 -0.0021661404153898414 -0.097092518879447351 -0.006738555628378478 -0.0017552991003584744 -0.097220987003790824 -0.094234189045994635 -0.0061221676195588109 -0.53260717999935003 -1.1536711108706561 3.5145246978092213 -0.011346206042245991
decision_type=2 2 2 2 2 2 2 2 2 2 2 2 2 2 2 2 2 2 2 2 2 2 2
left_child=1 2 6 5 13 -2 -1 8 9 -6 -10 16 -13 22 -15 -16 -7 19 -19 21 -21 -3 -5
right_child=3 17 -4 4 7 11 -8 -9 10 -11 -12 12 -14 14 15 -17 -18 18 -20 20 -22 -23 -24
leaf_value=0.020837258292260151 0.015047491808544382 -0.0018399159112270217 -0.00050510209421845802 0.015852748567278693 0.090417116278394605 -0.011606489749758241 0.0099005998847201161 -0.026807021856926929 -0.0055427084256201888 -0.019704164412660281 0.013236232954191324 -0.0041328631435683825 -0.087473015190482631 -0.016554732823569156 0.015826497786573288 -0.00036755172922333729 0.0085507840212414848 -0.055895265889076041 0.0096567680711148931 0.01059273489825009 -0.021208416829422337 0.037257075275925831 -0.035083263863698783
leaf_weight=4346.9806789811701 1140.452289801091 769.40474333427846 2030.542862880975 756.62383914738894 15.664110764861105 314.9220013692975 2265.0458505507559 453.49234179104678 5261.5093944093678 1126.4578833112027 464.30582187022083 2106.7458420097828 18.494661588221788 583.87699228478596 645.51673515327275 2090.1775300516747 2084.8486149162054 45.36054371856153 930.83791225776076 202.18856960907578 752.7578622372821 89.46711277961731 41.637095082551241
leaf_count=18481 2336 1840 4721 1447 188 780 4946 54161 46775 22517 9476 4656 76 4980 5113 19189 3821 464 4157 429 2328 91 161
internal_value=0.00286983 0.00931783 0.0129567 -0.00143993 -0.00398958 0.00370812 0.0170907 -0.00764246 -0.00637702 -0.0181939 -0.00401993 0.000850224 -0.00485812 0.00250518 -6.56431e-05 0.00345361 0.00590554 -0.0019541 0.00661079 -0.00656374 -0.0144752 0.00223275 0.0131959
internal_weight=28537.3 11432.6 8642.57 17104.7 11439.3 5665.46 6612.03 7321.43 6867.94 1142.12 5725.82 4525.01 2125.24 4117.83 3319.57 2735.69 2399.77 2790.02 976.198 1813.82 954.946 858.872 798.261
internal_count=213133 37457 28148 175676 164007 11669 23427 133117 78956 22705 56251 9333 4732 30890 29282 24302 4601 9309 4621 4688 2757 1931 1608
is_linear=0
shrinkage=0.0409094


Tree=112
num_leaves=24
num_cat=0
split_feature=2 0 5 0 3 3 10 0 3 3 6 8 10 6 15 19 9 7 8 3 3 6 15
split_gain=442.136 223.587 126.687 120.561 172.453 162.857 158.242 115.67 113.004 90.4763 86.1898 84.9375 82.885 79.1932 75.6227 70.7843 66.8913 66.9366 65.1703 58.1818 54.6092 62.3448 45.4435
threshold=-0.54267080572873327 -5.7044840732705945e-05 -0.011346323502618622 -7.2803626433516212e-05 -0.09721977744640288 -0.097136713703668789 -0.0061198919760941219 -0.00041755883573423854 -0.096830580272352265 -0.095557165670893909 -0.098709166677954666 0.96677018301173689 -0.0061200235918841446 -0.099475839457806872 -0.092469278011871867 -0.77605619208525867 -0.0035525887666535655 -0.51963850798029876 -0.038665837445003806 -0.097210472162097911 -0.097220987003790824 -0.10082038031219234 -0.092480460541677564
decision_type=2 2 2 2 2 2 2 2 2 2 2 2 2 2 2 2 2 2 2 2 2 2 2
left_child=1 16 3 5 20 13 11 12 -9 10 14 -6 -7 -2 22 -8 17 -1 -16 -15 21 -5 -4
right_child=2 -3 9 4 6 7 15 8 -10 -11 -12 -13 -14 19 18 -17 -18 -19 -20 -21 -22 -23 -24
leaf_value=0.017450233865830583 0.016006155114656771 0.00040588570831554129 0.0020045695584005436 -0.10660504936473138 -0.017180543470748075 0.016852368780375503 -0.0078737008739218559 0.0014798679892237183 -0.012565793497723861 -0.034603409127336816 -0.043760935574857676 0.0013196255779102544 0.0010160966454937125 0.011656841016798213 -0.017322008137959553 0.003894070028314477 -0.035526573668814183 -0.0089080141217768149 0.016720534189502735 -0.0019872176453639041 0.00633951584939744 -0.0070722428351988704 -0.054122847137691277
leaf_weight=4888.1243089120835 1915.2917058505118 2142.6845107255504 39.346827619709074 10.828399062156675 2357.4443094660528 835.38567921612412 1458.9800920509733 2088.824805656448 1771.7672478728928 277.19757409789599 90.013306764420122 504.15173063194379 1636.9677991629578 997.15679981932044 133.90879015019163 2067.9767084796913 41.56954487413168 166.74175198376179 316.68680083658546 1100.1122192088515 3110.1083687320352 384.8626993522048 62.472257442772388
leaf_count=18567 4100 5940 230 48 36752 4435 25351 6691 16539 26407 1355 7707 13331 2173 974 30221 169 392 1578 2529 6162 955 527
internal_value=0.00276706 0.011494 -0.000218622 0.000456121 -0.00277241 0.00354386 -0.0067733 -0.000541759 -0.0049662 -0.0150689 -0.00664007 -0.0139212 0.00636703 0.00999212 -0.000591403 -0.00097385 0.0161558 0.0165808 0.00660371 0.00449992 0.00451834 -0.00979604 -0.032433
internal_weight=28398.6 7239.12 21159.5 20239.9 9894.35 10345.5 6388.55 6332.95 3860.59 919.626 642.428 2861.6 2472.35 4012.56 552.415 3526.96 5096.44 5054.87 450.596 2097.27 3505.8 395.691 101.819
internal_count=213133 25068 188065 156994 107196 49798 100031 40996 23230 31071 4664 44459 17766 8802 3309 55572 19128 18959 2552 4702 7165 1003 757
is_linear=0
shrinkage=0.0409094


Tree=113
num_leaves=24
num_cat=0
split_feature=1 3 13 0 1 1 3 3 3 14 6 1 11 15 3 10 18 15 3 0 1 15 7
split_gain=255.05 262.817 127.034 124.893 126.034 120.002 159.303 137.685 93.4262 90.2844 86.3241 123.411 122.705 142.825 128.75 92.3338 111.586 90.7801 75.4816 71.7253 124.499 86.0046 69.9267
threshold=-0.1274199963847357 -0.097197621493632688 -0.35112230218537444 -5.6702656665127236e-05 -0.12774449982348596 -0.12849173574742037 -0.097070578063777516 -0.094592112137363307 -0.09721630145476691 -0.0067385475688626108 -0.17316652794679577 -0.093741356577902057 -0.0021661429440200841 -0.091386304749391425 -0.079781207257791517 -0.0060999529296420253 1.300275125576148 -0.09241731017841677 0.14311482791178406 -0.00026250064981810231 -0.11424437652091694 -0.092236368239512243 -0.51963850798029909
decision_type=2 2 2 2 2 2 2 2 2 2 2 2 2 2 2 2 2 2 2 2 2 2 2
left_child=1 3 10 4 -1 6 -3 -7 -6 -8 12 22 13 17 -15 -13 -17 -2 -11 20 21 -4 -12
right_child=2 5 19 -5 8 7 9 -9 -10 18 11 15 -14 14 -16 16 -18 -19 -20 -21 -22 -23 -24
leaf_value=0.024125590323449856 0.042826284224825262 0.01782325685770467 -0.0075160995305155187 0.00041323357334148208 0.014951026206564095 -0.010092053663867426 -0.0013407234566274731 0.015645206476643143 -0.0024366584806575051 0.02261563492925182 0.0012474989925165781 -0.026678539064969947 -0.02721974236631125 0.10489591920337722 0.015337801414862944 0.020658286071295415 0.33413166365265123 -0.0093019537821400801 -0.049680867321815779 -0.031290033597259938 -0.0344207452163416 0.059893301403803847 -0.0067817173379448644
leaf_weight=1969.7458513919264 90.500891987234354 1281.8197205364704 64.881036473438144 1015.2038279473782 2046.5379992183298 2024.0085017327219 3197.4644958181307 420.05824496224523 692.05149358138442 415.20411029830575 11533.494582526386 442.53372891293839 81.65327890496701 63.525973781011999 46.550798772834241 44.100819418672472 1.9860307429917146 146.27991017466411 25.662446482107043 351.88588645262644 107.72105763107538 61.892507918179035 2154.3543368584942
leaf_count=8392 806 3880 538 2275 7830 5627 14965 1322 2063 2071 51165 29549 1599 375 1163 3781 26 1988 628 35015 3216 540 34319
internal_value=0.00266591 0.00685162 -0.000940181 0.0134274 0.0162335 0.00174084 0.00542147 -0.00566863 0.0105571 0.0010522 -0.00019059 -0.000737399 0.0178995 0.028521 0.0670223 -0.0209396 0.0341669 0.0106222 0.0184073 -0.0196102 -0.00208339 0.0253941 -1.62333e-05
internal_weight=28279.1 13087.8 15191.4 5723.54 4708.34 7364.22 4920.15 2444.07 2738.59 3638.33 14605 14176.5 428.511 346.858 110.077 488.621 46.0869 236.781 440.867 586.38 234.495 126.774 13687.8
internal_count=213133 49053 164080 20560 18285 28493 21544 6949 9893 17664 124771 118840 5931 4332 1538 33356 3807 2794 2699 39309 4294 1078 85484
is_linear=0
shrinkage=0.0409094


Tree=114
num_leaves=24
num_cat=0
split_feature=2 1 0 6 2 2 9 3 3 6 19 0 3 10 0 3 3 0 0 13 0 6 10
split_gain=403.269 251.176 233.326 129.051 99.8292 89.4301 99.5652 167.824 84.3088 106.152 119.057 112.986 113.653 109.93 94.4086 87.3361 85.0997 83.2483 75.901 66.1997 65.5856 64.6588 69.5442
threshold=-0.51607446867247353 -0.12616417885147077 -5.6772837378329557e-05 -0.094159630088816018 -0.54093891007862005 -0.4511047846247988 -0.0035524033848242536 0.028743278335638309 -0.097210472162097911 -0.12198922538149284 -0.77605619080686006 -0.0079817216099404512 -0.092466807580416935 -0.0061221853265892223 -6.8907421553727211e-05 -0.097220577627033081 -0.047830697483656918 -0.0014141278430396191 0.0039509186187736498 2.3648554090665272 -5.6584454094238657e-05 -0.10174812949603157 -0.0061214764975182573
decision_type=2 2 2 2 2 2 2 2 2 2 2 2 2 2 2 2 2 2 2 2 2 2 2
left_child=1 2 4 8 -1 6 17 18 14 10 13 -11 -13 -10 -2 -16 -12 -5 -8 -19 -4 -3 -23
right_child=3 21 20 5 -6 -7 7 -9 9 11 16 12 -14 -15 15 -17 -18 19 -20 -21 -22 22 -24
leaf_value=0.019617314298362894 0.012471766458406877 -0.016095753600633107 -0.0088047557134995954 0.04701845272504996 0.0090038494529709155 -0.034098608777895785 -0.048212371787188138 -0.042962967355240939 0.056096881655451569 0.07146961797138468 0.016164561329249955 -0.0038996109040696399 -0.023590705786354693 -0.012985534855172945 0.0055684178439226427 -0.0062873766349396815 -0.016428044184655998 -0.022979333340488871 0.24136646462541067 0.14777503806940001 0.0060721579782001302 -0.0090265242328299404 0.0061082959660324386
leaf_weight=4166.0957390293479 1415.9493643976748 472.16988241113722 836.63747208565474 36.94181008823216 2303.0800541043282 334.87902963696979 1.8155743870884204 9.2882178965955955 41.121685904450715 32.390809978358448 1206.4026605146937 8199.6245516370982 521.7726576004643 616.50945493369363 2321.8788304701447 1883.3338018096983 150.83415849809535 199.77178089274094 9.1444220161065441 3.8734597265720359 1217.8583493232727 799.43877985375002 1394.2635761308484
leaf_count=18518 2922 1976 2099 270 5093 49535 84 591 289 148 10688 50646 27330 9047 4469 4275 3290 11687 187 218 2698 2387 4686
internal_value=0.00256666 0.00859672 0.0120245 -0.00140575 0.0158388 -0.0201097 -0.00214964 0.0849741 -0.00072593 -0.00284578 0.0056203 -0.00479442 -0.00507766 -0.00866581 0.00333514 0.000258718 0.0125424 -0.00948212 0.193396 -0.0197315 1.394e-05 -0.00236302 0.000592797
internal_weight=28175.1 11189.5 8523.67 16985.5 6469.18 595.714 260.835 20.2482 16389.8 10768.7 2014.87 8753.79 8721.4 657.631 5621.16 4205.21 1357.24 240.587 10.96 203.645 2054.5 2665.87 2193.7
internal_count=213133 37457 28408 175676 23611 62572 13037 862 113104 101438 23314 78124 77976 9336 11666 8744 13978 12175 271 11905 4797 9049 7073
is_linear=0
shrinkage=0.0409094


Tree=115
num_leaves=24
num_cat=0
split_feature=2 0 6 18 3 2 3 0 10 0 15 3 3 15 3 6 3 2 5 5 4 3 15
split_gain=374.603 200.43 121.656 106.569 128.43 86.485 77.6947 101.056 96.5947 88.65 70.4264 64.8211 61.6374 60.088 60.0848 89.657 59.8711 57.9901 55.3669 54.6884 54.486 89.03 53.9568
threshold=-0.51607446867247353 -5.6909761363314598e-05 -0.094159630088816018 -0.78999800180100987 -0.097029791248490718 -0.4511047846247988 -0.097210472162097911 -0.00019125413827362873 -0.0061214933102213057 -7.615582961114266e-05 -0.092474221333099529 -0.097220577627033081 -0.097220995683396635 -0.092460871553953786 -0.097092518879447351 -0.11838909934932743 -0.036055599471060872 -0.54093891007862005 -0.011341908839780736 -0.011346206042245991 -0.27417728378785838 -0.097220652173191188 -0.092176460192514797
decision_type=2 2 2 2 2 2 2 2 2 2 2 2 2 2 2 2 2 2 2 2 2 2 2
left_child=1 3 6 20 17 22 9 14 10 19 -9 12 -11 -13 18 -16 -3 -5 -8 -2 21 -1 -4
right_child=2 16 5 4 -6 -7 7 8 -10 11 -12 13 -14 -15 15 -17 -18 -19 -20 -21 -22 -23 -24
leaf_value=-0.074381935441324959 0.015228937546654463 -0.0018997079902340554 -0.02965978420085533 0.020227062993487754 0.004246415530674506 -0.033781562418691874 0.014498622442086058 -0.0032378858191476996 -0.0036017584174746937 -0.031662879275433403 -0.02459978151394026 -0.012028329933399605 0.0064669275489488516 0.0017827257865338059 0.0066106109602771211 -0.007136942685445285 0.032446052111254231 0.010448414647332259 -0.049299502776710233 -0.036995813026236953 0.0042956955220576059 0.0010593614739292595 0.010491454565195924
leaf_weight=39.810755416750908 1070.0656194649637 2838.7479008007795 81.650644953362644 3408.8383620381355 1698.8057279270142 324.410934305517 761.81067110598087 407.41353077930398 5683.5788198292721 73.202264171093702 705.63797151087783 971.81932373344898 2307.5546461381018 1152.3483028486371 1640.0130058918148 1538.9053830690682 87.560945005621761 1445.2523468658328 23.466963928192854 34.643876478075981 1503.734661668539 76.460071194916964 178.39735252084211
leaf_count=138 2237 9195 4626 16316 4924 49535 1493 2717 53804 198 17285 2248 4403 2481 13129 12903 559 3430 107 99 2721 174 8411
internal_value=0.00247258 0.00831526 -0.00135222 0.0116048 0.0139275 -0.0196921 -0.000697454 -0.00273231 -0.00576 0.00320596 -0.0167806 0.000659268 0.00529453 -0.00453591 0.00245868 -4.45408e-05 -0.000872015 0.0173156 0.0125921 0.0135912 0.00220949 -0.0247715 -0.00211535
internal_weight=28054.1 11099.2 16954.9 8172.9 6552.9 584.459 16370.5 10760.8 6796.63 5609.63 1113.05 4504.92 2380.76 2124.17 3964.2 3178.92 2926.31 4854.09 785.278 1104.71 1620.01 116.271 260.048
internal_count=213133 37457 175676 27703 24670 62572 113104 101438 73806 11666 20002 9330 4601 4729 27632 26032 9754 19746 1600 2336 3033 312 13037
is_linear=0
shrinkage=0.0409094


Tree=116
num_leaves=24
num_cat=0
split_feature=2 1 0 5 0 3 3 0 12 7 3 1 2 19 6 3 2 2 11 3 15 15 15
split_gain=347.682 204.52 191.789 111.951 108.652 157.092 127.011 102.132 92.6018 89.2063 84.508 83.5785 78.2719 77.1663 71.3513 67.9418 61.7382 56.6112 55.2344 75.0204 63.8155 72.3718 54.5594
threshold=-0.54267080572873327 -0.1274199963847357 -5.6625746886026619e-05 -0.011344844583403313 -9.8677616504755575e-05 -0.097092518879447351 -0.09721977744640288 -0.00041755883573423854 0.9152954125182825 1.9250741382824443 -0.095557165670893909 -0.12833699337398286 -0.46644403177748878 -0.77605619208525867 -0.12107183102707339 -0.093427826884278795 -0.48165361069550178 -0.3206224683343683 -0.0021661431345545695 -0.09722035640741887 -0.092469278011871867 -0.092463347799074766 -0.092403507144332209
decision_type=2 2 2 2 2 2 2 2 2 2 2 2 2 2 2 2 2 2 2 2 2 2 2
left_child=1 2 -1 4 5 11 -6 17 9 -8 13 -2 -9 22 16 -10 -15 -7 19 20 -3 -22 -5
right_child=3 18 -4 10 6 7 8 12 15 -11 -12 -13 -14 14 -16 -17 -18 -19 -20 -21 21 -23 -24
leaf_value=0.019771874669999058 0.02483427488031285 -0.0081504137670966505 0.00013535025419401391 -0.064856268513472246 0.0041597665316285073 0.0069637776659387954 -0.0062176003856933733 -0.00050846535687653802 3.4673502880146445e-05 -0.033630556429684745 -0.036033549392716871 0.007908024644161845 -0.014955193449397251 -0.080383643922050024 -0.0047355767315711058 0.02226291666308618 0.057265708044181254 -0.024157969411346607 0.0076549538335712189 0.002867687912363537 -0.1153296393885159 -0.028955413282722033 -0.010877276703474121
leaf_weight=3586.478206563741 609.57582134753466 383.32284709624946 1084.0151964277029 52.827639830298722 3702.4073438309133 2311.9278782308102 6561.2108749970794 1662.1775465076789 1361.8930722223595 204.87247253046371 239.57876297342591 2452.4646025039256 1008.4307421301492 6.0404621902853242 270.22125523211434 276.92383265425451 56.091598428785801 102.14004937605932 988.13347120583057 790.71145131997764 18.531879048794508 130.97688814811409 77.035618358757347
leaf_count=16991 1652 884 2447 508 7701 14799 66752 5816 7224 20559 26041 5117 11882 42 2169 13803 321 2960 2011 2278 85 372 719
internal_value=0.00238215 0.0102885 0.0152143 -0.000252112 0.000304477 0.00395722 -0.00215337 -0.000451195 -0.00493434 -0.00704765 -0.0163154 0.0112776 -0.0059636 -0.00609503 0.00435355 0.00379076 0.0438835 0.00564701 0.00033639 -0.00512752 -0.0169922 -0.0396617 -0.0328356
internal_weight=27938 6982.17 4670.49 20955.8 20254 8146.72 12107.3 5084.68 8404.9 6766.08 701.795 3062.04 2670.61 462.217 332.353 1638.82 62.1321 2414.07 2311.68 1323.54 532.832 149.509 129.863
internal_count=213133 25068 19438 188065 158265 42226 116039 35457 108338 87311 29800 6769 17698 3759 2532 21027 363 17759 5630 3619 1341 457 1227
is_linear=0
shrinkage=0.0409094


Tree=117
num_leaves=24
num_cat=0
split_feature=1 3 1 3 5 1 3 3 14 7 14 11 11 4 14 1 3 3 6 18 14 11 5
split_gain=194.787 217.403 112.665 142.344 109.307 109.16 138.57 121.058 83.8636 76.2169 75.1078 92.4209 88.2922 84.4292 69.4254 69.1488 84.4844 65.8017 59.8229 59.2578 82.3652 52.8228 52.1088
threshold=-0.1274199963847357 -0.097197621493632688 -0.12765578898200616 -0.097219182741577773 -0.011344264155521082 -0.1287580717865483 -0.097070578063777516 -0.096112409421976533 -0.0067385077800328147 1.9250742839987212 -0.0067385557994869023 -0.0021661431969176837 -0.0021661431964549141 -0.16458673060116605 -0.0067378487609322238 -0.12756684028522983 -0.096984073296789389 -0.097220811832107068 -0.098897230448946188 -0.78994448438037967 -0.0067385546843319955 -0.0021661431071887723 -0.010215165459958266
decision_type=2 2 2 2 2 2 2 2 2 2 2 2 2 2 2 2 2 2 2 2 2 2 2
left_child=1 2 22 -4 9 6 -3 15 18 10 13 -12 -13 -2 -10 16 -7 -11 -8 -5 -21 -17 -1
right_child=4 5 3 19 -6 7 8 -9 14 17 11 12 -14 -15 -16 21 -18 -19 -20 20 -22 -23 -24
leaf_value=0.01873382338351598 -0.031208798572055781 0.018426732969696637 0.013252516546974251 0.0066540837505399174 -0.02528815437962114 -0.0020711862805498494 0.0021869795453466033 0.013125398581850713 0.028463821687047575 0.041095624261411196 0.08868780513170739 -0.039257975290902337 0.0007608215484333137 -0.0016906613555518046 -0.026219874650888864 -0.041111257605631973 -0.025187296826100838 -0.035720308896844737 -0.011783058117872863 -0.0063607437290902442 -0.043859534485110652 -0.0098289824300247519 -0.042945260292957491
leaf_weight=2639.904279846698 267.44448693632148 1035.5519390646368 1828.8995750546455 383.74294698610902 300.25793150952086 1573.1938086617738 2490.8386951684952 501.88509325683117 284.67815933935344 21.131463155150414 19.91390289622359 92.886448245495558 13808.814543854212 411.9624667072203 44.996661596000195 180.90417703986168 318.10557870194316 159.76315680425614 646.06093930685893 491.59082572720945 122.44655646942556 180.44905213266611 23.12433759868145
leaf_count=10604 2132 3370 6817 1180 26189 3975 7537 1701 1530 32 261 2129 110580 1391 585 633 1134 21366 7574 1460 427 454 72
internal_value=0.00229452 0.00601755 0.0121602 0.00647178 -0.000851921 0.00137059 0.00529525 -0.00504403 0.00137255 -0.00035556 -2.85925e-05 0.000619585 0.00049343 -0.0133103 0.0210002 -0.00909214 -0.00595918 -0.0267469 -0.000690223 -0.0059571 -0.0138385 -0.0254898 0.0181982
internal_weight=27828.5 12746.4 5489.71 2826.68 15082.2 7256.66 4502.13 2754.54 3466.57 14781.9 14601 13921.6 13901.7 679.407 329.675 2252.65 1891.3 180.895 3136.9 997.78 614.037 361.353 2663.03
internal_count=213133 49053 20560 9884 164080 28493 20596 7897 17226 137891 116493 112970 112709 3523 2115 6196 5109 21398 15111 3067 1887 1087 10676
is_linear=0
shrinkage=0.0409094


Tree=118
num_leaves=24
num_cat=0
split_feature=1 3 9 0 6 0 1 3 8 7 3 6 20 20 20 1 3 3 6 13 8 1 11
split_gain=180.702 280.629 125.679 124.875 114.204 94.2309 87.6618 142.541 81.14 79.6526 100.771 88.2181 370.266 70.1891 98.031 68.5762 147.793 151.412 71.5219 61.8529 60.5321 56.0534 55.795
threshold=-0.12754909417708118 -0.097181966055961716 -0.0035525888032966317 -5.6702656665127236e-05 -0.098634774146394086 -5.6584454094238657e-05 -0.13011011982272339 -0.096497938953338497 -1.2476197016434647 -0.51963850798029909 -0.092625813012696845 -0.09755009849567392 0.30575356972355644 -0.36449472762388352 -0.26325720247703122 -0.048816893328982203 -0.094706093103106279 -0.095629402914613013 -1.0631789755419392 2.3648554090665272 -0.11563609304021481 -0.15446504177714568 -0.0021661431969176837
decision_type=2 2 2 2 2 2 2 2 2 2 2 2 2 2 2 2 2 2 2 2 2 2 2
left_child=1 3 9 -1 20 -5 7 -3 -9 15 11 -11 -13 -8 -15 16 17 -2 -17 -20 -4 -10 -6
right_child=2 6 4 5 22 -7 13 8 21 10 -12 12 -14 14 -16 18 -18 -19 19 -21 -22 -23 -24
leaf_value=0.018788256819000454 0.0016854556065182742 0.016693344998173012 -0.012247687560180371 -0.015524075754676106 0.24896481926742559 0.01362285436728038 0.010050373438256748 -0.032486953807982027 0.0081778982349937773 -0.0048535033849222099 -0.041382987941333285 0.0036642659392082054 0.5399523125340131 -0.042595229374532355 -0.005268835830377923 0.036416942697514318 0.013980301602894285 -0.033371670317447491 -0.025202081241808397 0.12958218166020835 0.0036228772680399505 -0.0057204782222497804 -0.022720234186002171
leaf_weight=3138.6752081159502 11159.405548587441 1218.9426423292607 688.19923661206849 344.58613209426403 1.2672132274601597 402.42189099639654 469.63255013385788 128.00555017637089 958.98381208954379 1897.9724740101956 129.24371682782657 12.913574637845157 2.5860661077313116 124.6663675615564 2123.9179220548831 38.448794638738036 1696.9754514836241 210.06525828689337 290.75412645353936 4.385861081769689 967.83890850236639 983.92233004933223 743.80533360457048
leaf_count=13272 39595 3145 9277 841 5 849 1213 1625 7077 10425 19379 633 73 466 6190 256 18766 3846 21775 407 10420 4947 38651
internal_value=0.00220878 0.00664317 -0.000249916 0.0152104 -0.00895687 0.000177714 0.00110233 0.00559407 -0.00093898 0.00110388 -0.00642118 -0.00405971 0.0931422 -0.00433401 -0.00733829 0.00225101 0.00271862 0.00103773 -0.016065 -0.0229019 -0.00297245 0.00113951 -0.0222582
internal_weight=27737.6 9893.75 17843.9 3885.68 2401.11 747.008 6008.07 3289.85 2070.91 15442.8 2042.72 1913.47 15.4996 2718.22 2248.58 13400 13066.4 11369.5 333.589 295.14 1656.04 1942.91 745.073
internal_count=213133 39625 173508 14962 58353 1690 24663 16794 13649 115155 30510 11131 706 7869 6656 84645 62207 43441 22438 22182 19697 12024 38656
is_linear=0
shrinkage=0.0409094


Tree=119
num_leaves=24
num_cat=0
split_feature=1 0 13 14 14 0 1 14 7 10 10 15 13 18 1 6 14 0 15 15 0 1 11
split_gain=168.801 128.537 109.363 99.4394 84.4571 79.6639 94.2005 69.4262 85.1714 67.922 102.248 61.8542 59.3651 79.1534 72.7382 66.7443 57.2965 54.7014 53.635 109.968 52.5458 50.8255 50.7058
threshold=-0.1274199963847357 -5.6625746886026619e-05 -0.35112230218537444 -0.0067385544441058822 -0.0067385220751121598 -0.0079817216099404512 -0.051096417563970042 -0.0067385557994869023 -0.51963850798029909 -0.0061205389599915203 -0.0061202134919595584 -0.092217432391238419 2.2316916804054228 -0.79031510490574053 -0.33565760301185593 -0.20929130879054428 -0.006738552842598459 -0.0026391143486268597 -0.090864395797424058 -0.090446512546993124 0.0026863869102359689 0.20161784705684802 -0.0021661243456221261
decision_type=2 2 2 2 2 2 2 2 2 2 2 2 2 2 2 2 2 2 2 2 2 2 2
left_child=1 3 5 -1 12 21 7 17 -9 -4 11 -11 13 14 -3 -15 -13 -7 22 -20 -6 -2 -8
right_child=2 4 9 -5 20 6 18 8 -10 10 -12 16 -14 15 -16 -17 -18 -19 19 -21 -22 -23 -24
leaf_value=0.010187722258815011 0.047592357379050224 0.0083445492759822784 -0.043340220438159952 0.00085004404833056329 0.031847355651424089 0.10507179842187951 -0.036956927751962854 0.0021166029160498419 -0.006981036785359958 4.1632708107045775e-05 -0.018095405625307454 0.28281715815041902 -0.044511636388302397 0.036144068538501765 0.085588018340890054 -0.0061733339579764105 0.068825202045748324 -0.013808391384880265 0.12124818889998205 -0.013930992738395568 -0.018893946624762049 -0.014383101274058034 0.19674902737172917
leaf_weight=7348.8108618743718 92.857126709073782 62.564678461290896 139.04128764057532 2578.2945715393871 176.33283271640539 6.5407094638794652 200.25868640048429 11359.096972981468 2029.9675795729272 27.926183382049203 365.90882495814003 2.2976918136701014 60.564504549838603 64.165055556222796 30.275553512386978 2238.0344906179234 23.622412003576756 673.21339014987461 11.382940673967822 87.417806498939171 42.360796936787665 29.081331603229046 1.5658379348460574
leaf_count=25703 517 787 8049 8421 1056 13 16182 61265 34601 893 29746 39 1694 308 185 10102 582 3169 573 8075 797 293 83
internal_value=0.00212494 0.00561804 -0.000799817 0.00776252 -0.00234234 -0.000115023 -0.000394438 8.97495e-05 0.000737275 -0.0185587 -0.01035 0.0422834 -0.00451191 -0.00350042 0.0335339 -0.0049939 0.0877946 -0.0126645 -0.0230537 0.00164315 0.0220188 0.0328117 -0.0351437
internal_weight=27651.6 12601.4 15050.2 9927.11 2674.3 14491.4 14369.4 14068.8 13389.1 558.796 419.755 53.8463 2455.6 2395.04 92.8402 2302.2 25.9201 679.754 300.625 98.8007 218.694 121.938 201.825
internal_count=213133 49053 164080 34124 14929 124771 123961 99048 95866 39309 31260 1514 13076 11382 972 10410 621 3182 24913 8648 1853 810 16265
is_linear=0
shrinkage=0.0409094


Tree=120
num_leaves=24
num_cat=0
split_feature=3 0 5 7 3 12 17 17 6 18 6 6 14 17 14 18 14 6 13 6 19 3 17
split_gain=157.963 179.389 144.583 113.375 94.9966 91.4297 133.268 110.816 84.4538 83.4358 81.3721 75.9985 92.051 79.3799 67.5163 65.8564 65.1652 62.2036 77.4286 58.6686 57.3537 65.2669 70.1692
threshold=-0.09718566186629525 -6.2631666104413073e-05 -0.011344264155521082 1.9250742839987212 -0.09721977744640288 -0.075228565785527682 -1.2205488294190538 -1.1229392691069804 -0.09961001993941504 -0.7899551105315229 -0.1506987260781206 -0.098688281052719165 -0.006738552842598459 -0.17605761237986065 -0.0067385557640851591 1.300275125576148 -0.0067385077800328147 -0.09857417870820516 -0.53834075160361983 -0.099309815352037423 -0.77605619208525867 -0.095557165670893909 1.0940195659192318
decision_type=2 2 2 2 2 2 2 2 2 2 2 2 2 2 2 2 2 2 2 2 2 2 2
left_child=1 14 3 5 9 6 8 -8 -2 11 15 13 -13 -3 19 -7 -12 -6 -19 -1 -4 22 -22
right_child=2 4 20 -5 17 10 7 -9 -10 -11 16 12 -14 -15 -16 -17 -18 18 -20 -21 21 -23 -24
leaf_value=0.012867461127086997 0.012099945967595135 0.00095685212417145644 -0.047399399353051271 -0.038703416769796925 -0.0026061549946492881 0.015854239528426618 -0.023022809744417172 -0.0044770358850118744 -0.0086593472049801955 0.0097143014229108243 0.0010016046160476451 -0.00217033958820781 0.017875352855527979 -0.036935428225052983 0.013290120463168215 0.13040479170425578 0.019075435611143929 -0.054595327408275843 -0.01044460577830599 -0.0041107277867602097 -0.0080013287913322812 -0.035724778387691031 0.0713654047503883
leaf_weight=582.97663301415741 1221.8409113888629 186.15708166919649 121.33677030098625 126.83090071054175 2225.8248759359121 618.67322499398142 621.0614244712051 4091.332928389078 448.31453505856916 2519.4632241539657 6161.2065921425819 1796.7293046489358 487.37895243801177 183.95299564301968 4281.233564844355 8.5150426626205427 352.98528197337873 86.387468611821532 288.43258613534272 819.33883261308074 188.39015531330369 146.94501126394607 20.690527212340385
leaf_count=2131 6499 360 10748 21265 6147 4984 4756 40436 7317 7884 55396 3525 905 517 12902 137 5566 317 813 2528 1991 15853 156
internal_value=0.00204242 0.00521426 -0.000978936 -0.000205035 0.00117584 0.000156013 -0.00340201 -0.00692124 0.00652759 0.00438201 0.00333597 -0.00067956 0.00210697 -0.0178765 0.0107383 0.0174094 0.00198097 -0.00520246 -0.0206203 0.00294752 -0.0231096 -0.0148314 -0.000147234
internal_weight=27586 13457.9 14128.1 13650.8 7774.33 13523.9 6382.55 4712.39 1670.16 5173.68 7141.38 2654.22 2284.11 370.11 5683.55 627.188 6514.19 2600.64 374.82 1402.32 477.362 356.026 209.081
internal_count=213133 38029 175104 146356 20468 125091 59008 45192 13816 13191 66083 5307 4430 877 17561 5121 60962 7277 1130 4659 28748 18000 2147
is_linear=0
shrinkage=0.0409094


Tree=121
num_leaves=24
num_cat=0
split_feature=2 0 3 0 3 16 18 3 0 10 3 2 18 3 0 3 8 3 9 0 0 5 3
split_gain=292.826 162.781 102.047 119.642 84.8847 84.5995 83.5936 108.955 76.6047 96.6034 75.2495 73.8816 83.3184 81.8296 73.1282 77.4735 67.4665 56.4151 54.3785 49.8923 51.3708 48.9263 48.3732
threshold=-0.51607446867247353 -5.6909761363314598e-05 -0.047830697483656918 -0.0026391143486268597 -0.097210472162097911 -0.6063227428072212 -0.79000412502475748 -0.097029791248490718 -0.00019125413827362873 -0.0061214933102213057 -0.096830580272352265 -0.39803469125373675 0.13994195058136452 0.29586117426496533 -6.4477164346688222e-05 -0.097220577627033081 -1.1739288804971717 -0.036055599471060872 -0.0035525883123523386 0.0017013410616529823 -5.6584454094238657e-05 -0.011346206042245991 -0.097220715450195741
decision_type=2 2 2 2 2 2 2 2 2 2 2 2 2 2 2 2 2 2 2 2 2 2 2
left_child=1 6 3 5 14 -2 22 18 10 -10 -6 12 13 16 21 -16 -4 19 -8 20 -3 -5 -1
right_child=2 17 11 4 8 -7 7 -9 9 -11 -12 -13 -14 -15 15 -17 -18 -19 -20 -21 -22 -23 -24
leaf_value=-0.0065265056097275655 -0.046569251874031464 -0.006693806388639546 -0.050563039931972212 0.011065244973225375 0.0083857702598219147 0.03042949834887675 0.016043471502657211 0.003459504238158999 -0.017104126428994539 -0.0038989889049503242 -0.0037534100723059204 -0.039225762613882414 -0.036434579266664262 -0.037541686354373618 0.0046749412078744383 -0.0069841535084713361 0.027618179356555497 0.031514067861546494 -0.034062162745973984 -0.046929818500295845 0.0044424861651046641 -0.035349190294820067 0.0080035032450659054
leaf_weight=665.23312668502331 26.022905616089702 1452.8596311383881 20.794589614961296 1612.3974080551416 1487.4897641725838 290.09446967579424 4573.7277153562754 1673.3821280989796 1105.6932464542333 5741.9568101817276 2008.6717751603574 192.01268128305674 114.97836386132985 55.920062310760841 2235.2165241762996 1663.8279917240143 165.43736954056658 86.431041473057121 36.538965985178947 40.836090562865138 1325.8873837799765 38.926226273179054 905.30038242787123
leaf_count=1307 272 4217 992 3368 4061 1587 19695 4935 23940 75151 21014 25052 5813 2232 4350 3837 3896 559 129 527 4451 111 1637
internal_value=0.00196374 0.00723029 -0.00141758 -0.000830038 -0.00132569 0.0240909 0.0102909 0.0124009 -0.00351566 -0.00603123 0.00141137 -0.0187615 -0.00775874 0.0058571 0.00275561 -0.000300311 0.0188885 -0.00104183 0.0156464 -0.00203979 -0.00138009 0.00997113 0.00184901
internal_weight=27519.6 10760.2 16759.4 16210.3 15894.2 316.117 7854.18 6283.65 10343.8 6847.65 3496.16 549.143 357.13 242.152 5550.37 3899.04 186.232 2906.01 4610.27 2819.58 2778.75 1651.32 1570.53
internal_count=213133 37457 175676 137691 135832 1859 27703 24759 124166 99091 25075 37985 12933 7120 11666 8187 4888 9754 19824 9195 8668 3479 2944
is_linear=0
shrinkage=0.0409094


Tree=122
num_leaves=24
num_cat=0
split_feature=3 7 18 12 17 20 6 18 6 4 10 6 14 15 18 6 10 14 15 14 4 7 14
split_gain=138.307 122.563 112.547 96.3006 123.526 135.773 85.4858 72.6457 61.615 71.7619 62.247 61.3914 60.0422 52.9509 101.363 52.1891 49.24 64.9224 46.8032 41.6318 46.2903 42.6436 97.9882
threshold=-0.09718566186629525 1.9250742839987212 -0.78990917168235653 -0.075228565785527682 -1.2205488294190538 -0.32399936655311806 -0.11279413157018336 -0.79030915904712729 -0.1506987260781206 -0.18024252391355064 -0.0061164610834592249 0.17304159751905354 -0.0067382186304764911 -0.091974135653878061 1.3002594248511055 -0.037991169090017783 -0.0061221852477959309 -0.0067385549470354075 -0.092239731739580902 -0.0067385557835484555 -0.16458673060116605 -0.51963850798010869 -0.006738552842598459
decision_type=2 2 2 2 2 2 2 2 2 2 2 2 2 2 2 2 2 2 2 2 2 2 2
left_child=2 3 16 4 6 -6 12 -7 13 10 -10 -8 -2 18 -15 -11 17 -1 -5 20 -18 -21 -23
right_child=1 -3 -4 8 5 7 11 -9 9 15 -12 -13 -14 14 -16 -17 19 -19 -20 21 -22 22 -24
leaf_value=0.012965369390608382 0.015630016231572716 -0.038895358561880658 0.01517189007909856 0.0091348915062690102 -0.023596914951495122 0.0089847223547934747 -0.0026288874698710066 -0.0067855987977393428 -0.0084583477119855397 0.0041606803844304856 0.006312864924952615 0.069792149992922048 0.095042516211287578 -0.0010109622837032324 0.047607860296313712 0.052030044062140783 -0.022172381933304636 -0.042844717972225048 -0.038865075524827743 0.0053804131935184032 0.0010778810899204697 -0.0090290060230599749 0.015087023761188978
leaf_weight=58.676987916231155 575.92111688526347 140.94814624777064 1567.6264429949224 327.87771723628975 743.7844090370927 567.77459534490481 1112.3374489487614 3516.7189649310894 1687.9213890607934 4325.7180983237922 665.78176411776803 19.940728896530345 16.387400823645294 122.64368084748276 172.99637980619445 38.45518152997829 207.07457431964576 86.023775635287166 37.929849261417985 9563.4462457094342 465.41119756549597 1005.9932642132044 391.79003425128758
leaf_count=155 3852 27451 5713 2901 10101 8548 11252 34485 30464 23875 14966 1166 44 1406 1581 2565 669 676 447 26336 1283 2274 923
internal_value=0.00189071 -0.000938713 0.00487428 -0.000554716 -0.004164 -0.00752085 0.0052341 -0.00459341 0.00265034 0.00147736 -0.00428008 -0.00135347 0.0178271 0.0145635 0.0274388 0.00458248 0.00350374 -0.0202134 0.00415787 0.00379874 -0.00608144 0.0044049 -0.00226943
internal_weight=27419.2 14073.1 13346 13932.2 6552.86 4828.28 1724.59 4084.49 7379.32 6717.88 2353.7 1132.28 592.309 661.448 295.64 4364.17 11778.4 144.701 365.808 11633.7 672.486 10961.2 1397.78
internal_count=213133 175104 38029 147653 69448 53134 16314 43033 78205 71870 45430 12418 3896 6335 2987 26440 32316 831 3348 31485 1952 29533 3197
is_linear=0
shrinkage=0.0409094


Tree=123
num_leaves=24
num_cat=0
split_feature=1 3 0 9 4 0 10 17 11 0 3 3 1 7 1 3 8 1 5 0 20 17 8
split_gain=149.8 255.309 124.076 118.176 116.757 90.0249 77.2135 91.1026 69.9852 69.7136 69.5988 68.6293 126.261 90.0924 67.6051 101.193 70.7749 66.0867 65.4976 60.7607 59.4767 86.4179 58.849
threshold=-0.12774449982348596 -0.097144523194085175 -5.6625746886026619e-05 -0.0035525888032966317 0.712137694892373 -0.00082910307913860624 -0.0061221853354106763 2.5568008493805352 -0.0021661404153898414 -8.5774442290045865e-05 -0.095856914186832454 -0.09721977744640288 -0.1274333132199679 1.9250741382824443 -0.13011011982272339 -0.096497938953338497 -1.2476197016434647 -0.11725552780867764 -0.010215165459958266 -5.6584454094238657e-05 -0.36449472762388352 -0.93640326547670016 1.8318978511637547
decision_type=2 2 2 2 2 2 2 2 2 2 2 2 2 2 2 2 2 2 2 2 2 2 2
left_child=1 2 18 6 5 10 7 -2 11 -10 -5 12 -8 -13 15 -3 -17 -7 -1 -4 -16 -22 -20
right_child=3 14 19 4 -6 17 8 -9 9 -11 -12 13 -14 -15 20 16 -18 -19 22 -21 21 -23 -24
leaf_value=0.019480940588497173 -0.027430455934585311 0.014580006789071938 -0.014702915414038368 0.034052935219621286 0.0081358043098565033 -0.012982698915486682 0.017578006237606407 0.10638808066534597 0.0093527509759290198 -0.056406820636482558 -0.0068347295454283703 0.00040071728195332444 0.0022207980540296947 -0.021786377013494385 0.009741748020789906 -0.030892029047844896 0.00077443041394550092 -0.034730732592785467 -0.086371548474947726 0.0099901646109337907 -0.048856163335916282 -0.0069656870437404825 0.050815834113882435
leaf_weight=2711.2960306815803 223.28312003309838 1023.2711700312793 293.199747659266 107.73382382374257 565.967995821964 1444.3335605477914 1127.3940888177603 8.8517497363500279 44.383869008161128 68.806850199354813 197.21270714933053 10331.448824708816 4364.6112060081214 315.64832757948898 330.23599537741393 125.81195222213864 1932.2453932389617 279.01386702689342 18.018175967037681 386.75353679060936 87.693986055441201 1369.7678456669673 7.3750206381082526
leaf_count=11759 3906 2531 708 406 1780 23065 4611 15 143 710 3914 79222 9358 21371 858 1625 12024 29777 76 852 350 4067 5
internal_value=0.0018169 0.00640991 0.0149825 -0.000177791 -0.00829382 -0.0128783 0.00109948 -0.0223277 0.0014341 -0.0306215 0.00761037 0.00165892 0.00537331 -0.000257051 0.000394414 0.00406614 -0.00116138 -0.0165038 0.0188685 -0.000657633 -0.00593427 -0.00948619 -0.0465278
internal_weight=27364.4 8285.67 3416.64 19078.7 2594.26 2028.29 16484.4 232.135 16252.3 113.191 304.947 16139.1 5492.01 10647.1 4869.03 3081.33 2058.06 1723.35 2736.69 679.953 1787.7 1457.46 25.3932
internal_count=213133 34855 13400 178278 58942 57162 119336 3921 115415 853 4320 114562 13969 100593 21455 16180 13649 52842 11840 1560 5275 4417 81
is_linear=0
shrinkage=0.0409094


Tree=124
num_leaves=24
num_cat=0
split_feature=2 1 0 2 3 3 2 0 2 3 1 0 11 15 3 3 0 9 1 3 13 7 2
split_gain=258.033 153.757 161.379 81.9927 153.027 169.993 147.607 127.042 109.071 105.124 89.247 146.876 112.156 75.8 72.2612 68.1473 112.342 86.4447 67.74 158.785 64.1566 62.3955 71.6472
threshold=-0.54267080572873327 -0.12741784610364168 -5.6625746886026619e-05 -0.44070562128338414 -0.092466807580416935 -0.092625991859514603 1.0000000180025095e-35 -0.00073202372971293856 -0.34806139086333021 -0.096854111651248562 -0.12603305163567494 -0.00025235233457169046 -0.0021661431969154129 -0.092226575121002505 -0.094473170534227782 -0.097204151223134985 -7.1850033705872781e-05 -0.0035525871798833351 0.011432434492427061 -0.075923192258909228 -0.44234767951619103 1.9250741382824443 1.3373574595715187
decision_type=2 2 2 2 2 2 2 2 2 2 2 2 2 2 2 2 2 2 2 2 2 2 2
left_child=1 2 -1 10 5 6 7 -5 -6 -8 13 18 20 15 -14 17 -17 -2 19 -12 -13 -7 -23
right_child=3 -3 -4 4 8 21 9 -9 -10 -11 11 12 14 -15 -16 16 -18 -19 -20 -21 -22 22 -24
leaf_value=0.017530144842033586 0.0082330881129617593 -0.00010437245421362821 -0.00058654880123872131 0.018990181887678106 -0.0093758702693859802 0.028227851061318969 0.0053065245921437966 -0.0093450573673593603 -0.039253048378076708 -0.030128088921143988 0.0043012631571790238 -0.048246169295426709 -0.019433901810905169 0.010718594262791582 0.0015408710145785828 0.0032787699969775261 -0.01005004632570922 -0.097129747680612583 -0.033775887419702021 0.064108226669799387 0.14652179089844733 0.077986396345767414 0.33490994816873909
leaf_weight=3374.0752259604633 2208.7156751994044 2199.3105189939961 1088.2899811118841 283.05325322970748 621.75093147042207 158.84524479857646 3291.8492097877897 4109.6932431196328 304.70917555782944 146.3463817697484 970.77178620360792 3.7753101338166735 1131.1093990746886 1992.7248960956931 363.14174353610724 3261.507229635492 1566.6276937564835 13.109314281493424 66.237663516309112 80.450897507369518 11.30910982028581 21.422081768279899 1.9848127351142455
leaf_count=17305 5343 5271 2492 2265 30258 755 9073 27246 46535 7025 6372 157 10763 6101 20627 7363 5906 55 1470 442 76 192 41
internal_value=0.00174935 0.00874857 0.0131118 -0.000513073 -0.0034612 -0.00164126 -0.00255026 -0.00751923 -0.0192024 0.00379825 0.0017454 -0.00489248 -0.013216 0.00367363 -0.0143365 0.00168232 -0.00104615 0.00761142 0.00635 0.00887834 0.0977755 0.0374164 0.0997725
internal_weight=27270.8 6661.68 4462.37 20609.1 8939.65 8013.19 7830.94 4392.75 926.46 3438.2 11669.5 2626.8 1509.34 9042.68 1494.25 7049.96 4828.13 2221.82 1117.46 1051.22 15.0844 182.252 23.4069
internal_count=213133 25068 19797 188065 123390 46597 45609 29511 76793 16098 64675 39907 31623 24768 31390 18667 13269 5398 8284 6814 233 988 233
is_linear=0
shrinkage=0.0409094


Tree=125
num_leaves=24
num_cat=0
split_feature=2 1 0 6 2 9 11 6 0 4 2 8 10 6 11 15 8 6 10 11 10 11 15
split_gain=240.414 165.097 155.854 89.6463 78.4117 84.2292 79.1472 77.3734 74.526 72.0499 71.9974 65.5781 63.1395 93.5386 108.859 92.4991 62.8039 93.3405 84.9868 81.4437 64.4395 62.7182 61.7869
threshold=-0.51607446867247353 -0.12572782272833563 -5.6772837378329557e-05 -0.094159630088816018 -0.4511047846247988 -0.0035524033848242536 -0.002166142792961285 -0.10174812949603157 -0.0014141278430396191 -0.19589831722593529 -0.54093891007862005 1.3239070247626135 -0.006121339296726213 -0.09861137341634299 -0.002166143116123581 -0.092469889890757592 -0.05448428596331658 -0.12407577398348768 -0.0061113310976047561 -0.0021661431969176837 -0.0061221844583869483 -0.0021661431857800798 -0.092473383590828892
decision_type=2 2 2 2 2 2 2 2 2 2 2 2 2 2 2 2 2 2 2 2 2 2 2
left_child=1 2 10 16 5 8 9 11 -5 -7 -1 -3 13 -9 -15 -14 18 22 19 -2 -19 -21 -18
right_child=3 7 -4 4 -6 6 -8 12 -10 -11 -12 -13 15 14 -16 -17 17 20 -20 21 -22 -23 -24
leaf_value=0.016312529228154859 0.07044986065948744 -0.013527740061826825 -0.00029671396355094974 0.044616540622758917 -0.032633671050115345 -0.042653877567652682 -0.044074011141649563 -0.036497120964839577 -0.018591212933800384 0.17523893412072181 0.0070094454442498648 -0.071151327701355266 0.020482099798471286 -0.009716325670957756 0.030247152704474329 -0.0021162692004449458 -0.014309765823625219 -0.029688650138322711 0.0063960861471825019 -0.022181162639303909 0.00038201474995411922 -0.0046275520622601823 0.01552111243417993
leaf_weight=3679.7401004806161 23.654940176289529 390.12707732710987 2049.4796455651522 37.181235675700009 282.99417698709294 3.2432947871275255 6.3862013712059698 156.79563842527568 194.66940186894499 11.708443144103512 2239.5596398729831 36.112034160643816 485.8911818061024 557.94292873702943 143.39023833163083 805.90976069681346 130.51921287784353 121.33383704465814 1230.1585204503499 360.5397124895826 6993.8504925523885 6174.5474354303442 1059.2608884756919
leaf_count=18547 209 1667 4875 270 49535 298 394 483 11905 170 5178 218 855 1923 179 3532 1446 2467 7445 6282 43907 40418 10930
internal_value=0.00168363 0.0065158 0.00942627 -0.00138041 -0.0178361 -0.00129655 0.0764821 -0.00248703 -0.00845476 0.127974 0.0127927 -0.0184098 0.000669767 -0.00793191 -0.00154564 0.00638376 -0.000832169 0.00164272 -0.00347103 -0.00532171 -0.000130774 -0.00559598 0.0122487
internal_weight=27175 10544.9 7968.78 16630 536.183 253.189 21.3379 2576.17 231.851 14.9517 5919.3 426.239 2149.93 858.129 701.333 1291.8 16093.9 8304.96 7788.9 6558.74 7115.18 6535.09 1189.78
internal_count=213133 37457 28600 175676 62572 13037 862 8857 12175 468 23725 1885 6972 2585 2102 4387 113104 58750 54354 46909 46374 46700 12376
is_linear=0
shrinkage=0.0409094


Tree=126
num_leaves=24
num_cat=0
split_feature=5 1 3 11 8 3 1 14 10 11 3 15 3 14 3 13 16 14 15 3 11 17 1
split_gain=130.504 138.482 227.834 95.0061 85.8241 80.9751 99.1406 78.1086 66.4614 101.922 67.6642 64.4591 75.5243 61.6366 58.8595 56.6301 68.8438 53.3934 53.1805 52.7046 50.0189 48.8817 48.4211
threshold=-0.011346323502618622 -0.12787793877447468 -0.097144523194085175 -0.0021661404153898414 -0.038665837445003806 -0.09721977744640288 -0.1274333132199679 -0.0067385475688626108 -0.0061221844583869483 -0.0021661431969176837 -0.094706093103106279 -0.092469278011871867 -0.094234189045994635 -0.0067385552870045272 0.14311482791178406 -0.53857489134992365 -0.50684150001546424 -0.0067378337180010921 -0.051233165411036181 -0.097181966055961716 -0.0021661430304877236 -1.2205488294190538 -0.12188066304841072
decision_type=2 2 2 2 2 2 2 2 2 2 2 2 2 2 2 2 2 2 2 2 2 2 2
left_child=1 2 -1 5 19 6 -3 15 9 -7 -10 20 22 -5 17 16 -4 -9 -8 -2 -6 -17 -13
right_child=4 3 7 13 11 8 18 14 10 -11 -12 12 -14 -15 -16 21 -18 -19 -20 -21 -22 -23 -24
leaf_value=0.016429479022851957 -0.009953547264267797 0.014484194781248676 -0.0098527471963666818 -0.049677773004390011 -0.049765098361147619 0.075175859202969292 0.0019107469978944509 0.025425863234360486 -0.002273819445947995 -0.025489843528317211 0.0050702040354817937 0.015588829402402818 -0.027604935173318895 0.011589708327246664 -0.050752367895731849 0.01120704506835311 -0.067318554327314817 -0.019960354888412819 -0.10126070492790523 -0.044855333052211947 0.01679911666265296 -0.0012604206189049602 -0.031566701615907675
leaf_weight=2681.9039530158043 118.15696605294943 1311.6633978821337 295.21508714836091 102.44936567731202 79.193008461967111 17.844396751839668 4549.8729082215577 391.52348900213838 10131.741198623786 296.86051728890743 2648.4378584064543 333.99819600768387 113.81381717231125 37.553716226248071 20.358625345863402 639.2554628290236 39.565222035162151 48.784840371459723 8.3768004477024061 187.0239967975067 24.812343092169613 2978.6271603540517 40.906523931771517
leaf_count=11227 310 5418 1098 493 1459 314 9846 1421 49291 6567 79786 1318 12842 696 453 2160 335 384 35 13311 346 12358 1665
internal_value=0.00161955 0.00214512 0.00702553 0.000332612 -0.0137161 0.000580481 0.00457312 0.00131091 -0.00120926 -0.0197819 -0.000751917 -0.00464076 0.00158278 -0.0332437 0.0172528 -0.000547052 -0.0166442 0.0203972 0.00172115 -0.0313424 -0.033885 0.000942496 0.0104436
internal_weight=27097.9 26200 7095.23 19104.8 897.905 18964.8 5869.91 4413.33 13094.9 314.705 12780.2 592.724 488.719 140.003 460.667 3952.66 334.78 440.308 4558.25 305.181 104.005 3617.88 374.905
internal_count=213133 181882 29436 152446 31251 151257 15299 18209 135958 6881 129077 17630 15825 1189 2258 15951 1433 1805 9881 13621 1805 14518 2983
is_linear=0
shrinkage=0.0409094


Tree=127
num_leaves=24
num_cat=0
split_feature=2 1 4 13 13 4 19 1 15 17 10 11 17 15 10 13 13 14 15 15 14 18 10
split_gain=213.45 161.428 75.7717 72.1546 60.7335 68.5076 81.2164 65.6779 61.1591 80.0672 60.1103 82.4086 74.5323 58.4952 98.8586 58.4055 73.0387 56.2252 60.9358 54.1892 77.7844 72.2996 59.642
threshold=-0.50969776311373272 -0.12661754808380779 -0.18024252391355064 -0.55872712541328962 -0.39702925119532689 -0.36811204366216616 -0.77605616802184674 -0.15976554124274203 -0.092217432391238419 -1.8010015552132341 -0.0061221770126214884 -0.0021661431969176837 2.5568008493805352 -0.092469889890757592 -0.0061214764975182573 -0.49567237028853328 -0.47685931600360826 -0.0067385524247615602 -0.092482115548723043 -0.091014767631479254 -0.0067385556767448045 -0.79031510490574053 -0.0061171334173296937
decision_type=2 2 2 2 2 2 2 2 2 2 2 2 2 2 2 2 2 2 2 2 2 2 2
left_child=1 -1 3 -2 5 7 -7 -5 -6 -10 11 -4 -13 14 15 -3 -17 -12 -19 20 -15 -22 -21
right_child=2 13 10 4 8 6 -8 -9 9 -11 17 12 -14 19 -16 16 -18 18 -20 22 21 -23 -24
leaf_value=0.0087306577374323176 -0.022452739238805829 0.0064738863804059341 0.06460025586750949 0.04240090485800533 -0.033941612708376596 -0.013195477087071453 -3.7272696401544299e-05 0.0043669039185591325 0.12334566885804114 -0.0084292018167136766 7.2871838700389657e-05 -0.028526635805225135 0.086142509621852298 -0.050704755376688754 0.014943140918323218 -0.054573583890316947 -0.0090548834799861581 0.19260363329295915 0.011348843327319886 -0.008870535215730101 2.0410411821268807e-05 -0.019542292018391229 0.033007858027318392
leaf_weight=8385.6929331570864 399.2665182640776 295.90102585591376 18.729288802947849 88.359870176762342 220.1415485413745 1261.2007362321019 2079.3873569744173 542.49829859216698 7.9864808365236959 228.50492205168121 9901.2484922456788 252.6249322592048 9.856436765054239 77.094698193948716 674.91484900470823 72.89363118307665 309.42458351142704 3.1182719820644698 684.43333595024887 121.59527614060789 734.34760417789221 555.22440014174208 106.99323073448613
leaf_count=29678 6459 549 152 948 11561 21281 31409 11967 196 20008 54368 4271 35 335 1457 267 766 31 9740 816 1761 4223 855
internal_value=0.00155755 0.0058357 -0.00153144 -0.00579649 -0.00429465 -0.00267008 -0.005005 0.00969406 -0.0184239 -0.00397907 0.000362656 -0.018305 -0.0242207 -0.00239803 0.00385853 -0.00717208 -0.0177336 0.00085842 0.0121709 -0.007705 -0.0107886 -0.0084023 0.0107311
internal_weight=27031.4 11334.1 15697.4 4827.35 4428.08 3971.45 3340.59 630.858 456.633 236.491 10870 281.211 262.481 2948.39 1353.13 678.219 382.318 10588.8 687.552 1595.26 1366.67 1289.57 228.589
internal_count=213133 40707 172426 103829 97370 65605 52690 12915 31765 20204 68597 4458 4306 11029 3039 1582 1033 64139 9771 7990 6319 5984 1671
is_linear=0
shrinkage=0.0409094


Tree=128
num_leaves=24
num_cat=0
split_feature=5 1 3 11 11 15 10 1 1 13 15 3 13 3 14 1 3 12 12 13 14 10 15
split_gain=119.04 121.106 213.333 85.9556 77.572 101.376 93.1361 81.7854 128.747 75.3975 70.9263 67.3884 76.7299 65.1661 72.9305 62.6982 67.2352 59.9311 110.841 61.1613 55.0689 54.1612 45.4512
threshold=-0.011346323502618622 -0.12787793877447468 -0.097144523194085175 -0.0021661404153898414 -0.0021661430930432087 -0.092410619243068925 -0.0061221844583869483 0.005524589873256716 -0.020804616684504642 -0.48434425154588229 -0.092481993193352041 -0.095557165670893909 2.1029184595846524 0.29586117426496533 -0.0067385475688626108 -0.13327061136021487 -0.096896287071441475 -0.075228565785527682 -0.28795605933302931 -0.56201538458990052 -0.0067385552870045272 -0.0061213014079621346 -0.092208234341754888
decision_type=2 2 2 2 2 2 2 2 2 2 2 2 2 2 2 2 2 2 2 2 2 2 2
left_child=1 2 -1 4 5 10 -7 8 -6 17 -3 12 15 14 -11 -2 21 18 -4 -19 -5 -17 -14
right_child=11 3 9 20 7 6 -8 -9 -10 13 -12 -13 22 -15 -16 16 -18 19 -20 -21 -22 -23 -24
leaf_value=0.015814405014442787 0.030361689857932403 -0.015984437600781831 -0.0082786985942839737 -0.046684053955393649 0.0047128887535592915 -0.030122972797707263 -0.004836491393080419 -0.027602788669106239 0.10137227690118661 0.0033752147929332122 0.0021299187250428406 -0.032507527014539822 0.010594559370926081 -0.052433874212884056 0.024323054969794564 -0.044627600371475645 -0.049262369521646823 -0.049885948545883546 -0.054510655782607331 0.0027263721791581062 0.011139277105275725 -0.0037703559264138128 0.078066334008580707
leaf_weight=2626.8707163147628 53.660662963986397 378.45672015612945 531.78356355195865 104.41367999929935 5857.4515072538052 259.33250528411008 4063.3108316995203 130.88391061569564 23.153032788541168 2498.5236693620682 8194.3135909084231 226.37907354836352 54.396946774795651 32.637259492650628 312.99245225917548 63.390941008459777 85.494453175459057 38.600085706450045 103.71545776166022 880.18497890047729 37.450974203413352 378.61163827590644 24.116718112491071
leaf_count=11227 87 2787 2194 493 28760 5859 63941 10783 840 9839 38287 26447 444 736 1376 568 2037 256 503 3305 696 1481 187
internal_value=0.00149771 0.00199882 0.00658976 0.000305654 0.000543696 -0.00124542 -0.00635353 0.00438158 0.00509345 0.00108055 0.00133024 -0.0132486 -0.00663952 0.00504005 0.00570724 -0.0117677 -0.0160534 -0.00616487 -0.0158239 0.000516018 -0.0314192 -0.00963 0.0313196
internal_weight=26960.1 26074.1 7025.31 19048.8 18906.9 12895.4 4322.64 6011.49 5880.6 4398.44 8572.77 886.05 659.671 2844.15 2811.52 581.158 527.497 1554.28 635.499 918.785 141.865 442.003 78.5137
internal_count=213133 181882 29436 152446 151257 110874 69800 40383 29600 18209 41074 31251 4804 11951 11215 4173 4086 6258 2697 3561 1189 2049 631
is_linear=0
shrinkage=0.0409094


Tree=129
num_leaves=24
num_cat=0
split_feature=2 0 1 0 1 2 2 14 8 5 4 1 0 0 15 8 17 0 15 1 0 4 14
split_gain=197.282 138.515 85.4113 75.3046 90.9974 68.5242 132.191 100.741 73.0389 64.2408 63.0986 65.1376 67.888 62.6958 89.0382 60.7155 65.9288 60.6403 61.3399 57.8133 99.7618 67.827 55.6453
threshold=-0.54267080572873327 -5.7292577144160906e-05 -0.1274333132199679 -0.00010094815629017156 -0.11366239975943652 1.0000000180025095e-35 -0.39803469125373675 -0.0067385146918016959 1.7810344658873876 -0.011344962669638007 4.0937890503674526 -0.12741784610364168 -5.6625746886026619e-05 -5.0902632218952078e-05 -0.092478447331777333 -0.17305834721441793 1.0796736638713693 2.2054575827109511e-05 -0.092479670783914975 -0.12555815709796841 -0.00043496517294298528 1.4792715671992196 -0.0067385556121225742
decision_type=2 2 2 2 2 2 2 2 2 2 2 2 2 2 2 2 2 2 2 2 2 2 2
left_child=1 2 -1 9 5 6 7 -5 -8 19 11 12 -3 14 -13 -11 -17 18 -7 -2 22 -22 -21
right_child=3 10 -4 4 -6 17 8 -9 -10 15 -12 13 -14 -15 -16 16 -18 -19 -20 20 21 -23 -24
leaf_value=0.016502596520220097 0.0059317285555170012 0.018960889257786228 0.0041594344289259217 -0.0023159040760019033 -0.022493721629021565 -0.0083425008324787553 -0.015558447849499604 0.020859100910762277 0.021956771708202993 -0.044740802063545582 0.025874290437492418 -0.00023111043278809001 -0.001910906093057958 0.017788763142017078 -0.029377626404154589 -0.014320663697163307 0.039269096310719995 -0.029959864537673055 0.0070369207583947432 -0.011857049291668564 -0.010679629301052975 0.029689718540572906 0.01044721683586932
leaf_weight=2679.7490650005639 4991.4298610631377 349.8602338694036 1443.6926761623472 6696.8757838699967 371.47021573374514 527.12269482458942 1709.4754069983028 329.35553852468729 91.502069113543257 84.774715275038034 144.63271498307586 331.2479643188417 1024.6271088607609 108.15509015694261 372.84142409078777 221.26414024480619 46.493042235728353 88.934249285957776 2457.2888662969926 224.95987000642344 1412.8618335030042 73.265925716608763 1115.1631982098334
leaf_count=14766 12587 1616 3421 29058 54081 1828 12678 1881 667 1452 255 668 2389 661 1292 3287 418 21470 19570 2412 14325 180 12171
internal_value=0.00143988 0.00767489 0.012181 -0.000528882 -0.00255483 -0.00193245 -0.00376415 -0.00122957 -0.0136524 0.00251418 -0.000295038 -0.0020259 0.00340177 -0.0112107 -0.0156653 -0.0145683 -0.0050154 0.00332854 0.00432053 0.0032845 -0.00139075 -0.00868943 0.00670311
internal_weight=26897 6454.81 4123.44 20442.2 12272 11900.6 8827.21 7026.23 1800.98 8170.21 2331.36 2186.73 1374.49 812.244 704.089 352.532 267.757 3073.35 2984.41 7817.68 2826.25 1486.13 1340.12
internal_count=213133 25068 18187 188065 141233 87152 44284 30939 13345 46832 6881 6626 4005 2621 1960 5157 3705 42868 21398 41675 29088 14505 14583
is_linear=0
shrinkage=0.0409094


Tree=130
num_leaves=24
num_cat=0
split_feature=2 0 1 4 0 1 1 13 4 4 1 0 19 13 6 3 3 3 6 3 15 1 3
split_gain=183.151 129.521 81.4008 74.072 76.7606 77.8997 137.858 949.841 77.8411 58.8415 59.7982 63.7054 60.6381 69.9656 57.1595 102.437 101.228 93.4042 145.081 135.068 78.8905 62.3048 55.4507
threshold=-0.54267080572873327 -5.7292577144160906e-05 -0.12754909417708118 -0.18024252391355064 -0.0079817216099404512 0.068242885398741057 0.059591082005223263 2.3648554090665272 -0.39942363028693534 4.0937890503674526 -0.12741784610364168 -5.6625746886026619e-05 -0.77605556730283476 -0.53469633828894525 -0.10281458626833147 -0.097220932454486389 -0.097210472162097911 -0.094823548675809569 -0.098688281052719165 -0.092625813012696845 -0.092476003483840122 -0.092586704656732202 0.14311482791178406
decision_type=2 2 2 2 2 2 2 2 2 2 2 2 2 2 2 2 2 2 2 2 2 2 2
left_child=1 2 -1 4 22 6 8 -8 -6 10 11 -3 13 -12 15 -5 -16 18 -18 -19 -17 -22 -2
right_child=3 9 -4 14 5 -7 7 -9 -10 -11 12 -13 -14 -15 16 20 17 19 -20 -21 21 -23 -24
leaf_value=0.017400073919386159 0.039655327091420854 0.018520466249153072 0.0058349671784349725 -0.082483773259322324 0.0089553083160585096 -0.036358901796524283 0.074111495854581683 2.3952519835341306 -0.0060719576653703502 0.025181427279029989 -0.001145899021250727 -0.0018300237163391751 -0.0010640783706365648 -0.038564232133508784 0.0040998349301252278 -0.0098942265612847712 -0.0011978863586105122 0.022388097238459682 -0.015880516449208657 -0.014064690367178126 0.0097914545060924715 -0.020897534869041723 -0.019960804443070274
leaf_weight=2108.7050877995789 108.99508381634951 343.65735898911953 1970.1409547179937 21.912904921919107 647.03085923928302 129.06081568857189 6.4066875893622628 0.30929321772418905 5321.9338189412374 142.57588560506701 139.21610944159329 1026.1116996109486 465.75971360038966 209.45245386194438 4752.1905302144587 441.84743276308291 3554.651188752614 485.51754352985881 1648.6625935344491 261.8622399319429 2894.2839430796448 115.11760666803457 34.336966060567647
leaf_count=11827 443 1616 6360 88 11278 18341 590 15 79370 255 311 2389 1345 965 10553 2346 11167 4043 12437 21052 12287 3706 349
internal_value=0.0013849 0.00742036 0.011814 -0.000508003 -0.00421894 -0.00491373 -0.00423459 0.181008 -0.00444301 -0.000281658 -0.00194379 0.00327565 -0.0107223 -0.0236239 0.00112758 0.00568772 -0.000352212 -0.00390759 -0.00585006 0.009616 0.00624755 0.00861752 0.0253735
internal_weight=26829.7 6405.62 4078.85 20424.1 6248.07 6104.74 5975.68 6.71598 5968.96 2326.77 2184.2 1369.77 814.428 348.669 14176 3473.16 10702.9 5950.69 5203.31 747.38 3451.25 3009.4 143.332
internal_count=213133 25068 18187 188065 110386 109594 91253 605 90648 6881 6626 4005 2621 1276 77679 18427 59252 48699 23604 25095 18339 15993 792
is_linear=0
shrinkage=0.0409094


Tree=131
num_leaves=24
num_cat=0
split_feature=2 1 6 3 10 15 15 1 3 6 8 3 18 10 18 8 8 11 6 10 6 5 12
split_gain=172.675 119.43 110.281 80.913 92.1159 81.8634 81.8278 73.9054 64.6669 75.5244 98.243 113.969 88.1591 102.634 72.1373 61.7903 81.2322 70.9496 70.2333 64.5889 59.7197 58.2545 58.8147
threshold=-0.49524683043493539 -0.12616417885147077 -0.094159630088816018 -0.094473170534227782 -0.0061221676195588109 -0.089429139430100515 -0.088471588706330345 -0.064560220837497448 -0.097210472162097911 -0.12407577398348768 0.058559748569999397 -0.095387768446019108 -0.79001824081914129 -0.0061130347216685763 -0.78992587603253694 -0.6193186428123838 0.5401221914710288 -0.0021661431162726601 -0.09861137341634299 -0.0061219680506550004 -0.098566325169357774 -0.011342283873307194 -0.17342226098881661
decision_type=2 2 2 2 2 2 2 2 2 2 2 2 2 2 2 2 2 2 2 2 2 2 2
left_child=1 21 8 15 -5 7 -7 -6 -2 10 -10 -12 13 -11 -14 17 18 19 -17 -3 -19 22 -1
right_child=2 3 -4 4 5 6 -8 -9 9 12 11 -13 14 -15 -16 16 -18 20 -20 -21 -22 -23 -24
leaf_value=0.0035756886871985941 0.0024449393736860753 -0.073873657786690874 -0.022312938364116706 -0.048253649137968702 0.0087442334404978696 0.11004055457677241 0.024035891097168038 -0.033814953290810343 -0.0081607803781354391 -0.0015869149043767424 0.032878274484522151 0.0025662622979013023 -0.013255142047550942 0.027851290063985401 -0.003748522265988586 -0.0074941843250760122 -0.016015247136261578 0.0077453633957805948 0.013800525226685437 -0.022450352270965881 -0.10339064956258345 -0.038486025056182496 0.0099958941393507184
leaf_weight=4239.9315597899258 5051.5735825840384 46.898156960029155 427.49589387723245 48.748937310185283 894.08030455000699 23.838606211589649 82.890836979728192 73.933452602475882 584.12924400856718 839.90377364680171 322.35670673334971 583.0682853362523 2128.9879844011739 259.42440802813508 3585.6899760097731 486.09132422320545 513.92358323512599 169.56930301897228 555.33858513552696 318.41495680902153 8.49746927898377 46.952983213588595 5467.2312072422355
leaf_count=14678 10626 197 60055 598 3227 142 1468 3052 9688 21543 1690 9025 9218 3234 39161 1560 1948 368 1357 1463 65 210 18560
internal_value=0.00132921 0.00471604 -0.00185949 -0.00211236 0.00674793 0.00924273 0.0432455 0.00549371 -0.00120478 -0.00342513 0.00491952 0.0133582 -0.00524928 0.00536005 -0.00729019 -0.00685545 -0.00270646 -0.0187314 0.00386114 -0.029052 0.00244188 0.00697178 0.00719165
internal_weight=26759 12976.3 13782.6 3222.23 1123.49 1074.74 106.729 968.014 13355.1 8303.56 1489.55 905.425 6814.01 1099.33 5714.68 2098.73 1555.35 543.38 1041.43 365.313 178.067 9754.12 9707.16
internal_count=213133 48893 164240 15445 8487 7889 1610 6279 104185 93559 20403 10715 73156 24777 48379 6958 4865 2093 2917 1660 433 33448 33238
is_linear=0
shrinkage=0.0409094


Tree=132
num_leaves=24
num_cat=0
split_feature=2 0 1 1 0 3 0 3 5 4 3 1 16 3 3 9 4 1 0 0 13 15 0
split_gain=163.109 121.511 75.9896 69.465 70.463 97.4829 95.2961 92.5681 79.4334 68.9682 85.9971 63.899 61.5822 61.1792 58.1424 55.2559 54.8012 52.645 60.1816 57.6194 96.2103 46.689 46.1986
threshold=-0.54267080572873327 -5.7292577144160906e-05 -0.1274333132199679 0.15008643717290079 -0.00010094815629017156 -0.097092518879447351 -0.00055352980687863203 -0.097220577627033081 -0.011346206042245991 -0.13327514397639681 -0.092968799042986605 -0.1287580717865483 -0.63976573815783955 0.25288055317876634 -0.097220987003790824 -0.0035525889822268803 4.0937890503674526 -0.12741784610364168 -5.6625746886026619e-05 -5.0902632218952078e-05 -0.49874758079909237 -0.09248093946985636 -5.6584454094238657e-05
decision_type=2 2 2 2 2 2 2 2 2 2 2 2 2 2 2 2 2 2 2 2 2 2 2
left_child=1 2 -1 4 5 8 13 14 11 15 -11 -2 -8 -7 -6 -9 17 18 -3 20 -19 -16 -20
right_child=3 16 -4 -5 7 6 12 9 -10 10 -12 -13 -14 -15 21 -17 -18 19 22 -21 -22 -23 -24
leaf_value=0.015507129037213749 0.025691909552082295 0.017907485384911985 0.0037654069075251048 -0.028066568235189125 -0.0098059412766657011 0.0070235310781493606 -0.032868411658958853 -0.0059705241936509248 -0.020819918492016778 -0.0025119144561211713 0.015932570053296239 0.0076614207419808469 -0.0040426742524519903 -0.05752213316893133 -0.0066339329248283384 -0.019245131261064322 0.024345795671620398 0.0014369231919036591 -0.011887482065525548 0.017537853804759456 -0.028834231009716004 0.0092347168511612704 0.0056385549416778768
leaf_weight=2582.7565848492086 380.29151253961027 335.36338320188224 1434.9237976018339 151.89494991279207 416.49811662361026 1968.5936231021769 129.43159135337919 4218.1792102613254 146.31338882446289 4081.1388581134379 471.98105466831475 2436.3848337642848 2974.2786587115843 24.886965796351433 367.35244669020176 599.35005612939131 140.00520515628159 332.62142687290907 449.12491445243359 107.96509579382837 372.49527854751796 1997.9513675291091 572.66830296069384
leaf_count=14766 1201 1616 3421 18150 1072 14624 1190 64361 486 17289 16339 5285 21676 469 846 21176 255 719 1069 661 1241 3901 1320
internal_value=0.00127794 0.0070148 0.0113135 -0.000504686 -0.000297562 0.00266831 -0.000761856 -0.00226469 0.00856917 -0.00421005 -0.00059994 0.0100958 -0.00524477 0.00621773 0.00428836 -0.00762202 -0.000461024 -0.00206135 0.00287039 -0.0102932 -0.0145546 0.00677018 -0.00206494
internal_weight=26692.5 6327.92 4017.68 20364.5 20212.6 8060.18 5097.19 12152.5 2962.99 9370.65 4553.12 2816.68 3103.71 1993.48 2781.8 4817.53 2310.24 2170.24 1357.16 813.082 705.117 2365.3 1021.79
internal_count=213133 25068 18187 188065 169915 44931 37959 124984 6972 119165 33628 6486 22866 15093 5819 85537 6881 6626 4005 2621 1960 4747 2389
is_linear=0
shrinkage=0.0409094


Tree=133
num_leaves=24
num_cat=0
split_feature=2 6 2 7 2 14 14 6 14 14 6 10 15 13 6 14 6 10 2 10 6 6 15
split_gain=157.118 106.712 71.1693 97.3338 89.2476 97.9592 90.4437 77.7125 69.9086 68.6042 64.8505 60.4822 121.75 84.1846 70.4657 68.1778 60.0878 56.8334 53.6085 52.4476 49.4056 48.0363 47.8156
threshold=-0.47279222656252756 -0.094159630088816018 1.0000000180025095e-35 -0.51963850798029909 -0.25683007758090654 -0.006738554987775508 -0.0067385517282864526 -0.10059482594393189 -0.0067385456826427569 -0.0067385557835484555 -0.11279413157018336 -0.0061205389599915203 -0.092466485130124718 -0.38259651560318941 -0.096419284846134143 -0.0067385556958103688 -0.09866606340717958 -0.006122150012698821 -0.18814337583114418 -0.0061221844583869483 -0.17316652794679577 -0.097720998620205404 -0.09235985835752579
decision_type=2 2 2 2 2 2 2 2 2 2 2 2 2 2 2 2 2 2 2 2 2 2 2
left_child=11 2 4 9 6 21 10 -5 -8 -4 -2 12 14 17 -1 -13 -11 22 -7 -9 -19 -6 -14
right_child=1 -3 3 7 5 18 8 19 -10 16 -12 15 13 -15 -16 -17 -18 20 -20 -21 -22 -23 -24
leaf_value=0.004838792978955668 0.0039771052281915029 -0.025068617926887131 -0.024287797442662649 -0.031709900770495569 -0.0090362341842390535 -0.020653677756677556 0.056256025460947302 -0.033430503263915647 0.0088368961034249894 0.019824420374814057 -0.0060007933496553133 -0.00037364516229917657 0.015594739412870736 -0.044627473689124522 0.056355826052230211 0.0078279288067373363 0.0048041515623292548 0.037266157532743947 -0.060810001331304091 0.00044977571528558713 -0.0039081627843011264 0.097415949984653638 -0.033570099812244576
leaf_weight=3331.5177472620271 1398.1991046639159 337.22681665385608 96.892092057969421 156.42645807936788 470.330555931665 113.79285441944376 59.943741110153496 80.870877865701914 394.21850827219896 761.46489581954665 4947.8145890904125 2204.9438397404738 40.440384473651648 93.984278407879174 45.035349053796381 7352.8004784609657 1075.0072425806429 50.051238161511719 108.86838360410184 1404.4164493987337 1908.0372858655173 7.2029012180864802 182.53931656712666
leaf_count=10499 17810 55478 276 7705 2338 1312 412 2387 3710 1888 33890 8822 135 1601 194 33384 2695 131 1341 17373 8467 93 1192
internal_value=0.00122968 -0.0023984 -0.00170814 0.00304179 -0.00397221 -0.0178791 -0.00254025 -0.00428342 0.0150956 0.00926199 -0.00380239 0.00395209 0.000597235 -0.00671773 0.00552591 0.00593585 0.0110321 -0.00508416 -0.0402878 -0.00139494 -0.00285569 -0.00743056 -0.0246534
internal_weight=26622 11412.7 11075.4 3575.08 7500.37 700.195 6800.18 1641.71 454.162 1933.36 6346.01 15209.3 5651.61 2275.05 3376.55 9557.74 1836.47 2181.07 222.661 1485.29 1958.09 477.533 222.98
internal_count=213133 148708 93230 32324 60906 5084 55822 27465 4122 4859 51700 64425 22219 11526 10693 42206 4583 9925 2653 19760 8598 2431 1327
is_linear=0
shrinkage=0.0409094


Tree=134
num_leaves=24
num_cat=0
split_feature=2 16 5 19 7 19 2 2 7 6 14 4 6 6 17 4 11 4 16 5 2 2 4
split_gain=145.584 66.7657 59.9665 63.425 55.5694 100.913 54.8474 91.6331 97.3931 95.3908 62.5427 52.0064 50.6096 49.7372 48.777 47.6273 43.636 41.0387 38.6413 35.1764 34.2138 33.5965 33.2713
threshold=-0.54267080572873327 -0.63976573815783955 -0.011344844583403313 -0.77605619208525867 -0.51963850798029876 -0.69691063278150633 -0.44070562128338414 1.0000000180025095e-35 -0.51963850798029909 -0.10070265457665654 -0.0067385556639006344 -0.25852149047547374 -0.09856980305454717 -0.034861283251976911 1.0796736638713693 -0.22720990385070453 -0.002166107989237929 -0.22720990385070453 -0.53260717999935003 -0.011346206042245991 -0.54427584866098588 -0.49794404602153991 1.3853368073249122
decision_type=2 2 2 2 2 2 2 2 2 2 2 2 2 2 2 2 2 2 2 2 2 2 2
left_child=4 15 6 -4 16 12 10 9 -9 -8 17 21 18 -12 -13 -2 19 -3 -6 -1 22 -5 -7
right_child=1 2 3 11 5 20 7 8 -10 -11 13 14 -14 -15 -16 -17 -18 -19 -20 -21 -22 -23 -24
leaf_value=0.0079400586493187236 -0.032396823037400921 -0.016260080056597292 -0.035359361069000124 0.016714134830617053 -0.0029621037028573251 0.0067084620429738286 0.0018053947448329786 0.0094616798190650404 -0.0044188790379204044 -0.010272545385750361 0.0034475014062034411 -0.0044484472307878969 -0.066622833681846336 0.025635328099833165 0.036651471550000432 -0.007181161895082 -0.099069012743821627 -0.0013228248610930393 -0.055797349423235894 -0.033326223376425525 -0.027195934398209054 -0.044328837007504548 0.047509555256145634
leaf_weight=5865.0771482745185 151.21013172983658 372.37018732889555 153.66642827889882 18.88137425086461 84.319805903360248 109.45195132866502 1731.7054634371307 1813.8241770821624 1585.4431643834105 2973.5667306974065 8397.4345364212058 303.91819909447804 50.216308355331421 172.55670565832406 57.463059224770404 733.31352262443397 6.4135456085205069 1775.7483492463361 31.941619552671909 34.775583058595657 32.038829989731312 75.13229820667766 48.168266281485558
leaf_count=23806 3278 2905 10288 298 264 291 18501 4427 34627 37123 41627 7002 208 6246 696 4953 37 5512 166 151 100 10582 45
internal_value=0.00118124 -0.000499744 6.09835e-07 -0.0126331 0.0066346 -0.00905886 0.000409411 -0.00213013 0.00298769 -0.00582744 0.0023297 -0.00496448 -0.0323021 0.00389425 0.00208683 -0.0114918 0.00758089 -0.00391216 -0.017478 0.00769682 0.0113434 -0.0320692 0.0191772
internal_weight=26578.6 20316.2 19431.7 609.061 6262.4 356.137 18822.6 8104.54 3399.27 4705.27 10718.1 455.395 166.478 8569.99 361.381 884.524 5906.27 2148.12 116.261 5899.85 189.659 94.0137 157.62
internal_count=213133 188065 179834 28866 25068 1074 150968 94678 39054 55624 56290 18578 638 47873 7698 8231 23994 8417 430 23957 436 10880 336
is_linear=0
shrinkage=0.0409094


Tree=135
num_leaves=24
num_cat=0
split_feature=2 0 1 0 20 10 2 9 5 6 1 0 10 2 6 6 1 6 6 10 1 14 0
split_gain=134.793 113.425 65.2756 62.4586 68.404 69.8302 66.8425 58.2344 51.7899 52.6702 50.242 85.129 46.972 63.4784 66.7758 46.7609 45.9607 45.202 61.3855 47.8289 41.2337 38.0404 38.0201
threshold=-0.54267080572873327 -6.1134060618386979e-05 0.15008643717290079 -0.00010094815629017156 0.69509438782896882 -0.0061221844583869483 1.0000000180025095e-35 -0.0035525887666535655 -0.011344962669638007 0.090315647365363405 -0.12741784610364168 -5.6625746886026619e-05 -0.0061217325400326353 -0.54826840623955808 -0.098499362938442594 -0.47002872929470135 -0.12555815709796841 -0.12107183102707339 -0.12198922538149284 -0.0061163752093536163 -0.11056995821852859 -0.0067385555173968227 -5.6584454094238657e-05
decision_type=2 2 2 2 2 2 2 2 2 2 2 2 2 2 2 2 2 2 2 2 2 2 2
left_child=1 7 3 8 5 15 -7 20 9 16 11 -3 13 21 -15 -5 -2 18 -10 -19 -1 -12 -13
right_child=2 10 -4 4 -6 6 -8 -9 17 -11 12 22 -14 14 -16 -17 -18 19 -20 -21 -22 -23 -24
leaf_value=0.014174140810439152 0.0053676151336960473 0.014572577608236648 -0.027580029421298072 0.066364886967909167 -0.036916658664562334 -0.0032047913999237215 0.0039019527154370509 -0.038466252716478633 0.0020612531033522806 0.060007549294250333 0.041499017401601362 -0.010871994388131776 0.00086783034993849592 -0.024336883678353953 0.085567591510819691 -0.027779533667019005 -0.0012484592362727181 -0.039262036963650493 0.18064650302442634 -0.00022135685784857936 -0.028752781434795673 -0.012273562078348619 0.0047553669691902242
leaf_weight=2568.641225175932 4930.6266627721488 979.21553253009915 147.66554655483924 9.192868937738238 93.893469404545613 8846.2802981854184 2954.714174493216 36.527467841282487 119.60628115339205 27.229199255350977 47.742829896509647 468.1133478730917 1070.6238032449037 380.10502081084996 9.4828029535710794 223.43180263391696 2730.3058188571595 135.02572420379147 3.3103810627944759 85.944903696188703 38.002997186034918 40.861785784363747 587.60587675124407
leaf_count=12738 12531 5424 18150 69 9837 71612 37563 162 1898 311 46 1108 2557 1214 47 5903 27263 2172 38 718 267 121 1384
internal_value=0.00113488 0.00640042 -0.000479721 -0.000281216 -0.00213435 -0.00186295 -0.00142542 0.0128295 0.00251681 0.00321156 0.0016587 0.00588454 -0.00389347 -0.0145535 -0.0216617 -0.0240591 0.00300969 -0.0130155 0.0068709 -0.0240775 0.0135483 0.0167007 -0.00217392
internal_weight=26534.1 6226.92 20307.2 20159.6 12127.5 12033.6 11801 2643.17 8032.05 7688.16 3583.75 2034.93 1548.82 478.192 389.588 232.625 7660.93 343.887 122.917 220.971 2606.64 88.6046 1055.72
internal_count=213133 25068 188065 169915 124984 115147 109175 13167 44931 40105 11901 7916 3985 1428 1261 5972 39794 4826 1936 2890 13005 167 2492
is_linear=0
shrinkage=0.0409094


Tree=136
num_leaves=24
num_cat=0
split_feature=3 7 12 12 12 6 3 17 15 6 4 13 15 6 11 11 11 13 6 3 9 15 19
split_gain=83.2494 105.136 85.171 104.886 141.055 95.5368 97.2595 82.6794 53.8139 50.8198 69.3657 68.3936 77.0291 52.6985 47.8894 44.2065 78.2938 55.3633 53.983 57.3207 51.3039 57.2028 41.0902
threshold=-0.097197621493632688 1.9250742839987212 -0.075228565785527682 -0.24724968940725081 -0.17342226098881661 -0.098688281052719165 -0.096112409421976533 0.61689824822348116 -0.092479915596596032 -0.1506987260781206 -0.18024252391355064 -0.43268776379052926 -0.091386304749391425 -0.097720998620205404 -0.0021661431966867851 -0.0021661404153898414 -0.0021661429659650482 -0.54935914303373434 -0.09856980305454717 -0.097220995683396635 -0.0035525875423050527 -0.091204996864939533 -0.77599421446362549
decision_type=2 2 2 2 2 2 2 2 2 2 2 2 2 2 2 2 2 2 2 2 2 2 2
left_child=14 2 3 5 -5 7 -7 -2 -6 11 22 12 -4 -12 -1 16 20 -18 19 -17 -16 -22 -11
right_child=1 -3 9 4 8 6 -8 -9 -10 10 13 -13 -14 -15 15 18 17 -19 -20 -21 21 -23 -24
leaf_value=-0.050741759422846235 0.003653207615046913 -0.038757945524292611 0.0082952350637936594 -0.032899019976398186 0.034599677088109085 -0.023663273749643859 -0.0024038156928625262 -0.01108534239035697 -0.0064117826535365916 -0.011418282061386139 0.0032156525226226841 -0.017051582952371473 0.040929933334798455 0.024190135353626633 0.0032161468771267454 -0.10381725932301153 -0.012656906042761436 0.014449123149208749 -0.084994327059558353 -0.0026847267371005999 -0.0099179999125530872 -0.09071228058060507 -0.00025231843436936276
leaf_weight=27.019913509488106 3649.884905228857 122.12606307549868 369.43856312520802 458.35221856890712 61.418003007071093 597.82283879676834 905.84259605582338 771.66589181870222 417.79202582326252 884.0969867646927 4523.3960849733558 104.96134707215242 180.0284240716137 209.77288418461103 9573.5525239594281 10.010628297924994 137.28673386946321 1548.4801239958033 17.384903438389301 148.75336075387895 275.61311834678054 15.489911817014216 1466.3952561933547
leaf_count=154 20836 27472 2924 4019 258 5594 29636 5789 4859 19508 20414 1972 1442 7448 27820 44 475 4823 72 586 679 65 26244
internal_value=0.00109109 -0.000958511 -0.000642345 -0.00396012 -0.0166742 -0.00194834 -0.0108561 0.00108098 -0.00115554 0.00230013 0.00129244 0.0132075 0.0189877 0.00414524 0.0036585 0.00378385 0.00409404 0.0122416 -0.0165556 -0.00906149 0.0027017 -0.0142172 -0.0044522
internal_weight=26476.6 14723 14600.9 6862.78 937.562 5925.22 1503.67 4421.55 479.21 7738.09 7083.66 654.428 549.467 4733.17 11753.6 11726.6 11550.4 1685.77 176.149 158.764 9864.66 291.103 2350.49
internal_count=213133 178415 150943 70991 9136 61855 35230 26625 5117 79952 73614 6338 4366 27862 34718 34564 33862 5298 702 630 28564 744 45752
is_linear=0
shrinkage=0.0409094


Tree=137
num_leaves=24
num_cat=0
split_feature=2 6 20 20 2 2 3 3 3 2 14 14 8 6 12 6 10 12 2 15 6 8 2
split_gain=130.199 97.3006 58.6741 222.697 89.5756 57.6517 121.489 105.11 86.5694 77.2572 88.8864 82.342 65.8931 55.7792 54.0335 53.3809 53.1755 50.782 49.0108 47.9313 46.4407 44.0216 42.4415
threshold=-0.47279222656252756 -0.094159630088816018 -0.33543314895686882 -0.3280434250101798 -0.5455652738709641 1.0000000180025095e-35 -0.092625813012696845 -0.092625991859514603 -0.096854111651248562 -0.25683007758090654 -0.006738554987775508 -0.0067385517282864526 1.8318978511637547 -0.11279413157018336 0.087531606055083103 -0.098555517742535834 -0.0061221676195588109 1.0000000180025095e-35 -0.18814337583114418 -0.046618400528110657 -0.096636061317020613 -1.0300195805622681 -0.53281582579112274
decision_type=2 2 2 2 2 2 2 2 2 2 2 2 2 2 2 2 2 2 2 2 2 2 2
left_child=2 5 -1 4 -4 9 7 8 -7 11 21 13 -13 -2 15 22 -16 -9 -12 -17 -18 -11 -5
right_child=1 -3 3 14 -6 6 -8 17 -10 10 18 12 -14 -15 16 19 20 -19 -20 -21 -22 -23 -24
leaf_value=0.0093015839655047269 0.0036954497870159793 -0.024339971384045631 -0.0058356750166036501 0.0051086410324553428 -0.043135199618810752 0.0044953289332740993 -0.039525508634573728 -0.0060297345597798832 -0.028999432125835202 -0.053737977932716501 -0.01920083395547444 0.010508164541680614 0.075068312181573768 -0.005553567494049263 -0.020306316678956684 -0.018187011366432682 0.0058038937624617674 0.086679648311634688 -0.057652974609540088 0.028973457929779286 0.024978155987730413 -0.0033799497585746702 -0.0023472983982951142
leaf_weight=2474.3143080638256 1400.2663167060819 324.36755093710963 196.01993103791028 2717.8477286556736 239.29421750479378 3254.2858541081659 110.54998035728931 13.41305840294808 134.4752571855206 31.069295778404921 113.65589985146653 426.06266724760644 28.20979818329215 4945.0130889117718 126.73160516563803 375.036807957571 6265.9606016087346 37.624621532857418 108.36966900515836 39.904544742079452 218.78256267891265 447.41607575118542 2411.3079560732003
leaf_count=11374 17810 55478 816 10313 1734 9073 16413 82 6684 206 1312 3915 207 33890 695 4742 22115 72 1341 683 3319 2225 8634
internal_value=0.00104794 -0.00225586 0.00354242 0.00241065 -0.0263394 -0.00160761 0.00268713 0.00404378 0.00316617 -0.00364064 -0.0165764 -0.00230795 0.0145173 -0.00351251 0.00344024 0.00046172 0.0059379 0.062315 -0.0379691 -0.0136516 0.0064508 -0.00664983 0.00160347
internal_weight=26440 11374.8 15065.2 12590.9 435.314 11050.4 3550.35 3439.8 3388.76 7500.06 700.511 6799.55 454.272 6345.28 12155.6 5544.1 6611.47 51.0377 222.026 414.941 6484.74 478.485 5129.16
internal_count=213133 148708 64425 53051 2550 93230 32324 15911 15757 60906 5084 55822 4122 51700 50501 24372 26129 154 2653 5425 25434 2431 18947
is_linear=0
shrinkage=0.0409094


Tree=138
num_leaves=24
num_cat=0
split_feature=2 6 0 9 2 0 3 2 6 3 6 4 13 4 6 9 18 11 6 6 15 19 15
split_gain=120.056 91.8897 82.187 81.0245 76.3505 64.6209 69.341 61.8315 78.2816 67.7391 54.8921 57.3631 60.3236 53.8024 85.8711 53.4722 55.4427 52.5921 52.0777 46.655 41.9275 41.0522 40.7892
threshold=-0.47279222656252756 -0.094159630088816018 -5.6909761363314598e-05 -0.0035525876851504484 -0.54267080572873327 -0.0079817216099404512 -0.075316590225314881 1.0000000180025095e-35 -0.12407577398348768 -0.092625813012696845 -0.096636061317020613 0.50861238183137292 -0.45775212997248438 -0.35245625034978151 -0.096830782137182644 -0.0035525887666535655 -0.78998858278365425 -0.0021661431764513814 -0.32804935743971303 -0.09861137341634299 -0.092481993193352041 -0.52986045535395776 -0.092308502097322623
decision_type=2 2 2 2 2 2 2 2 2 2 2 2 2 2 2 2 2 2 2 2 2 2 2
left_child=2 5 4 22 15 19 7 8 -7 -9 11 12 -6 14 -8 16 20 -12 -15 -2 -1 -17 -4
right_child=1 -3 3 -5 10 6 13 9 -10 -11 17 -13 -14 18 -16 21 -18 -19 -20 -21 -22 -23 -24
leaf_value=-0.040369767675009181 0.016864276534056189 -0.023869320771728649 -0.00010942601212279656 0.026454816286220192 -0.0036687841174994646 0.0086286176316645452 0.0048073835117527289 0.0038888086782447213 -0.0050221894287832865 -0.041481024499121597 -0.044688543495145436 0.0087581023282464303 0.0053465731483905874 0.0027870382576117292 0.43164742259644179 -0.097367305598731552 0.012910815612473019 0.032423938619266054 -0.038976857496333783 0.086012678751006891 0.0040435930439685405 -0.0083051458090733412 -0.0094474616863537871
leaf_weight=36.602343663573265 115.36216998752207 317.37834071367979 2411.9855268918909 161.83510634722188 3183.6919482704252 791.71036707260646 83.131983941886574 3434.1053505511954 6278.4326384601882 55.972286468371749 16.335691050160676 1574.0578254666179 2036.7951718177646 66.351323662791401 0.79634871240705152 13.100981203839181 2989.383788487874 157.64698230894282 202.374018965289 19.022464938461781 1264.7053658999503 25.5608567930758 1159.0409045424312
leaf_count=102 645 55478 9315 3359 9543 9124 4159 15905 41462 8234 300 4274 6284 1490 136 78 17193 995 11984 91 2343 91 10548
internal_value=0.00100651 -0.00216644 0.00340556 -0.00185718 0.00514439 -0.00154294 -0.00189014 -0.00129423 -0.00349358 0.00316119 0.00249362 0.00191262 -0.000151404 -0.0197349 0.00885743 0.00941106 0.00984263 0.0251836 -0.0286649 0.0266524 0.00279436 -0.0384848 -0.00314025
internal_weight=26395.4 11364.6 15030.7 3732.86 11297.9 11047.3 10912.9 10560.2 7070.14 3490.08 6968.53 6794.54 5220.49 352.654 83.9283 4329.35 4290.69 173.983 268.725 134.385 1301.31 38.6618 3571.03
internal_count=213133 148708 64425 23222 41203 93230 92494 74725 50586 24139 21396 20101 15827 17769 4295 19807 19638 1295 13474 736 2445 169 19863
is_linear=0
shrinkage=0.0409094


Tree=139
num_leaves=24
num_cat=0
split_feature=5 11 7 10 4 11 14 3 7 10 15 3 4 13 11 3 13 3 20 15 3 11 18
split_gain=77.5605 74.3327 95.3022 80.2531 74.0531 82.2457 73.7469 90.4775 70.6325 119.581 66.5747 64.647 65.0972 74.4385 63.8984 60.8096 59.4503 53.5403 46.5517 80.4817 51.0032 45.2251 80.3907
threshold=-0.011346323502618622 -0.0021661430930432087 1.9250742839987212 -0.0061221844583869483 1.1348441143267578 -0.0021661431969176837 -0.0067385557295263146 -0.089185886440245277 -0.51963850798029909 -0.0061214764975182573 -0.092481993193352041 -0.095557165670893909 -0.25852149047547374 2.1029184595846524 -0.0021661431501354164 -0.09719997090468592 2.2631081148898855 -0.087392575895530566 -2.5559938067706551 -0.092472330682356704 -0.097210472162097911 -0.0021661404153898414 -0.78990917168235653
decision_type=2 2 2 2 2 2 2 2 2 2 2 2 2 2 2 2 2 2 2 2 2 2 2
left_child=1 2 3 4 5 -1 7 21 18 -10 14 12 -2 -14 -5 -11 -12 -6 19 -8 -20 -3 -23
right_child=11 6 -4 10 17 -7 8 -9 9 15 16 -13 13 -15 -16 -17 -18 -19 20 -21 -22 22 -24
leaf_value=0.035217760286207087 -0.055150339656100916 0.00092006614356767325 -0.045539572130408858 -0.0074359455298464005 -0.022792264112899498 -0.027003246881454793 0.23428571513508795 -0.057045364674767229 -0.061188478420095525 0.010826902493068481 0.0011419281321426954 -0.031277240281440924 -0.0066963175108676271 0.037964375594886281 -0.047368353266018827 -0.033548422664080542 -0.023397218037566947 0.075648773601371483 0.012703969702393954 0.03217808807135366 0.0047780753168913167 -0.048320732660812361 0.014032667916564059
leaf_weight=39.052989424904808 40.424994051223621 2281.5582256186754 77.342120153247379 305.82601602911018 15.108556777238844 396.79626856651157 3.8846309799701002 48.265155058121309 64.994145929231308 217.74307678639889 15554.489499599207 203.45012367726304 542.25017516803928 70.589522350113839 85.899980534333736 67.76579432724975 167.00106401578523 23.83105355873704 2089.7665637712926 21.814962214324623 3884.480492182076 84.506681985221803 58.600716540124267
leaf_count=373 978 7866 15777 1225 111 6809 7 1867 760 378 97031 26447 3379 447 729 6979 5832 37 6756 339 28450 332 224
internal_value=0.000967046 0.00137399 -0.000233504 -2.22627e-05 -0.016599 -0.0214281 0.00441018 -0.00158323 0.00674407 -0.0111065 0.000466183 -0.0111402 -0.00486884 -0.00155211 -0.0161926 0.000294378 0.000881262 0.0374537 0.00778686 0.0627277 0.00755052 -0.000479207 -0.0227878
internal_weight=26345.4 25488.7 16665.3 16588 474.789 435.849 8823.38 2472.93 6350.45 350.503 16113.2 856.715 653.265 612.84 391.726 285.509 15721.5 38.9396 5999.95 25.6996 5974.25 2424.67 143.107
internal_count=213133 181882 127924 112147 7330 7182 53958 10289 43669 8117 104817 31251 4804 3826 1954 7357 102863 148 35552 346 35206 8422 556
is_linear=0
shrinkage=0.0409094


Tree=140
num_leaves=24
num_cat=0
split_feature=2 0 6 2 9 4 11 0 0 8 15 15 20 4 2 2 7 9 8 16 6 6 8
split_gain=109.77 93.5802 56.067 65.9176 79.6684 67.8945 64.5641 61.6103 58.1828 63.2879 52.2438 104.183 80.3922 50.5027 53.7482 118.082 83.3684 45.439 44.058 75.3595 67.1924 43.7649 41.8133
threshold=-0.50969776311373272 -6.4477164346688222e-05 -0.094159630088816018 -0.4511047846247988 -0.0035524033848242536 3.5928036643711443 -0.002166142792961285 -0.0014141278430396191 -0.0079817216099404512 -1.0421727788141431 -0.09247906562897304 -0.092479356286725448 -1.5481157792018834 0.57123555508091139 1.0000000180025095e-35 -0.3206224683343683 -0.51963850798029909 -0.0035523895225315215 0.93719097033521248 -0.062928838289397812 -0.034861283251976911 -0.09861137341634299 0.04261269477917938
decision_type=2 2 2 2 2 2 2 2 2 2 2 2 2 2 2 2 2 2 2 2 2 2 2
left_child=1 -1 8 4 5 7 17 -4 9 -2 11 12 -5 14 15 -10 -16 -6 19 22 -20 -11 -3
right_child=2 18 3 10 6 -7 -8 -9 13 21 -12 -13 -14 -15 16 -17 -18 -19 20 -21 -22 -23 -24
leaf_value=0.0081365646270695202 -0.052341688661658399 -0.0026340976056167826 0.041696386505108984 0.2146774955975585 0.28889586446293969 0.32609811570140856 -0.044268049927760879 -0.019333663645186842 -0.0022628520231203057 0.02091366526045086 -0.035146951214106596 0.57014095568048884 -0.034718080970072084 0.0038951548287938821 0.0091881516876830029 -0.017844905536731046 -0.0048107955949949531 0.090268389444644173 0.0057652862124517182 -0.020653515826410004 0.058630413221117651 0.079337546862960864 0.0060339080163642131
leaf_weight=5077.3880608770996 17.322664704639465 2910.7146882014349 33.288230449892581 2.8263638947391874 2.2563163747545341 1.0167564600706089 5.4717257015872738 164.40117139229551 8362.0836616369197 140.52369933901355 221.73620692628901 0.61392571334727009 9.2181757903890666 2727.3581020615529 1521.275835952838 901.68469166150317 1338.2831930960529 13.22686536423862 1102.089923537802 313.0432567812968 41.761951062362641 25.325284172780812 1369.6205068561248
leaf_count=19395 263 10728 257 58 35 9 380 11315 63026 545 48074 6 1397 7470 4085 8805 26198 419 3766 1840 219 84 4759
internal_value=0.000928668 0.00409136 -0.00127972 -0.0154429 0.000658606 -0.00734208 0.0765255 -0.00905703 -0.000851959 0.0220635 -0.0305323 0.0503018 0.0238049 -0.0011346 -0.00226614 -0.00377952 0.0026366 0.119214 0.000511396 -0.00127758 0.00769539 0.029835 0.000139489
internal_weight=26302.5 10814.6 15487.9 454.056 219.661 198.706 20.9549 197.689 15033.9 183.172 234.395 12.6585 12.0445 14850.7 12123.3 9263.77 2859.56 15.4832 5737.23 4593.38 1143.85 165.849 4280.34
internal_count=213133 40707 172426 61950 12415 11581 834 11572 110476 892 49535 1461 1455 109584 102114 71831 30283 454 21312 17327 3985 629 15487
is_linear=0
shrinkage=0.0409094


Tree=141
num_leaves=24
num_cat=0
split_feature=2 1 8 5 10 15 20 15 10 3 15 1 8 8 13 1 2 3 4 8 3 15 10
split_gain=102.322 75.1141 61.9344 100.783 87.8447 73.8373 78.0597 78.0068 57.8707 53.4753 74.1324 65.4224 50.7631 237.508 111.684 102.199 53.7341 94.4669 49.6729 58.5317 47.3041 46.7393 57.5036
threshold=-0.54355888696969057 -0.1274199963847357 -0.05448428596331658 -0.011345298448437718 -0.0061128583809966766 -0.092482115548723043 -1.5481157792018834 -0.092471664400652964 -0.0061221844583869483 -0.097169329680065211 -0.092481534437004645 -0.12777665793943513 0.61702814442998799 0.72930054732826621 -0.56742775642939514 -0.12733319983249727 -0.36529265256788396 -0.096779437482147096 1.1348441143267578 1.7029067628396171 -0.097181966055961716 -0.092403507144332209 -0.0061209459967957337
decision_type=2 2 2 2 2 2 2 2 2 2 2 2 2 2 2 2 2 2 2 2 2 2 2
left_child=1 -1 3 4 9 6 -6 -7 18 11 -11 -2 16 15 -15 -14 -10 -18 19 -4 21 22 -5
right_child=2 -3 8 20 5 7 -8 -9 12 10 -12 -13 13 14 -16 -17 17 -19 -20 -21 -22 -23 -24
leaf_value=0.0093286178560854308 0.015611719248919975 -0.00047809839575128433 -0.035204839014758044 0.023614607317438942 0.22306837427763168 -0.031221306642739702 -0.0030467338967161738 0.0073661271674803413 0.0071247878566859987 0.018361645947860293 -0.0089243406622080534 -0.00246014602342676 -0.068285659597675505 -0.041722872781963155 0.002636913004860244 -0.019585678001176419 0.0017705799324547933 -0.030744982225422778 0.04483282383627589 0.028786894924498419 -0.047192034705018898 0.017184490768550727 -0.079697601926912581
leaf_weight=3599.8380973376334 367.81517064291984 2052.372451662086 162.63616345706396 14.174197800457476 5.3714066296815872 92.473237507627346 4.8733556953957287 1690.5257223696681 4185.8656023455551 174.9412867174251 3511.0630335836904 3786.3628312647343 96.867204645648599 97.072567425551824 4417.8084147189511 282.24826043844223 1300.4756384110078 168.96355002233759 18.262769158463925 28.046914404956624 122.48780687316321 51.903020687401295 24.778878293931484
leaf_count=18165 1165 5160 3140 28 8 366 169 15305 28963 1379 51381 9103 509 636 41972 3530 3687 14819 67 431 12946 96 108
internal_value=0.00089173 0.0057677 -0.00044581 -0.00279018 -0.00217427 0.00599407 0.115507 0.00536483 0.00169994 -0.00404257 -0.00762932 -0.000860045 0.00212221 -0.000928369 0.00168315 -0.0320289 0.00476212 -0.00196822 -0.0196196 -0.0257925 -0.0306014 -0.00823469 -0.0421045
internal_weight=26257.2 5652.21 20605 9846.77 9633.43 1793.24 10.2448 1783 10758.2 7840.18 3686 4154.18 10549.3 4894 4514.88 379.115 5655.3 1469.44 208.946 190.683 213.344 90.8561 38.9531
internal_count=213133 23325 189808 92054 78876 15848 177 15671 97754 63028 52760 10268 94116 46647 42608 4039 47469 18506 3638 3571 13178 232 136
is_linear=0
shrinkage=0.0409094


Tree=142
num_leaves=24
num_cat=0
split_feature=2 1 4 10 11 10 10 11 15 9 1 1 8 8 18 18 10 14 10 2 14 2 7
split_gain=97.8541 94.3831 60.191 91.9145 67.8898 65.0373 57.2445 52.2548 51.9306 50.151 61.7907 56.0502 49.2166 48.6226 69.5707 110.28 61.2123 47.5549 93.0044 70.2529 81.1268 71.7765 57.9194
threshold=-0.47279222656252756 -0.12616417885147077 1.6358295003230661 -0.0061009633527096723 -0.0021661431162726601 -0.0061167205097099149 -0.0056873406728587088 -0.0021661431906588647 -0.074754132088311692 -0.0035524642703592753 0.13503367089595289 0.005524589873256716 -0.6193186428123838 1.5009964850042274 1.2822027810941876 1.2991511530373909 -0.0061185737718889273 -0.0067385524247615602 -0.0061184707862602739 1.0000000180025095e-35 -0.0067385531005254443 -0.18814337583114418 -0.51963850798029909
decision_type=2 2 2 2 2 2 2 2 2 2 2 2 2 2 2 2 2 2 2 2 2 2 2
left_child=1 7 4 -4 5 -3 -5 -1 17 11 -11 -6 -7 -10 -15 -16 -17 19 -19 20 -2 -22 -21
right_child=8 2 3 6 9 12 -8 -9 13 10 -12 -13 -14 14 15 16 -18 18 -20 22 21 -23 -24
leaf_value=-0.011361122006698218 -0.0017919772906360046 -0.010736765372997495 0.019196180749517198 -0.12594259599355095 0.0045581557917287645 -0.017796982068744721 0.019194169115708141 0.0054230648450994002 -0.023495717123371725 0.16353430672801403 -0.042210308762668368 -0.037736912598660577 0.025977295724448179 -0.023067608558379825 0.38308281085923751 0.089701731261781534 -0.052367027917173084 -0.0029812227598417025 0.029687876840018015 0.0075931418591448138 -0.010002945384592638 -0.048844404011332949 -0.0031323537635725837
leaf_weight=319.64069793000817 5016.2341418286087 1996.373727473896 319.21240214910358 12.296695993281903 1189.4812706699595 60.570841005071998 7.2175184339284888 10779.659709948115 310.65892589476425 6.9767839058767986 3.7592513782437891 54.856043786043301 148.05630375398323 31.246068413020112 1.7338902116753185 16.140355808311149 7.4038797661196396 380.95928429078776 236.30053818819579 1831.8072065276792 1830.1096974447137 83.244531194795854 1560.4155981518561
leaf_count=1033 35507 15313 582 61 4785 728 11 37341 19520 100 381 2846 1244 1542 42 305 400 10710 3285 4995 40052 1682 30668
internal_value=0.000856965 0.00303477 -0.00253105 0.0139272 -0.00414224 -0.00846552 -0.0722624 0.00493971 -0.00201271 0.00345319 0.0914923 0.0026936 0.0132683 -0.0171457 0.0177543 0.068214 0.0450258 -0.00150475 0.00952522 -0.00216436 -0.00452574 -0.0116928 0.00265944
internal_weight=26204.4 14898.1 3798.8 338.727 3460.07 2205 19.5142 11099.3 11306.3 1255.07 10.736 1244.34 208.627 367.183 56.5242 25.2781 23.5442 10939.1 617.26 10321.8 6929.59 1913.35 3392.22
internal_count=213133 64425 26051 654 25397 17285 72 38374 148708 8112 481 7631 1972 21809 2289 747 705 126899 13995 112904 77241 41734 35663
is_linear=0
shrinkage=0.0409094


Tree=143
num_leaves=24
num_cat=0
split_feature=1 3 1 11 11 3 11 19 5 10 18 3 3 1 14 13 11 11 18 1 18 11 11
split_gain=76.8492 92.4381 108.344 94.3655 141.611 96.8813 66.6793 66.1988 94.9278 76.9236 60.0682 87.5346 86.7633 84.7553 78.8752 69.6264 53.8531 44.4016 88.7364 58.9145 43.9697 43.8555 214.447
threshold=-0.092586704656732202 -0.082482041442634754 0.077709346510362487 -0.002166143139229098 -0.0021661431392096778 -0.056703758354421478 -0.0021661422735843555 -0.77605619208525867 -0.011345298448437718 -0.0061221852477959309 -0.78956259608653456 -0.046028149690776669 -0.097197621493632688 -0.12774449982348596 -0.0067385557835484555 -0.56201538458990052 -0.0021661429633646639 -0.0021661431969176837 -0.75979592984523536 -0.10831594541713331 -0.75217780429471504 -0.0021661431853760987 -0.0021661431857800798
decision_type=2 2 2 2 2 2 2 2 2 2 2 2 2 2 2 2 2 2 2 2 2 2 2
left_child=7 21 3 -3 5 -5 -6 8 16 -9 12 15 13 -11 -14 -12 17 18 -1 -19 -13 22 -2
right_child=1 2 -4 4 6 -7 -8 9 -10 10 11 20 14 -15 -16 -17 -18 19 -20 -21 -22 -23 -24
leaf_value=-0.093346303893034152 -0.042399080829267299 -0.036935566048468128 -0.020142897923759468 -0.04178633267347822 0.025829405495885995 0.44719244465173574 0.17746942797924475 -0.020297769770240282 -0.032082159747902253 0.0159518300780052 -0.033881753053701627 0.070298741697278039 -0.029426128619893317 0.002579675569845286 -0.001860191582053454 0.0085595443092932374 0.0071859538270516018 -0.0016585036918688933 0.083748036976606655 -0.032229605894835277 -0.048447632266727991 -0.029728146963315275 0.27125241518844118
leaf_weight=5.9232196942903128 15.297890713321978 36.357921775546856 191.34094968088903 0.96219676698092405 158.18536893092096 2.2968555508414275 5.0065921081695697 233.80371068255045 164.57786290440708 940.4594401884824 65.648922847816721 5.6903071945998809 182.09663751244079 5067.7537694349885 3774.7715018138988 4433.005977464607 1253.4188946818467 9060.7251288937405 23.608835210092366 106.74128969199955 62.961375445942394 356.12472915975377 4.7905633428599677
leaf_count=102 1505 3605 21812 165 9148 26 134 3308 5731 4764 494 88 1148 12953 38438 26895 5882 49294 87 3402 1708 22147 297
internal_value=0.000823322 -0.0119059 0.00193891 0.0227721 0.035814 0.302827 0.0304816 0.00120968 -0.00125447 0.00298108 0.0033556 0.00724057 0.001575 0.00467281 -0.00312879 0.0079402 -0.000768982 -0.00185313 0.0482284 -0.00201446 -0.0386051 -0.0264108 0.0323985
internal_weight=26151.5 770.363 394.15 202.809 166.451 3.25905 163.192 25381.2 10615 14766.2 14532.4 4567.31 9965.08 6008.21 3956.87 4498.65 10450.4 9197 29.5321 9167.47 68.6517 376.213 20.0885
internal_count=213133 58839 34890 13078 9473 191 9282 154294 64498 89796 86488 29185 57303 17717 39586 27389 58767 52885 189 52696 1796 23949 1802
is_linear=0
shrinkage=0.0409094


Tree=144
num_leaves=24
num_cat=0
split_feature=1 3 3 10 10 8 5 7 3 1 18 14 10 3 4 20 10 8 8 1 3 14 3
split_gain=72.9969 76.2574 117.042 139.149 92.0688 68.2617 100.305 66.7834 65.53 64.5114 95.9708 61.0796 54.5895 62.484 53.0266 52.8537 50.5493 50.0573 203.316 58.6717 50.8741 49.712 47.3014
threshold=-0.048816893328982203 -0.056703758354421478 -0.052560585675985684 -0.0061176134987301744 -0.0061180964472436058 -0.05448428596331658 -0.011345298448437718 1.925073992566168 -0.097220995683396635 0.27320936303557825 0.13994195058136452 -0.0067349504427065268 -0.0061128583809966766 -0.097219182741577773 -0.5090141834736277 -3.7975126241035713 -0.0061221852477959309 0.61702814442998799 0.72930054732826621 -0.053268128262210238 -0.09722035640741887 -0.0067385534860110912 -0.097181966055961716
decision_type=2 2 2 2 2 2 2 2 2 2 2 2 2 2 2 2 2 2 2 2 2 2 2
left_child=5 14 3 4 -3 6 7 12 -9 10 15 -10 13 -1 -2 -4 21 -18 20 -20 -19 -7 -8
right_child=1 2 9 -5 -6 16 22 8 11 -11 -12 -13 -14 -15 -16 -17 17 18 19 -21 -22 -23 -24
leaf_value=0.0044504736110269052 0.094688147709723031 -0.041826173799063684 0.36784652149717495 -0.0059115919921409665 0.29240772604543447 0.016037580258372278 -0.0089989022797202761 -0.052579963327180103 -0.0096718157461774291 -0.032636770275728172 -0.026044994897760593 0.082913339728755184 0.0061545251718517473 -0.0032546654565262742 -0.035684049380017513 0.053164895927937113 0.0057235980022951839 0.0052238409125181448 0.0030632589004827245 0.16970175208670485 -0.026626447880327041 -0.028513056503834323 -0.048878804083097874
leaf_weight=2408.5783871905878 5.3498902758583418 1.7384053489658979 0.9121139794588079 9.3544921486172807 6.6770436834776792 57.149206470465288 94.880127402022481 60.025024503469467 851.05091318464838 86.368867859942839 43.322380845667794 12.094506620429454 2092.2569771197159 6555.1269659269601 217.05289710639045 43.22010381356813 7114.3520804031286 100.02965222857893 5567.8365702440497 3.5383427197812116 521.46334980183747 157.27943823451642 104.70401868899353
leaf_count=6831 444 290 6 780 67 255 246 223 17011 11306 5555 371 9025 39963 22589 1398 43960 319 37674 241 3967 2836 7776
internal_value=0.000789712 -0.0162518 0.00266495 0.102668 0.223364 0.00106423 -0.00115732 -0.000678105 -0.0112488 -0.00755837 0.0172087 -0.0083745 0.000204543 -0.00118427 -0.032548 0.0596687 0.00306514 0.00338265 0.00069338 0.00316909 -0.0215001 -0.0166395 -0.0299203
internal_weight=26114.4 413.996 191.593 17.7699 8.41545 25700.4 12178.7 11979.1 923.17 173.823 87.4546 863.145 11056 8963.71 222.403 44.1322 13521.6 13307.2 6192.87 5571.37 621.493 214.429 199.584
internal_count=213133 42435 19402 1137 357 170698 81446 73424 17605 18265 6959 17382 55819 46794 23033 1404 89252 86161 42201 37915 4286 3091 8022
is_linear=0
shrinkage=0.0409094


Tree=145
num_leaves=24
num_cat=0
split_feature=2 0 0 3 3 0 8 4 13 15 18 3 4 4 2 3 18 3 15 3 2 8 11
split_gain=89.4147 90.1512 56.0952 99.9213 90.8475 123.709 83.6925 63.7432 66.201 52.2514 69.5491 86.7225 52.0122 77.3043 50.6312 58.5238 50.1048 48.4964 70.1775 63.7834 48.4163 66.287 62.7838
threshold=-0.54355888696969057 -5.6909761363314598e-05 -7.08837148516483e-05 -0.09721977744640288 -0.096830580272352265 -0.00034963739070952341 0.95474559003236747 -0.1489309372887814 2.3648554090665272 -0.092463347799074766 -0.7893092937573315 -0.097136713703668789 -0.38376783697455075 -0.22720990385070453 0.92467158131614002 -0.097029791248490718 -0.75979592984523536 -0.049487798696509482 -0.091386304749391425 0.073148296632605289 -0.4965995805689476 -1.0589557668762564 -0.0021661431761426627
decision_type=2 2 2 2 2 2 2 2 2 2 2 2 2 2 2 2 2 2 2 2 2 2 2
left_child=1 -1 4 -4 9 17 7 8 -5 10 11 -2 16 -14 -11 -16 -8 18 -6 -19 21 -7 -22
right_child=2 -3 3 6 5 20 12 -9 -10 14 -12 -13 13 -15 15 -17 -18 19 -20 -21 22 -23 -24
leaf_value=0.0087575212466960237 0.00047644391029193466 -0.0025813034851761701 0.0027239439094959893 -0.01320688412841879 0.0010816057448692082 -0.047030818070504389 0.015383359199168613 -0.003569179227355548 0.087469700849215223 0.0061129049987024555 0.011997487152472633 -0.021303085631769733 -0.019176262164402293 0.0076641612224554994 0.023656826855458234 0.122415033513358 0.088860154144285469 -0.031660261783619872 0.020254747925243163 0.0097430262518295556 0.003078463243713117 0.00054694195172882347 -0.022954164626019073
leaf_weight=3902.9317607805133 1182.0126493647695 1678.0295541491359 3550.902654433623 2498.1343312921235 1707.6339687020518 53.413817482069135 52.184410245739855 2535.673106211354 10.978893446153959 4539.8243686780334 525.62583899963647 412.83742515556514 229.33282549725845 827.88074333034456 119.71554734185338 10.961806667968629 22.113738688640296 147.75340807531029 393.02277121320367 107.63260316988453 193.29619446676224 594.14529804233462 783.49407639005221
leaf_count=18432 2919 4893 7736 71816 14794 260 1599 28657 628 12568 1513 1775 12325 7620 264 115 1685 2596 2903 1306 2936 1941 11852
internal_value=0.000757507 0.00534827 -0.000492379 -0.00274437 0.0015413 -0.00336605 -0.00588823 -0.00814356 -0.0127664 0.00441765 -0.000907984 -0.00516133 0.00416705 0.00184188 0.00683556 0.0319411 0.0372526 0.00262233 0.00466881 -0.0142108 -0.0120519 -0.0033775 -0.0178026
internal_weight=26079.5 5580.96 20498.6 9727.2 10771.4 3980.39 6176.3 5044.79 2509.11 6790.98 2120.48 1594.85 1131.51 1057.21 4670.5 130.677 74.2981 2356.04 2100.66 255.386 1624.35 647.559 976.79
internal_count=213133 23325 189808 132066 57742 38588 124330 101101 72444 19154 6207 4694 23229 19945 12947 379 3284 21599 17697 3902 16989 2201 14788
is_linear=0
shrinkage=0.0409094


Tree=146
num_leaves=24
num_cat=0
split_feature=2 6 2 6 2 18 6 14 5 17 17 2 5 12 6 18 12 6 6 13 2 6 13
split_gain=86.685 93.9202 64.8619 65.5454 190.062 337.209 67.802 127.161 56.3512 54.7439 187.163 77.8489 77.8149 58.7002 50.7138 129.917 47.7285 47.5502 40.8823 38.1934 56.4864 36.6585 31.1566
threshold=-0.44070562128338414 -0.095509813951401082 1.0000000180025095e-35 -0.096184817018404964 -0.35617752630468186 1.3002655306886222 -0.10070265457665654 -0.0067385544441058822 -0.011342283873307194 -1.1536711108706561 -1.1325239078356302 -0.5455652738709641 -0.011346001989229497 -0.17342226098881661 0.17304159751905354 1.3001485229043768 0.087531606055083103 -0.097720998620205404 -0.13518266674511981 -0.55872712541328962 0.25913888434822024 -0.098555517742535834 -0.4135365951368915
decision_type=2 2 2 2 2 2 2 2 2 2 2 2 2 2 2 2 2 2 2 2 2 2 2
left_child=8 2 3 6 -5 -6 16 -8 9 14 11 -11 -13 21 -1 -16 -2 -15 -4 20 -20 -12 -10
right_child=1 -3 18 4 5 -7 7 -9 22 10 13 12 -14 17 15 -17 -18 -19 19 -21 -22 -23 -24
leaf_value=0.0075523902980122407 -0.0063339303110312179 -0.029314273075162291 -0.045426096610812428 0.001002302527738558 0.15081425860956549 1.2839018113290726 -0.0037248909071753845 -0.022383676578403847 -0.012042858080978077 -0.0044293877243253045 -0.00010738032230045304 -0.042154685673972035 0.077768469738130078 0.0037858173970779147 -0.037877199000464663 0.18112655961750346 0.0065278049788460102 0.018183664043115746 0.014458873935155561 0.0044149222413901058 -0.017514996574590536 -0.013366021364573343 -0.055609882129796485
leaf_weight=2634.7523238516878 871.26414406928234 214.89108535007108 29.72893688082695 8.2128524039871973 1.9357377735432231 0.56869844160974015 2168.1702277922304 851.26625685638282 113.55665010691155 201.43623047508299 4522.3507395028137 261.72687180154026 9.379824707284568 8751.183672019979 8.7070854974444973 9.456808314425869 1083.1697547815274 401.49982904584613 129.69097622251138 3015.0942437917693 322.19595525006298 378.18337360373698 36.237970233429223
leaf_count=12252 11186 49113 2959 373 122 75 8384 11008 1431 846 18442 2131 46 34924 347 42 12308 9522 289 24969 2604 7382 2378
internal_value=0.000727743 -0.00260513 -0.00192839 -0.00492481 0.0961364 0.408112 -0.00514257 -0.00898534 0.00240032 0.00261817 0.00163123 -0.0236927 -0.0380056 0.00248276 0.00802202 0.0761444 0.000794191 0.00441741 0.00234302 0.00275263 -0.00833854 -0.00113057 -0.0225825
internal_weight=26024.7 8696.19 8481.3 4984.59 10.7173 2.50444 4973.87 3019.44 17328.5 17178.7 14525.8 472.543 271.107 14053.2 2652.92 18.1639 1954.43 9152.68 3496.71 3466.98 451.887 4900.53 149.795
internal_count=213133 123390 74277 43456 570 197 42886 19392 89743 85934 73293 3023 2177 70270 12641 389 23494 44446 30821 27862 2893 25824 3809
is_linear=0
shrinkage=0.0409094


Tree=147
num_leaves=24
num_cat=0
split_feature=1 3 1 3 3 8 5 7 11 13 13 11 15 8 4 3 16 13 15 11 11 1 14
split_gain=66.9064 73.6931 102.303 72.5676 62.509 60.1403 92.4746 62.0858 70.8798 78.2986 70.0536 52.0021 77.5911 50.7117 47.4941 46.8098 46.5775 45.9461 45.7577 44.7681 44.2264 73.5778 53.3113
threshold=-0.048816893328982203 -0.056703758354421478 0.30189921067978515 -0.052560585675985684 0.010437031095995824 -0.05448428596331658 -0.011345298448437718 1.925073992566168 -0.0021661431368667386 -0.46573814817690423 -0.44769495202741988 -0.0021661431045848336 -0.092410619243068925 0.11758956865053562 -0.5090141834736277 -0.097181966055961716 -0.6046082058766854 -0.49874758079909237 -0.092403507144332209 -0.0021661422735843555 -0.0021661404153898414 -0.12804350110149518 -0.0067385555751029612
decision_type=2 2 2 2 2 2 2 2 2 2 2 2 2 2 2 2 2 2 2 2 2 2 2
left_child=5 14 3 13 19 6 7 11 10 -10 -9 12 -1 -3 17 18 -6 -2 -8 -5 -7 -22 -23
right_child=1 2 -4 4 16 20 15 8 9 -11 -12 -13 -14 -15 -16 -17 -18 -19 -20 -21 21 22 -24
leaf_value=0.001383605426949574 0.18917140816821146 0.012605970339324866 -0.031776494428332497 -0.027171342275121121 0.12232551420682551 0.0031008376807645953 -0.041477521155062785 0.0018392239776358467 -0.052409440058966722 -0.0059440766660399692 -0.033368009475526469 0.0040997919340041494 -0.0073769251610404053 0.15914792408357611 -0.035396044316649687 -0.048527924254874184 0.025105466249958033 -0.042063958721251099 0.015938610957239772 0.19593483530630312 0.0098986584047425583 -0.07227953375255998 -0.0061235513055301278
leaf_weight=4604.0873836854007 3.1421876589301974 6.1894637369550791 81.589824869763106 43.917458709329367 10.8411372017581 13298.062994143111 40.407228482887149 562.65541941975243 124.9521839992376 118.01939562533516 113.69522323692217 3739.0361281259684 2675.0661478030961 10.933329082559792 209.28803417331073 100.37490012333728 34.469826437532902 2.6517030810937277 54.64360885322094 1.5586118121864263 79.599495636764914 49.391865313984454 34.713080345187336
leaf_count=19046 44 481 11134 5021 406 88365 143 7494 1861 3310 4940 14864 21909 342 22589 7776 1953 400 103 65 433 208 246
internal_value=0.000697134 -0.0158091 0.00279167 0.0289284 0.0143591 0.000958052 -0.00113076 -0.00067379 -0.0108875 -0.0298397 -0.00407915 0.000178409 -0.00183586 0.106177 -0.0321975 -0.0290445 0.0483664 0.0833414 -0.00846966 -0.0195248 0.00284067 -0.0182931 -0.0449746
internal_weight=25999.3 404.582 189.5 107.91 90.787 25594.7 12132.9 11937.5 919.322 242.972 676.351 11018.2 7279.15 17.1228 215.082 195.426 45.311 5.79389 95.0508 45.4761 13461.8 163.704 84.1049
internal_count=213133 42435 19402 8268 7445 170698 81446 73424 17605 5171 12434 55819 40955 823 23033 8022 2359 444 246 5086 89252 887 454
is_linear=0
shrinkage=0.0409094


Tree=148
num_leaves=24
num_cat=0
split_feature=2 0 1 6 15 6 1 19 0 1 4 15 1 8 0 15 4 0 15 2 13 15 17
split_gain=80.4325 88.8728 108.107 63.1271 49.6982 52.5464 76.3133 73.7894 69.1238 75.9797 62.515 60.7453 109.955 98.2036 51.4498 66.2676 48.5737 46.1772 102.441 73.7489 52.7242 50.9999 43.9091
threshold=-0.51607446867247353 -5.6909761363314598e-05 -0.12661754808380779 -0.097383226214254201 0.35484464804184035 -0.12407577398348768 -0.092586704656732202 -0.77605619080686006 -0.0026391143486268597 -0.11127320861532634 -0.18024252391355064 -0.091974135653878061 -0.095810577598459831 0.5401221914710288 -0.0011897559366142846 -0.092457662398958709 -0.13327514397639681 -5.6584454094238657e-05 -0.092296317394257019 -0.5193628012656385 -0.49567237028853328 -0.091014767631479254 -0.29524861513163103
decision_type=2 2 2 2 2 2 2 2 2 2 2 2 2 2 2 2 2 2 2 2 2 2 2
left_child=1 2 -1 16 5 7 8 -2 9 -7 -10 12 -9 -13 15 -8 -4 18 -3 20 -20 -19 -5
right_child=4 17 3 22 -6 6 14 11 10 -11 -12 13 -14 -15 -16 -17 -18 21 19 -21 -22 -23 -24
leaf_value=0.0092423482446168555 -0.0066370171540327191 -0.0019242696758307958 -0.0099070923623999479 -0.016943001610575256 -0.032142789098535671 0.017267975992451761 0.10889918925664524 0.011728022449471007 -0.0062357640071843733 0.11604630748346965 3.0448391934121114e-05 0.038937850156702765 -0.027583189693108665 -0.0023544456425727282 -0.031631124771615948 -0.0087213812668223058 0.0032540501009181446 -0.00051787984667003969 -0.014706300920374192 0.059541472778544748 -0.049409911457794928 0.021782755228149053 0.057612958311752352
leaf_weight=5023.9676820654422 561.02359978074674 1092.9802749226801 964.3177861822769 18.23413129709661 85.829308968619443 80.994933731853962 9.8665351993404311 673.44511737430003 3583.6602180424379 15.531309789977966 10388.864179610508 265.76976302044932 144.65526814910118 151.24528274708427 223.39620397798717 42.751276740105823 914.26008928194642 1171.4916991866194 138.08129197638482 15.113299164455382 156.08806385891512 201.08451105514541 48.076959947124124
leaf_count=22967 8377 2901 2669 167 6217 580 221 3903 52856 62 51576 2476 3996 2315 41685 1412 1746 4469 445 77 881 981 154
internal_value=0.000668707 0.00360673 0.00607211 -0.00211715 -0.00109546 -0.000930366 -0.0017563 0.00566605 -0.00133837 0.0331617 -0.0015767 0.0112544 0.00477707 0.0239617 -0.0230592 0.013334 -0.00350187 -0.00258494 -0.00780616 -0.0285923 -0.0331202 0.0027492 0.0371117
internal_weight=25970.7 9743.7 6968.86 1944.89 16227 16141.2 14345.1 1796.14 14069.1 96.5262 13972.5 1235.12 818.1 417.015 276.014 52.6178 1878.58 2774.84 1402.26 309.283 294.169 1372.58 66.3111
internal_count=213133 37457 27703 4736 175676 169459 148392 21067 105074 642 104432 12690 7899 4791 43318 1633 4415 9754 4304 1403 1326 5450 321
is_linear=0
shrinkage=0.0409094


Tree=149
num_leaves=24
num_cat=0
split_feature=2 0 9 0 13 6 10 10 2 8 4 10 1 1 10 14 1 10 0 10 2 1 19
split_gain=76.4471 79.1903 54.2228 48.255 62.3065 87.3238 83.6642 76.453 70.3153 60.4188 39.2925 41.0308 61.3651 50.9394 41.3354 39.0401 35.116 103.487 96.6874 40.3091 34.7972 72.0242 51.3402
threshold=-0.54355888696969057 -6.1134060618386979e-05 -0.0035525887666535655 -7.08837148516483e-05 -0.36350912824112686 -0.19760049415862774 -0.0061017591928022733 -0.0061221844583869483 -0.42991056197207539 1.5009964850042274 0.712137694892373 -0.0061199919184752863 -0.12740569179116254 -0.12751858720548181 -0.0061200574831342782 -0.0067385555751029612 -0.12603305163567494 -0.0061113310976047561 -0.00052611862769884885 -0.006108983846096953 -0.41631595061943782 -0.12702988015648034 -0.77605616802184674
decision_type=2 2 2 2 2 2 2 2 2 2 2 2 2 2 2 2 2 2 2 2 2 2 2
left_child=1 2 -1 10 5 6 8 -7 -5 -9 16 12 -12 -13 -14 -15 20 18 -18 -19 21 -2 -22
right_child=3 -3 -4 4 -6 7 -8 9 -10 -11 11 13 14 15 -16 -17 17 19 -20 -21 22 -23 -24
leaf_value=0.01148314579815587 0.0015742555678806033 0.00076840344922982019 -0.040098754508403105 0.027466284671560072 -0.02119512142301969 -0.029616469485205129 -0.04526559939076237 -0.0030553316907490917 0.1053228044195744 0.008433706426557443 0.0016224021341685198 0.0095528592113642112 0.024789461262015384 -0.029396787204997391 0.085418757406582543 -0.0011942802791031727 0.0044491290946794609 0.031846002448021257 -0.011672893071920787 0.0066464269717298359 -0.015345709557194033 0.015568425746030505 0.0034111739862683491
leaf_weight=2267.2687268722802 3938.382679165341 3216.3882506517693 34.627138799056411 87.210177666740492 292.61324833671097 170.77487616951112 20.401150179561228 8250.1281998988707 24.972712278366089 844.4473497349536 257.49462315812707 688.75945551041514 276.62795589677989 110.00593338534236 20.193037336692214 324.34273542836308 936.88068593246862 139.73781435494311 1855.5823724907823 443.07659347518347 428.72147599607706 729.51384096033871 567.49153773207217
leaf_count=12183 9788 10987 155 846 35885 5508 903 79480 1039 8405 742 2189 731 327 19 848 11166 1079 21498 4008 1666 1654 2027
internal_value=0.000642283 0.00491427 0.0107072 -0.000512891 -0.00260488 -0.00202606 0.0309394 -0.00249778 0.0447977 -0.00198855 0.00137876 0.0071291 0.0162364 0.00263416 0.0289141 -0.00833703 0.000311684 -0.00299138 -0.0062639 0.0126884 0.00228 0.00376131 -0.00466087
internal_weight=25925.6 5518.28 2301.9 20407.4 9690.55 9397.93 132.584 9265.35 112.183 9094.58 10716.8 1677.42 554.316 1123.11 296.821 434.349 9039.39 3375.28 2792.46 582.814 5664.11 4667.9 996.213
internal_count=213133 23325 12338 189808 132066 96181 2788 93393 1885 87885 57742 4856 1492 3364 750 1175 52886 37751 32664 5087 15135 11442 3693
is_linear=0
shrinkage=0.0409094


Tree=150
num_leaves=24
num_cat=0
split_feature=2 0 16 10 3 9 3 0 14 8 13 6 16 8 0 13 6 14 0 10 6 8 3
split_gain=70.6815 82.2199 50.967 73.5728 54.9507 46.2169 46.1426 49.6264 61.9787 56.009 51.8546 49.7053 42.6586 49.2852 41.2913 41.3987 38.5287 35.92 57.7824 47.9387 55.9577 34.8208 33.5101
threshold=-0.54267080572873327 -5.7292577144160906e-05 -0.63976573815783955 -0.0061217145467055804 -0.096935025833587971 -0.0035525887666535655 0.29586117426496533 -0.0017552991003584744 -0.0067385555173968227 -1.1028101648010125 2.3184782390818324 -0.12298514105840264 -0.60313179907539061 0.092897356329267697 -0.00028436164544445701 -0.54174759481036372 -0.10174812949603157 -0.0067385539374301426 -5.6584454094238657e-05 -0.006122150012698821 -0.099363989432812938 0.12781368781481306 -0.097217965545684043
decision_type=2 2 2 2 2 2 2 2 2 2 2 2 2 2 2 2 2 2 2 2 2 2 2
left_child=1 5 3 14 16 -1 7 8 -4 -10 11 -9 13 -8 15 -2 -5 -3 19 -19 -21 -7 -18
right_child=2 17 6 4 -6 21 12 10 9 -11 -12 -13 -14 -15 -16 -17 22 18 -20 20 -22 -23 -24
leaf_value=0.0087692540714135129 0.082409194496745719 0.0010704622847685261 -0.024253969199349534 0.020354414111669068 -0.022754864342775131 -0.088161898651809609 -0.04970043780899825 0.0067861486557362289 -0.036785532691912995 0.016963196847250481 -0.021716793092726564 -0.00083808293951157247 -0.047352888073697051 0.079370278007745695 -0.055752043731144743 -0.064567759553659163 0.010234235816553972 -0.066356485501022799 0.003695616997100699 -0.05696250454445901 -0.0064916285418588557 -0.0072629282455075068 -0.013961966602611352
leaf_weight=3646.9297348102555 7.8301821621134877 1757.124574993737 77.966964677907526 130.75938510522246 232.68152172223199 13.839164474979041 8.999775140546264 1566.9572418220341 34.166008167434484 644.69932808028534 189.00093722419115 16500.488498514285 62.319140253821388 11.006109124748034 79.691551419091411 5.4323811363428813 150.90877000242472 39.239615568891168 223.42918691970408 46.731745718047023 172.36356600932777 24.970759723335505 262.27506682882085
leaf_count=18018 54 4918 738 308 5221 79 939 16738 586 4099 12819 136859 6674 382 1453 75 295 321 880 184 578 90 825
internal_value=0.000616703 0.0045406 -0.000547706 -0.0102337 -0.00611691 0.00829668 -0.000106624 2.57016e-05 0.0102907 0.0142581 -0.000399841 -0.000176847 -0.0306678 0.021307 -0.0446289 0.022207 0.00100027 -0.0016428 -0.0115388 -0.0247147 -0.0172568 -0.0361106 -0.00512469
internal_weight=25889.8 5924.63 19965.2 869.579 776.625 3685.74 19095.6 19013.3 756.832 678.865 18256.4 18067.4 82.325 20.0059 92.9541 13.2626 543.943 2238.89 481.764 258.335 219.095 38.8099 413.184
internal_count=213133 25068 188065 8231 6649 18187 179834 171839 5423 4685 166416 153597 7995 1321 1582 129 1428 6881 1963 1083 762 169 1120
is_linear=0
shrinkage=0.0409094


Tree=151
num_leaves=24
num_cat=0
split_feature=2 6 1 6 1 6 1 6 0 4 2 15 0 2 1 9 9 1 4 15 6 1 6
split_gain=66.9346 84.7925 79.2645 68.1378 87.9402 98.0392 82.6342 76.5115 74.8155 72.1752 63.0943 59.9408 57.4389 92.6994 74.6658 102.719 73.5122 67.5061 56.0586 55.5898 119.179 130.163 79.9676
threshold=-0.44070562128338414 -0.095509813951401082 -0.12603305163567494 -0.01529137814294928 0.011432434492427061 -0.1506987260781206 0.068242885398741057 0.0065345176973116148 0.014678329887499777 0.58689134839329604 1.0000000180025095e-35 -0.083709508327440188 -5.6702656665127236e-05 -0.53083101620784445 -0.12741784610364168 -0.0035525889851384163 -0.0035525876851504484 -0.12680404101140494 3.5928036643711443 -0.092296317394257019 -0.096184817018404964 -0.096874710782678522 -0.10070265457665654
decision_type=2 2 2 2 2 2 2 2 2 2 2 2 2 2 2 2 2 2 2 2 2 2 2
left_child=2 10 12 4 5 11 18 8 -8 -7 19 -4 13 -1 15 -15 -14 -18 -5 20 -2 -22 -21
right_child=1 -3 3 6 -6 9 7 -9 -10 -11 -12 -13 16 14 -16 -17 17 -19 -20 22 21 -23 -24
leaf_value=0.010108806879704486 -0.0022136641221065828 -0.028491268832274267 0.02102512785885326 0.06765846425591826 -0.043773768485207282 -0.0069123802468235313 0.065312802272380149 -0.032740401345491797 0.51011378259797457 0.0080998382268842924 0.0025065116172126936 -0.059613545816317344 -0.0030147450008898131 -0.0076581479769537927 0.0079616126640443506 0.0059483492798459671 0.019827237725704307 0.17035412065549788 0.40646453226331725 -0.0025025619638574864 0.082301749138702918 0.53497735061473817 -0.021668142119678668
leaf_weight=3893.0089149344712 3509.0787862399593 202.61815519112861 356.2823225853499 41.300021149101667 88.264951926190406 3251.2880700008245 9.148635273566466 35.898091321345419 0.67988949827849943 641.77050507604145 3489.2311593631748 16.12524972204119 2720.6870202338323 2059.0177618544549 2206.9758083932102 1691.2459001168609 171.85095685394481 5.1350927101448169 0.83380991220474143 788.38221040333156 5.7156886288430542 1.3059598942054425 677.41132567788009
leaf_count=20919 21808 49113 2247 1364 5980 28474 408 4478 4 1481 30821 179 9272 4764 4650 4421 1071 30 1 11276 158 71 10143
internal_value=0.000592024 -0.00233776 0.00207038 -0.00263594 -0.00335574 -0.00251937 0.0330323 -0.00505119 0.096082 -0.00443762 -0.0017122 0.0175335 0.00371014 0.00519953 0.00199135 -0.00152206 -0.00135283 0.0241946 0.0743633 -0.00466691 -0.00187675 0.166495 -0.0113599
internal_weight=25863.3 8673.74 17189.5 4441.59 4353.73 4265.47 87.8604 45.7266 9.82852 3893.06 8471.13 372.408 12747.9 9850.25 5957.24 3750.26 2897.67 176.986 42.1338 4981.89 3516.1 7.02165 1465.79
internal_count=213133 123390 89743 44616 38361 32381 6255 4890 412 29955 74277 2426 45127 34754 13835 9185 10373 1101 1365 43456 22037 229 21419
is_linear=0
shrinkage=0.0409094


Tree=152
num_leaves=24
num_cat=0
split_feature=2 9 16 10 3 15 3 6 3 3 15 13 3 9 16 8 6 11 10 2 11 6 13
split_gain=62.3476 50.4906 47.2393 68.0504 51.3311 56.4497 43.1061 44.9744 73.6893 65.7056 50.3278 49.2871 47.8758 47.5714 41.2391 44.467 35.3794 33.7947 32.2978 31.9241 29.1641 28.2119 32.7488
threshold=-0.54355888696969057 -0.0035525887256081566 -0.63976573815783955 -0.0061217145467055804 -0.096935025833587971 -0.091356669985875744 0.29586117426496533 -0.12198922538149284 -0.096700266317235953 -0.097197621493632688 -0.092480653090977277 -0.55872712541328962 0.25288055317876634 -0.0035494579193320205 -0.60313179907539061 0.092897356329267697 -0.10174812949603157 -0.0021661431899914168 -0.0061221853354106763 0.071146390613196941 -0.002166107989237929 -0.10638827867800685 -0.54669338832619718
decision_type=2 2 2 2 2 2 2 2 2 2 2 2 2 2 2 2 2 2 2 2 2 2 2
left_child=1 18 3 21 16 -6 7 8 10 11 -4 -9 -11 -10 15 -8 -5 -7 -1 -18 -20 22 -2
right_child=2 -3 6 4 5 17 14 9 13 12 -12 -13 -14 -15 -16 -17 19 -19 20 -21 -22 -23 -24
leaf_value=-0.02505241000618565 0.052439240705517864 -0.037692844470098776 -0.069243211506905669 0.019614317750294645 -0.033551610082815181 0.12686673958036859 -0.049507811223848612 -0.0070338502435443647 0.0010273998345152714 -0.0030529305421085865 0.021652773988536839 0.003269220404727827 0.097555637132235987 0.073040036948181078 -0.047204519376179081 0.0737906227281276 -0.011529452486270891 0.004644824830207059 0.0052539977306387525 0.014425075820955377 -0.088760974085763389 -0.053282555540128645 -0.06989412413769211
leaf_weight=59.893975848332047 9.8495495864190143 47.157515826635063 10.419975496828554 129.99036018550396 174.34020860539749 4.0796985240885979 8.5920119025977346 874.92607831768692 1769.9926942724269 9321.1110860749613 471.05448965588585 6945.7709266152233 7.9224881049594833 15.486664855852721 59.482874089386314 11.377206348115577 307.94643859751523 52.617984132724814 5338.302804898005 106.82460227003321 5.5277753807604304 76.513877269055229 5.8300212899921453
leaf_count=421 73 220 56 309 3671 71 939 2130 21104 131669 1423 16376 654 158 6674 382 911 1482 22653 216 31 1419 91
internal_value=0.000568162 0.0044541 -0.000471991 -0.00981008 -0.00586137 -0.0220198 -5.62473e-05 6.68032e-05 0.00548214 -0.000649029 0.0196856 0.00211658 -0.00296749 0.00165201 -0.0301276 0.0207399 0.000991574 0.0134393 0.00482191 -0.00484484 0.00515675 -0.0430382 0.00695291
internal_weight=25815 5450.88 20364.1 867.993 775.799 231.038 19496.1 19416.7 2266.95 17149.7 481.474 7820.7 9329.03 1785.48 79.4521 19.9692 544.761 56.6977 5403.72 414.771 5343.83 92.1934 15.6796
internal_count=213133 23325 189808 8243 6660 5224 181565 173570 22741 150829 1479 18506 132323 21262 7995 1321 1436 1553 23105 1127 22684 1583 164
is_linear=0
shrinkage=0.0409094


Tree=153
num_leaves=24
num_cat=0
split_feature=2 3 3 2 10 15 15 17 2 6 14 3 6 15 6 6 15 3 18 3 3 18 10
split_gain=61.1486 96.4359 154.852 97.067 74.3609 74.1159 78.9541 69.8685 66.279 78.1305 90.9848 73.3144 131.693 121.721 64.1959 62.4682 57.7362 75.406 79.3412 67.5604 59.9674 57.6769 53.4774
threshold=-0.44070562128338414 -0.092466807580416935 -0.092625991859514603 -0.34806139086333021 -0.0061197157939520668 -0.092442984946546444 -0.092447883339604173 1.3705405882780093 1.0000000180025095e-35 -0.10070265457665654 -0.0067385544441058822 -0.096854111651248562 -0.098029503899950854 -0.092481335265639092 -0.09856980305454717 -1.0631789755419392 -0.091801305847533474 -0.097129198757806803 -0.78992713284561689 -0.092797586193218276 0.14311482791178406 -0.79001096759431289 -0.0061219206850469188
decision_type=2 2 2 2 2 2 2 2 2 2 2 2 2 2 2 2 2 2 2 2 2 2 2
left_child=16 2 8 4 5 6 -3 -7 9 -2 -11 12 -10 -13 21 -6 17 18 -1 -19 22 -4 -18
right_child=1 3 14 -5 15 7 -8 -9 11 10 -12 13 -14 -15 -16 -17 20 19 -20 -21 -22 -23 -24
leaf_value=0.00049590538198867598 0.0025167685279451468 0.029462088735361679 0.070758379717106412 -0.038427449549658738 0.040357382066951518 -0.021175373438494731 0.14939451513783772 0.077038501027726206 0.003132165313905665 -0.004606974994890432 -0.021027983929903953 0.11075519971812235 0.11397776475451171 -0.039653222842313693 -0.018064776590917535 -0.021145677514499389 -0.030529783161564454 -0.004981212563213642 0.0087031561294249604 0.0041097773983947731 -0.047538467333964933 0.02027766019921276 0.0099303992529267918
leaf_weight=5193.9113716278225 1480.9579304042272 59.965056512737647 81.112356103956699 227.44733416830422 29.901414190651849 84.260571270482615 10.848384837154297 14.159259443054905 3202.4721161224879 2081.3907717477996 774.94566713145468 9.758988958783446 18.038998295553029 116.49104792985599 30.251640026457608 365.1772456576582 56.100029149209149 4565.7153174791019 3177.1289428556338 1953.4295855822274 31.964272387558594 71.066355789778754 2147.0542598275933
leaf_count=16997 12339 1419 285 46535 244 4839 40 349 8988 8445 8727 268 85 6757 389 23367 559 22797 12099 18357 1405 314 17529
internal_value=0.000545485 -0.00225639 -0.000886667 -0.0158652 -0.00677149 0.0159185 0.0478353 -0.00704574 -0.00177106 -0.00510854 -0.00906212 0.00255421 0.00375304 -0.0280268 0.0363643 -0.0164908 0.00196206 0.00104177 0.00361087 -0.00225714 0.00809302 0.0471842 0.00890014
internal_weight=25783.5 8658.25 7866.49 791.759 564.312 169.233 70.8134 98.4198 7684.06 4337.29 2856.34 3346.76 3220.51 126.25 182.43 395.079 17125.3 14890.2 8371.04 6519.14 2235.12 152.179 2203.15
internal_count=213133 123390 46597 76793 30258 6647 1459 5188 45609 29511 17172 16098 9073 7025 988 23611 89743 70250 29096 41154 19493 599 18088
is_linear=0
shrinkage=0.0409094


Tree=154
num_leaves=24
num_cat=0
split_feature=0 10 6 18 3 18 0 6 3 7 3 13 8 4 4 4 8 0 3 8 6 3 8
split_gain=54.4709 70.3325 93.2345 90.4695 68.3915 79.9588 64.0677 68.2732 62.3323 54.4904 44.4721 57.9906 56.6749 48.7809 43.8106 42.0445 41.8744 41.0446 67.9096 44.676 41.0551 40.2538 41.2347
threshold=-5.6909761363314598e-05 -0.0061142827409018906 0.22477370400547869 -0.79031510490574053 -0.09718566186629525 -0.78992154783448287 0.0028541655721702522 -0.11838909934932743 -0.097220995683396635 -0.51963850798029909 -0.091972731614545278 2.3648554090665272 0.93719097033521248 3.5928036643711443 -0.39942363028693534 -0.47770259684885846 0.45022710598890492 -0.0079817216099404512 -0.046028149690776669 -1.0421727788141431 0.090315647365363405 -0.049487798696509482 -1.5704189356350764
decision_type=2 2 2 2 2 2 2 2 2 2 2 2 2 2 2 2 2 2 2 2 2 2 2
left_child=4 10 3 8 5 -1 7 -5 -3 -10 -2 12 13 -12 21 -14 -13 19 20 -16 -19 22 -6
right_child=1 2 -4 6 14 -7 -8 -9 9 -11 11 16 15 -15 17 -17 -18 18 -20 -21 -22 -23 -24
leaf_value=0.0023541950758273148 -0.0039354061407583883 -0.050199130548795184 -0.045449338113487232 0.031151110754764483 0.16500316671105067 0.012365366893973287 -0.046626277629718188 -0.0010715257240205729 0.040497304094679075 -0.0020255277828728061 -0.030268012768881528 0.11933361534905505 0.091602200150808985 0.086563787713642662 -0.048291721731101925 -0.0022732968742615605 -0.048784475537217327 -0.0013398086111216189 -0.034291885571713532 0.021175821508459279 0.073014559112841201 -0.029393633107893169 0.020094986896337718
leaf_weight=8045.7529092133045 4111.2353790325578 16.599769808351994 57.127080139995087 130.07936546823476 3.3379070586524895 1600.8502903329208 44.21443888975773 714.54605373332743 232.22347456478747 64.425607419048902 331.72276591160335 8.6479081850266066 8.584438255405983 6.0908182049170128 16.732382748043165 114.25957992393523 3.4761976377340025 9665.9171863310039 105.19380874733906 209.30067756283097 12.443972836481406 28.496904117753729 213.07392949122004
leaf_count=24170 34512 56 10205 2522 37 6531 5159 7273 1967 5608 41378 164 333 37 348 10931 307 55619 2705 924 87 551 1709
internal_value=0.000523283 -0.00294949 0.00561393 0.00804062 0.00154294 0.00401555 0.0013781 0.00389103 0.0269455 0.0312623 -0.00530184 -0.0171841 -0.0195085 -0.0281615 -0.000783095 0.0042868 0.0711312 -0.00120136 -0.00159954 0.0160334 -0.00124421 0.0163116 0.02233
internal_weight=25744.3 5843.23 1259.22 1202.09 19901.1 9646.6 888.84 844.625 313.249 296.649 4584.02 472.782 460.658 337.814 10254.5 122.844 12.1241 10009.6 9783.55 226.033 9678.36 244.909 216.412
internal_count=213133 120452 32790 22585 92681 30701 14954 9795 7631 7575 87662 53150 52679 41415 61980 11264 471 59683 58411 1272 55706 2297 1746
is_linear=0
shrinkage=0.0409094


Tree=155
num_leaves=24
num_cat=0
split_feature=1 3 1 11 6 8 5 0 10 0 11 3 18 3 3 0 13 1 3 3 8 10 6
split_gain=55.4672 87.3312 84.972 77.6432 53.793 49.9941 79.7376 55.6824 57.3603 79.6341 51.0975 45.3997 44.0157 88.3945 78.9656 80.4413 63.0411 59.6229 53.4985 223.473 100.668 53.1238 46.0384
threshold=-0.092586704656732202 -0.082482041442634754 0.077709346510362487 -0.002166143139229098 -1.0631789755419392 -0.05448428596331658 -0.011345298448437718 0.0013721663580680955 -0.0061128583809966766 -2.8050077639472424e-05 -0.0021661431969176837 -0.097181966055961716 -0.78956259608653456 -0.097197621493632688 -0.046028149690776669 -0.0026391143486268597 -0.56201538458990052 -0.12760730124143679 -0.094473170534227782 -0.094361266434194582 0.61702814442998799 -0.0061096771599471059 -0.080362253509443052
decision_type=2 2 2 2 2 2 2 2 2 2 2 2 2 2 2 2 2 2 2 2 2 2 2
left_child=5 -2 3 -3 -4 6 7 8 10 -10 -1 -8 13 17 15 22 -17 -7 20 -20 -15 -19 -14
right_child=1 2 4 -5 -6 12 11 -9 9 -11 -12 -13 14 18 -16 16 -18 21 19 -21 -22 -23 -24
leaf_value=0.052686306149469231 -0.025289493663881456 -0.036458835436100505 0.026562869478669589 0.032008497910251683 -0.029945459649283267 0.013042576058061365 -0.0080674317528372057 -0.034656229961087207 0.0039067497588601979 0.041195020985353166 -0.001948056860518262 -0.048697095861824878 0.026555304692667921 -1.7027625646889075e-05 -0.038275168179950213 -0.036674132384321476 0.0060848831763034589 0.0036634544008443933 0.29388272767419138 0.0034222420808259473 -0.015944291538391352 -0.011344360243292197 0.10460556095209578
leaf_weight=28.735885665286332 351.5419033721555 33.080849657650106 35.60646215477027 171.02943805675022 135.41806778154569 1041.9766093781218 94.784780565649271 80.14691703801509 1982.6445196019486 100.72140632243827 9508.2088002613746 89.47634929639753 192.12236729823053 1546.7785148468101 66.216536364052445 58.58689415617846 3834.3353278766153 3902.7701227329671 4.4566648968029758 834.73389990406577 1163.8416734677739 439.14638507924974 13.53920699097216
leaf_count=180 23949 3605 355 9473 21457 5389 246 4772 7647 829 53629 6484 427 8054 1832 464 24395 9740 102 22017 6903 1165 19
internal_value=0.000502194 -0.0106393 0.00308945 0.0209118 -0.0181807 0.000826263 -0.00109495 -0.000674437 -0.000440059 0.00570947 -0.00178344 -0.027797 0.00256944 0.000950252 0.00604268 0.00675868 0.00544138 0.00425451 -0.00406122 0.00496478 -0.00685562 0.00214555 0.0316935
internal_weight=25709.9 726.677 375.135 204.11 171.025 24983.2 11884.7 11700.5 11620.3 2083.37 9536.94 184.261 13098.5 8933.7 4164.8 4098.58 3892.92 5383.89 3549.81 839.191 2710.62 4341.92 205.662
internal_count=213133 58839 34890 13078 21812 154294 73787 67057 62285 8476 53809 6730 80507 53370 27137 25305 24859 16294 37076 22119 14957 10905 446
is_linear=0
shrinkage=0.0409094


Tree=156
num_leaves=24
num_cat=0
split_feature=2 6 17 17 2 0 0 2 9 5 17 2 14 0 14 9 6 0 10 5 6 10 20
split_gain=56.0109 57.0937 54.3807 188.624 74.0569 47.2996 46.7546 70.4809 69.1253 63.6569 43.6402 42.2211 64.2576 103.886 71.8053 40.0081 42.0212 37.2293 39.0475 36.9377 36.759 36.4313 34.4287
threshold=-0.47279222656252756 -0.094159630088816018 -1.1536711108706561 -1.1325239078356302 -0.5455652738709641 -0.0079817216099404512 -6.51272440177625e-05 -0.5193628012656385 -0.0035525848621130065 -0.011343213695191041 -0.38732782951001937 1.0000000180025095e-35 -0.0067385524247615602 -4.777974026194034e-05 -0.0067385546843319955 -0.0035525640520947051 -0.09861137341634299 -0.00094463797185788346 -0.0061197910607250945 -0.011344365173990151 -0.13518266674511981 -0.006119350758754148 4.4169752808454321
decision_type=2 2 2 2 2 2 2 2 2 2 2 2 2 2 2 2 2 2 2 2 2 2 2
left_child=2 5 19 4 -4 15 7 10 -8 -10 -5 12 14 -14 -7 16 -2 18 -6 -1 -13 -22 -9
right_child=1 -3 3 6 17 11 8 22 9 -11 -12 20 13 -15 -16 -17 -18 -19 -20 -21 21 -23 -24
leaf_value=0.0086608363174191048 0.022087413684933506 -0.020465062668721685 -0.0059121397519323387 0.00025750633253648946 0.035418016945396452 -0.001635807337640053 -0.0010437654182867957 -0.00027660465121498516 0.051963175701314715 -0.036407417277007352 0.011555114761882151 -0.045904442387825053 0.0024075459825900073 0.05288345332838873 -0.010891474219365573 -0.027412500635105891 0.091099782116881564 -0.047006894651790497 -0.037532832936451758 -0.041141547607296762 -0.0010451632394024048 0.0074692903616523634 0.086738203503682595
leaf_weight=2169.693806944415 93.509467384777963 264.87024009140441 196.90289381612092 752.01842221617699 20.658634077757597 4833.5859722297173 5808.9978102998575 2825.1621840153821 72.235462285461836 16.818119195057079 2393.2716377368197 26.420998467016034 385.5122904292075 82.916781437583268 1976.3297777561238 21.989851324120536 17.534843840636313 205.88070191419683 30.274680677801371 25.213550024200231 2000.9670573853655 1450.8070624247193 7.6304867961443952
leaf_count=8795 378 55478 849 3242 55 28817 26729 9642 1134 1093 10319 2847 2474 1909 27130 293 65 1857 227 459 20088 9229 24
internal_value=0.000481595 -0.00169862 0.00215591 0.00109978 -0.0247876 -0.00124216 0.00208878 0.00463837 -0.00049541 0.035274 0.00885393 -0.001542 -0.00331379 0.0113423 -0.00432193 0.0230017 0.0329851 -0.0392596 -0.00794385 0.00808874 0.00216558 0.00253353 -4.22192e-05
internal_weight=25679.2 11154.4 14524.8 12329.9 453.717 10889.6 11876.1 5978.08 5898.05 89.0536 3145.29 10756.5 7278.34 468.429 6809.92 133.034 111.044 256.814 50.9333 2194.91 3478.2 3451.77 2832.79
internal_count=213133 148708 64425 55171 2988 93230 52183 23227 28956 2227 13561 92494 60330 4383 55947 736 443 2139 282 9254 32164 29317 9666
is_linear=0
shrinkage=0.0409094


Tree=157
num_leaves=24
num_cat=0
split_feature=0 10 15 14 14 16 14 10 15 10 5 15 8 17 7 14 4 17 10 20 15 0 14
split_gain=48.8915 63.3619 91.7541 85.8032 97.5724 58.9291 68.1474 74.695 56.6976 56.3274 54.8364 59.9184 50.7241 45.4814 43.0837 52.2353 38.9552 54.3657 36.7995 36.761 35.3231 34.4168 34.3463
threshold=-5.6909761363314598e-05 -0.0061142827409018906 -0.092422807613740235 -0.0067385077800328147 -0.0067385051598221743 -0.60313179907539061 -0.0067384434090675223 -0.0061205638350319514 0.28343982874400292 -0.0061190959954705087 -0.011346443077275158 -0.079859390333361494 1.8318978511637547 1.6143208717344211 -0.51963850798029909 -0.0067385557994869023 4.970513475860991 1.2066378532374149 -0.0061188230940954986 0.43480838347691103 -0.090219463837781316 -4.2282221554531267e-06 -0.0067385557691425502
decision_type=2 2 2 2 2 2 2 2 2 2 2 2 2 2 2 2 2 2 2 2 2 2 2
left_child=14 2 5 19 -5 9 -7 -8 10 -2 11 13 -13 -3 15 -1 22 -18 -6 20 -4 -11 -16
right_child=1 8 3 4 18 6 7 -9 -10 21 -12 12 -14 -15 16 -17 17 -19 -20 -21 -22 -23 -24
leaf_value=-0.0075076572197864174 -0.017861135778933394 0.006815236300206565 -0.016986199592839889 0.081351653202004784 -0.012901057681674263 0.0016583127628192645 -0.016088543990478692 0.092275717751403169 -0.046187157543154785 0.019739771107385898 -0.044878761188061431 0.029599050182747211 0.1277936849760925 -0.053185111807879278 0.019270877366014912 0.0024585344049742716 -0.077456094999738032 0.054124468860639499 0.024593580179532323 -0.049661540250005035 0.0016723889576896599 -0.047792690758068891 -0.0062019576920993944
leaf_weight=926.77350731077604 493.434555956861 1070.987954108743 1305.7595663800021 29.15804280876182 118.78149740240769 2131.3517105517676 16.90095434198156 28.761877076351084 34.761131778999697 116.02891338022891 33.416050019790418 79.301321156090125 9.9036059833597374 21.56909314414952 95.186140242265537 17491.686755827628 25.310236148536209 6.6322376150637856 69.404782759665977 51.6498467780184 195.18657806079136 14.172306948632466 1277.8279443746433
leaf_count=3968 4154 16161 40336 106 8569 15573 284 79 4565 501 7612 3734 202 516 280 77458 141 10 2866 6360 8201 633 10824
internal_value=0.000462401 -0.00283412 -0.00506622 -0.0123574 0.0117167 -0.000458355 0.00271774 0.0521674 0.0053279 -0.0115456 0.00680153 0.00826287 0.0405007 0.00563072 0.00143032 0.00195706 -0.00547503 -0.0501359 0.0009273 -0.0157275 -0.0145598 0.0123889 -0.00443602
internal_weight=25643.9 5820.53 4570.59 1769.94 217.344 2800.65 2177.01 45.6628 1249.94 623.636 1215.18 1181.76 89.2049 1092.56 19823.4 18418.5 1404.96 31.9425 188.186 1552.6 1500.95 130.201 1373.01
internal_count=213133 120452 87662 66438 11541 21224 15936 363 32790 5288 28225 20613 3936 16677 92681 81426 11255 151 11435 54897 48537 1134 11104
is_linear=0
shrinkage=0.0409094


Tree=158
num_leaves=24
num_cat=0
split_feature=2 3 3 2 6 3 13 11 2 0 11 3 6 14 6 12 18 5 9 3 3 0 18
split_gain=51.4865 85.4512 142.84 92.5454 60.4852 102.342 109.906 78.5232 58.2657 88.8382 114.066 67.8575 116.925 70.985 58.1976 50.57 50.1573 45.4169 51.9954 62.2443 57.7603 87.1853 81.2108
threshold=-0.44070562128338414 -0.092466807580416935 -0.092625991859514603 -0.32829896836400968 -0.22320077269151203 -0.090099062260298415 -0.49542733539140543 -0.0021661430532367494 1.0000000180025095e-35 -0.00073202372971293856 -0.0021661431807594683 -0.096854111651248562 -0.098029503899950854 -0.0067385557640851591 -0.09856980305454717 -1.0466325251596602 -0.79001096759431289 -0.011342283873307194 -0.0035525871798833351 -0.097205963656663161 -0.097181966055961716 -6.2087709044346894e-05 -0.78993629837080936
decision_type=2 2 2 2 2 2 2 2 2 2 2 2 2 2 2 2 2 2 2 2 2 2 2
left_child=17 2 8 4 5 6 -3 -7 9 10 -2 12 -10 -13 16 -11 -4 18 20 -20 21 -1 -23
right_child=1 3 14 -5 -6 7 -8 -9 11 15 -12 13 -14 -15 -16 -17 -18 -19 19 -21 -22 22 -24
leaf_value=0.0092942376557612703 0.13386500071255741 0.36178141185458967 0.066709901121258311 -0.040569499326192346 -0.015489795185877868 0.031712490181785624 0.052762436713411895 -0.026854640843071435 0.0028928739045839631 -0.020066752398205569 0.011533737222466776 0.038310235759739401 0.10592994543074957 -0.042307117443094226 -0.017148576394427295 -0.0048649511420704623 0.019762140006768784 -0.021053339909986556 -0.10831152461113781 0.014370913426294474 -0.00074471416709308823 -0.006507652381587006 0.0050640475864047133
leaf_weight=3158.7866782750934 13.391015693079678 2.7765099932439625 82.509912484558299 182.89285386464326 417.5147756539518 87.278785914648324 6.2893601222895068 68.288014367222786 3194.0005634019617 407.21085702313576 269.16458154981956 22.37149682501331 18.538667804561555 99.925887509249151 30.137263283017091 3638.7190501716686 70.733951888745651 144.94785467383917 6.9939770326018325 665.07447598688304 8847.865960296127 1727.1310261338949 2461.6733907833695
leaf_count=13766 75 22 285 43549 31169 877 50 1126 8988 3138 2190 394 85 6631 389 24108 314 3809 31 7032 52101 4631 8373
internal_value=0.000443701 -0.0021337 -0.000861271 -0.0151845 -0.00720936 0.0137901 0.147402 0.00600371 -0.00171511 -0.00484616 0.0173313 0.00234888 0.00348747 -0.02756 0.0348197 -0.00639497 0.0450399 0.00174839 0.00194433 0.0130942 0.00148164 0.00416259 0.000292795
internal_weight=25624.2 8611.74 7846.7 765.04 582.147 164.633 9.06587 155.567 7663.32 4328.49 282.556 3334.84 3212.54 122.297 183.381 4045.93 153.244 17012.5 16867.5 672.068 16195.5 7347.59 4188.8
internal_count=213133 123390 46597 76793 33244 2075 72 2003 45609 29511 2265 16098 9073 7025 988 27246 599 89743 85934 7063 78871 26770 13004
is_linear=0
shrinkage=0.0409094


Tree=159
num_leaves=24
num_cat=0
split_feature=1 3 1 10 10 11 2 15 3 15 16 10 3 1 15 1 15 1 3 10 8 3 11
split_gain=51.482 71.9441 66.7354 46.7687 124.741 46.639 46.4741 52.0662 44.8518 116.661 44.0534 61.8364 47.1506 43.8154 42.2616 69.5406 66.7763 40.3963 37.5814 60.5619 44.7165 37.1407 36.4156
threshold=-0.051096417563970042 -0.063666383668034288 0.15008643717290079 -0.0061082449768495506 -0.0061078553955898228 -0.0021661243456221261 -0.54355888696969057 0.35484464804184035 -0.062592205120903285 0.28343982874400292 -0.63976573815783955 -0.0061217145467055804 -0.096935025833587971 -0.1274333132199679 -0.09241731017841677 -0.014013885048052063 -0.087045051918762231 -0.020804616684504642 -0.09722035640741887 -0.0061221676195588109 -0.3570281895351361 0.096378470071722663 -0.0021661407220119342
decision_type=2 2 2 2 2 2 2 2 2 2 2 2 2 2 2 2 2 2 2 2 2 2 2
left_child=6 3 14 5 -5 -2 13 10 9 -4 11 -8 -13 -1 15 17 21 -3 20 -20 -15 -16 -22
right_child=1 2 8 4 -6 -7 7 -9 -10 -11 -12 12 -14 18 16 -17 -18 -19 19 -21 22 -23 -24
leaf_value=0.0071914365294648832 -0.042389907191286727 0.058014988479917068 -0.041780643942702325 0.1672813050336005 -0.04323863772990956 0.17065414459252393 -0.041363961949821289 -0.035817496255851726 -0.021392429069996621 0.71887396715955798 0.00027333586031138397 0.00096861489841347168 -0.02161665850950114 -0.016520684607551562 -0.033426378085535363 0.0071757840752904129 0.068226455626267446 0.24135964262461326 -0.056489828813727196 0.0061555469035044393 0.0017513379870695662 0.059089814937487384 -0.085739838691819573
leaf_weight=3099.3342674924061 162.7974943825393 3.2821764990221709 1.0629432175774116 6.908396401791836 14.806130175013093 1.7380752053577442 89.737912482523825 68.676574500161223 110.2855692213052 0.49439105519559223 18940.453060264699 543.83625474013388 216.19547882169718 407.42871927842498 35.936232003150508 9.0230052924598549 25.396216195542365 5.1936104956548679 26.421368673443794 1147.3757524937391 656.82603842206299 9.1012770797824469 8.0593880843371135
leaf_count=16826 20025 84 183 104 1077 73 1507 3441 14995 2 136835 1436 4024 1307 3803 430 1898 21 271 2691 1733 332 35
internal_value=0.000425419 -0.0144012 0.00265136 -0.0326921 0.0237375 -0.0401394 0.000652502 -0.000258891 -0.0183139 0.199697 -0.000135495 -0.00924788 -0.0054559 0.00403842 0.0293175 0.0862168 0.0151812 0.170361 -0.000312318 0.00474544 -0.00584874 -0.0147305 0.000690816
internal_weight=25590.4 386.026 199.775 186.25 21.7145 164.536 25204.3 19858.9 111.843 1.55733 19790.2 849.77 760.032 5345.45 87.9325 17.4988 70.4337 8.47579 2246.11 1173.8 1072.31 45.0375 664.885
internal_count=213133 43027 21748 21279 1181 20098 170106 147243 15180 185 143802 6967 5460 22863 6568 535 6033 105 6037 2962 3075 4135 1768
is_linear=0
shrinkage=0.0409094


Tree=160
num_leaves=24
num_cat=0
split_feature=1 3 14 14 14 4 9 3 3 16 13 15 3 0 3 3 0 16 7 0 1 3 4
split_gain=48.5811 138.938 74.9943 59.8174 59.56 57.3554 56.0238 54.3188 61.1594 50.5223 50.3616 79.0491 134.642 69.3711 53.8732 144.84 119.862 97.3024 92.1831 74.8469 50.2475 91.3767 58.4811
threshold=-0.1281480550756485 -0.097058450195993032 -0.0067385077800328147 -0.0067378487609322238 -0.0067385557994869023 -0.16458673060116605 -0.0035516382818619658 -0.096534968279191349 -0.097204151223134985 -0.61261890342435554 -0.36350912824112686 -0.092236368239512243 -0.096053596209311184 -0.00030798274604697614 -0.094706093103106279 -0.096700266317235953 -0.00094463797185788346 0.83233567040022705 -0.51963850798029876 -0.00011655146233089827 -0.13327061136021487 -0.095557165670893909 1.9019779866336044
decision_type=2 2 2 2 2 2 2 2 2 2 2 2 2 2 2 2 2 2 2 2 2 2 2
left_child=1 6 20 -4 5 -2 -1 8 -7 -9 14 -12 13 -13 15 19 -17 18 -16 -6 21 -3 -22
right_child=4 2 3 -5 10 7 -8 9 -10 -11 11 12 -14 -15 17 16 -18 -19 -20 -21 22 -23 -24
leaf_value=0.011736396876628918 -0.023534545796137632 0.015156199250642755 0.024304415841176874 -0.028811740018738943 0.0064332292412555897 0.00041340800551862314 -0.041726748105818952 0.065263196542459462 -0.031067086171849768 0.0035654851364117397 -0.027692898624376107 0.06331429225796148 -0.024610362718948831 -0.0045400224634664418 0.0055129530462974452 0.016096018169527646 -0.019656302670089124 0.022726910891777932 -0.020222084337253046 -0.00091836870035236955 -0.0081036602066893101 -0.005155816060713512 -0.072003681599658712
leaf_weight=2454.5025235656649 355.42023840395268 538.1094681750983 273.63769024121575 40.769661754136905 2897.6022844929248 378.88157062139362 33.24705283343792 34.078813097556122 141.98809459991753 63.789278876734897 273.39531571377302 67.895576297305524 121.92889537446899 40.113232547417283 1688.5400556686218 185.31707014050335 1024.665407530847 467.91705983050633 270.2201374215656 11580.774089076323 1411.3584861785639 1191.1385568084661 24.383668836206198
leaf_count=10724 3081 1253 1557 593 8860 1008 112 134 622 622 14289 164 23704 813 39182 969 17562 11544 21251 40344 4761 9884 100
internal_value=0.000407688 0.00363946 -0.00163894 0.0174168 -0.000576589 -0.0104374 0.0110219 -0.00291398 -0.00816812 0.0250493 -6.06491e-05 -0.0128249 0.00485319 0.038114 0.000294009 -0.00058341 -0.0141806 0.00596649 0.00196268 0.000552929 -0.00353192 0.0011649 -0.00918889
internal_weight=25559.7 5967.15 3479.4 314.407 19592.5 974.158 2487.75 618.738 520.87 97.8681 18618.4 503.333 229.938 108.009 18115 15688.4 1209.98 2426.68 1958.76 14478.4 3164.99 1729.25 1435.74
internal_count=213133 28984 18148 2150 184149 5467 10836 2386 1630 756 178682 38970 24681 977 139712 67735 18531 71977 60433 49204 15998 11137 4861
is_linear=0
shrinkage=0.0409094


Tree=161
num_leaves=24
num_cat=0
split_feature=1 3 1 3 18 10 2 3 15 16 14 11 11 10 11 11 1 3 15 3 0 11 3
split_gain=48.7094 67.0648 82.9195 51.7139 63.6191 43.6832 43.5009 108.499 57.1209 54.6635 103.73 62.5339 60.8756 67.4479 53.7548 52.6242 52.6189 185.633 92.8843 62.5415 70.1027 51.1148 52.3649
threshold=-0.048816893328982203 -0.056703758354421478 0.30189921067978515 -0.052560585675985684 0.13994195058136452 -0.0061176134987301744 -0.4310934952324959 -0.046028149690776669 -0.091801305847533474 1.824666782371104 -0.0067385557640851591 -0.0021661431969154129 -0.0021661431857800798 -0.0061218145708624517 -0.002166107989237929 -0.0021661431764513814 -0.12616417885147077 -0.088715414409644436 -0.092450325965006144 -0.097219182741577773 -7.08837148516483e-05 -0.002166143195070983 0.14311482791178406
decision_type=2 2 2 2 2 2 2 2 2 2 2 2 2 2 2 2 2 2 2 2 2 2 2
left_child=6 -2 3 5 -5 -3 8 9 16 12 -11 -12 13 -8 21 -14 19 18 -18 -1 -21 -10 -23
right_child=1 2 -4 4 -6 -7 7 -9 14 10 11 -13 15 -15 -16 -17 17 -19 -20 20 -22 22 -24
leaf_value=0.0082806867760448315 -0.031141805462321436 0.1338291166323034 -0.030835572302441154 0.044353586771433064 -0.025043520632907698 0.0060457551620729296 -0.045664919500685699 -0.038468353936813089 -0.045135142876552625 -0.027026163391849736 0.12995192492396876 0.016011070726410025 0.017698480903765169 -0.0032409963736369225 -0.10040308089992563 -0.0022316224374756772 5.1775965683382378e-05 0.037243302063094411 -0.013183880366310102 0.0037860179398589615 -0.0035842969230648739 0.0098181701888459469 -0.04871166277383758
leaf_weight=2314.4358027102426 191.72807914827717 12.191839134844487 70.608129477768671 48.935008171771187 40.327419345034286 7.07570021750871 112.16964791790815 133.55249559727963 29.48092335567344 103.59976411075331 8.1905557154677791 510.66981087054592 229.3765346473665 142.26176880620187 7.6316291610710314 6646.0409334959113 2232.395787165151 180.79428431519773 1472.7649084093282 5212.031272332184 3688.0347971476149 2098.6686315722764 25.897531303577125
leaf_count=10198 23033 270 11134 1557 5888 553 5088 18674 284 846 33 4919 4900 5443 50 52238 9879 2910 13381 16668 13311 11344 532
internal_value=0.00039159 -0.0143262 0.00367125 0.0261209 0.013001 0.0869027 0.000608638 -0.00190871 0.00175864 -0.00127888 0.0103474 0.0178097 -0.0022939 -0.0219442 0.00797839 -0.00156672 0.000868262 -0.00323416 -0.00520927 0.0022898 0.000731886 0.00836237 0.00910472
internal_weight=25518.9 370.866 179.138 108.53 89.2624 19.2675 25148 7885.86 17262.1 7752.31 622.46 518.86 7129.85 254.431 2161.68 6875.42 15100.5 3885.95 3705.16 11214.5 8900.07 2154.05 2124.57
internal_count=213133 42435 19402 8268 7445 823 170698 92141 78557 73467 5798 4952 67669 10531 12210 57138 66347 26170 23260 40177 29979 12160 11876
is_linear=0
shrinkage=0.0409094


Tree=162
num_leaves=24
num_cat=0
split_feature=1 3 1 11 2 15 6 2 8 1 11 7 11 13 13 11 1 2 11 2 3 15 15
split_gain=46.1433 80.3444 71.1875 67.3965 49.8376 48.6656 46.2462 45.0965 43.064 50.2874 48.2563 47.9761 69.7313 70.6297 66.0245 43.5793 59.3932 67.0449 42.4031 145.066 90.66 45.1673 183.215
threshold=-0.092586704656732202 -0.082482041442634754 0.077709346510362487 -0.002166143139229098 -0.40894925728290482 -0.092397668621677823 -1.0631789755419392 -0.41393143365069046 -0.05448428596331658 -0.11247173669722622 -0.0021661431969176837 1.925073992566168 -0.0021661431368667386 -0.46573814817690423 -0.44769495202741988 -0.0021661404153898414 -0.12804350110149518 -0.37153724158811613 -0.0021661431853760987 -0.40756460858803972 -0.094592112137363307 -0.091958293431019481 -0.09194488833215432
decision_type=2 2 2 2 2 2 2 2 2 2 2 2 2 2 2 2 2 2 2 2 2 2 2
left_child=8 18 3 -3 5 -5 7 -4 9 11 -11 -1 14 -14 -13 -10 -17 -18 19 -2 -21 -20 -23
right_child=1 2 6 4 -6 -7 -8 -9 15 10 -12 12 13 -15 -16 16 17 -19 21 20 -22 22 -24
leaf_value=-3.9012746575737709e-06 -0.04250365652601356 -0.036222631652190161 -0.051261835463404792 0.086210913628668409 -0.018640120426290215 0.027103552136847588 -0.028866379630385897 0.052148999041735429 0.0025586214708593537 0.1082276913481318 -0.024592498185106754 0.002766470831697794 -0.050284726870206263 -0.0059581500652216776 -0.031912903642174119 0.0077490088777668591 -0.070503117582399674 0.0049261770175999193 -0.03790928796272533 0.29899647538568208 -0.041463607020270889 0.29418906225672209 -0.015056231961605715
leaf_weight=10695.960423847719 13.226352173835041 31.205166376836132 9.7000307205598784 29.203610529890284 30.336647006683052 115.56030266534071 125.04340922541451 25.907491597346961 12818.01170791086 4.6880134879611424 195.00587836839259 554.62848784984089 123.39063721103594 117.39720351289725 110.11927197949262 73.897375331260264 53.066872671246529 31.384463505935855 224.61175277887378 4.3638957639923319 1.8698348437319499 3.3273598559899247 88.10454629646847
leaf_count=46676 1285 3605 178 513 4541 4419 21457 177 79636 23 6375 8051 2031 4441 6190 433 251 187 15230 88 429 117 6800
internal_value=0.000375551 -0.00996386 0.00326526 0.0191655 0.0290364 0.0390274 -0.0171536 0.0239783 0.00066868 -0.00111972 -0.0214744 -0.00076936 -0.00981076 -0.0286731 -0.00297837 0.00229512 -0.0190348 -0.0424715 -0.0244332 0.0341772 0.196874 -0.0280421 -0.00380228
internal_weight=25480 702.46 366.957 206.306 175.101 144.764 160.651 35.6075 24777.6 11801.2 199.694 11601.5 905.536 240.788 664.748 12976.4 158.349 84.4513 335.504 19.4601 6.23373 316.044 91.4319
internal_count=213133 58839 34890 13078 9473 4932 21812 355 154294 73787 6398 67389 20713 6472 14241 80507 871 438 23949 1802 517 22147 6917
is_linear=0
shrinkage=0.0409094


Tree=163
num_leaves=24
num_cat=0
split_feature=5 6 6 15 4 10 0 11 15 2 0 13 6 12 2 11 6 11 10 10 15 10 4
split_gain=41.746 47.756 55.3842 47.886 54.7264 59.0694 57.3284 51.7314 44.0724 42.562 66.1762 37.8807 47.6837 73.2335 68.9641 45.5532 75.387 40.1511 36.5644 34.4507 54.1719 37.1619 48.1747
threshold=-0.011346323502618622 -0.098709166677954666 -0.098897230448946188 -0.092469278011871867 -0.25852149047547374 -0.0061215349781266583 -0.0022527254509746414 -0.0021661430304877236 -0.092328729859707317 -0.50969776311373272 -6.4477164346688222e-05 -0.39702925119532689 -0.19760049415862774 -0.75283490106864981 -0.37549979718427678 -0.0021661428968357704 -0.11673353064208848 -0.0021661431622927887 -0.0061221853354106763 -0.0061205389599915203 -0.092466485130124718 -0.0061205081408702115 -0.35245625034978151
decision_type=2 2 2 2 2 2 2 2 2 2 2 2 2 2 2 2 2 2 2 2 2 2 2
left_child=9 2 3 7 6 -6 -5 -2 -3 10 -1 12 13 -11 -15 17 -17 -14 -12 20 -13 -21 -23
right_child=1 8 -4 4 5 -7 -8 -9 -10 11 18 19 15 14 -16 16 -18 -19 -20 21 -22 22 -24
leaf_value=0.0062908176860900647 -0.045623530204503153 -0.058938886599312103 0.046041234690494558 0.033452631345162985 -0.069130009499028963 0.0065925706984622323 -0.056817613289571946 0.020599835060916016 -0.012176100538335597 -0.024561390900846514 -0.034156485118108544 -0.0024321571465131266 0.0024454278730038493 0.023155549687937611 -0.048714636137041058 0.036166403595964847 0.0032243287085269947 -0.0029615274714724707 -1.3612204794822972e-05 0.084074934157874218 -0.046573866321332834 -0.042754916121420156 -0.0013108867019897728
leaf_weight=4639.1217930885032 88.949164792662486 55.166135701874737 34.793034526519477 15.263500765897332 17.965757493744604 427.27091758081224 51.502342843916267 25.372592248255387 86.802483402134385 76.407069760374725 53.004043140215799 90.11795939237345 3097.9659820917295 389.65240322239697 23.703874817467295 128.44827309902757 1225.5329619104741 8906.2916154885897 5449.4206887620967 7.7995503566926336 96.195599466678686 52.86747299588751 418.64685875014402
leaf_count=18906 1287 3612 116 230 240 4014 3618 234 17900 1157 382 635 32343 2344 999 1058 7940 72056 20412 104 4808 5359 13379
internal_value=0.000359476 -0.00881939 -0.00419651 -0.00698727 -0.00164217 0.00353709 -0.0361807 -0.0309259 -0.0303472 0.000658457 0.00269182 -0.00076238 -0.000304168 0.0122329 0.0190342 -0.000763824 0.00634945 -0.00156614 -0.000342505 -0.0102952 -0.025223 -0.00449266 -0.0059577
internal_weight=25458.3 803.086 661.117 626.324 512.003 445.237 66.7658 114.322 141.969 24655.2 10141.5 14513.6 13848 489.763 413.356 13358.2 1353.98 12004.3 5502.42 665.627 186.314 479.314 471.514
internal_count=213133 31251 9739 9623 8102 4254 3848 1521 21512 181882 39700 142182 117897 4500 3343 113397 8998 104399 20794 24285 5443 18842 18738
is_linear=0
shrinkage=0.0409094


Tree=164
num_leaves=24
num_cat=0
split_feature=4 6 2 8 6 6 15 5 15 9 4 9 0 0 8 6 18 2 0 8 8 0 6
split_gain=40.044 49.899 65.298 48.8871 48.2036 44.5367 54.8729 45.4479 49.5222 44.5215 47.0161 44.4785 44.4695 43.38 43.131 46.0181 45.5132 62.0505 48.6909 44.3454 99.3801 49.6174 75.0589
threshold=-0.18024252391355064 -0.046440891652979377 -0.40629955432525167 1.7029067628396171 0.41683835044044049 -0.10281458626833147 -0.092479356286725448 -0.011346323502618622 -0.092444214816994094 -0.0035524749914049888 0.21115230889606493 -0.0035524715892004707 0.00016620706172801181 -5.3453157323851766e-05 0.10633660730620764 -0.093823368124031734 1.276100494932132 -0.50500189727534273 0.003044055014975617 0.61702814442998799 0.72930054732826621 -0.00022631214656508301 -0.10970493324107623
decision_type=2 2 2 2 2 2 2 2 2 2 2 2 2 2 2 2 2 2 2 2 2 2 2
left_child=14 3 4 5 9 6 -2 12 -9 10 -3 -11 -7 -8 15 -1 17 18 -17 -16 -21 -22 -23
right_child=1 2 -4 -5 -6 7 13 8 -10 11 -12 -13 -14 -15 19 16 -18 -19 -20 20 21 22 -24
leaf_value=-0.0042037343961023278 -0.011683553640796943 -0.027273337706282163 -0.041337155933522773 0.0090611348050250139 -0.046631198835776488 5.4312195253814999e-05 0.0047370625174077679 0.0017410136644246731 -0.036936718528940322 0.39569701517093714 0.073974428386013286 0.095611277589512628 -0.030471991554774112 0.021057857695952968 0.0057620084429767229 0.056213580357251061 -0.043913000499685086 -0.041964692681082535 -0.039142178786945848 -0.027516608908836823 0.010022545562802802 -0.028100523249526766 2.2071958716887111e-05
leaf_weight=3647.1693207139615 313.99784742668271 12.929293493507432 15.587212931422981 1248.0057255312568 7.3336844623554489 12636.948734965641 3025.2504994428018 104.36667148669949 118.08709566481411 0.85624199314043181 18.890578606980853 23.893869169463869 80.373587209382094 299.54120297648478 1733.0200831216644 32.272457575658336 99.451958536228631 36.87167495873291 12.407380013610235 246.33222928550094 578.74929833645001 190.77392277657054 948.62593810621183
leaf_count=35797 1693 1019 5450 4968 463 52856 14814 735 3287 15 157 769 6161 3507 23910 146 14756 11357 262 3342 5343 3279 19047
internal_value=0.000344747 0.00139714 0.0337375 0.00125293 0.0520495 0.000665138 0.00466361 -0.00045927 -0.0187906 0.0648423 0.0328347 0.105993 -0.000138614 0.00620746 -0.00215923 -0.00520295 -0.0253368 -0.00268309 0.0297337 0.000992043 -0.00321591 0.000268098 -0.0046866
internal_weight=25431.7 17906.1 79.4909 17826.6 63.9037 16578.6 3638.79 12939.8 222.454 56.57 31.8199 24.7501 12717.3 3324.79 7525.67 3828.17 181.003 81.5515 44.6798 3697.5 1964.48 1718.15 1139.4
internal_count=213133 95894 7873 88021 2423 83053 20014 63039 4022 1960 1176 784 59017 18321 117239 62318 26521 11765 408 54921 31011 27669 22326
is_linear=0
shrinkage=0.0409094


Tree=165
num_leaves=24
num_cat=0
split_feature=2 9 3 13 13 15 10 3 10 3 3 18 2 15 13 10 9 17 8 7 15 15 10
split_gain=39.571 44.4859 35.1297 36.5578 52.0213 34.4641 92.7314 75.441 86.1642 56.4156 56.2083 107.61 79.9288 54.1111 47.8148 25.6397 25.1541 23.3709 22.4549 36.9732 135.931 23.8717 19.4234
threshold=-0.54355888696969057 -0.0035525887256081566 0.29586117426496533 -0.49567237028853328 -0.49591716528085933 -0.091801305847533474 -0.0061218349907763399 0.25288055317876634 -0.0060020414563983797 -0.09719997090468592 -0.090099062260298415 1.2897844867647124 -0.4310934952324959 -0.09233903644301629 -0.55872712541328962 -0.0061221853354106763 -0.0035525884866771176 -1.3154476921415872 1.6580235227348068 -0.51963850798029876 -0.09247906562897304 -0.092481993193352041 -0.0061220827734917143
decision_type=2 2 2 2 2 2 2 2 2 2 2 2 2 2 2 2 2 2 2 2 2 2 2
left_child=1 15 5 4 -4 7 22 9 -9 14 11 -8 -12 -11 -2 -1 -3 -18 19 21 -21 -17 -7
right_child=2 16 3 -5 -6 6 10 8 -10 13 12 -13 -14 -15 -16 18 17 -19 -20 20 -22 -23 -24
leaf_value=-0.023135421082972094 -0.0069364178706350409 -0.11733860039197072 -0.05087812120161795 -0.047103920346251202 0.082931732928728963 -0.015076466529763147 0.0031379993290565887 -0.048061613938251299 0.27335349670369569 -0.0011924483089184531 0.004561778711183114 0.025678896098543388 -0.027707995401508166 -0.0078450604061434167 0.002839591952123409 -0.014434868198832111 0.032365086815707225 -0.04152350547774742 0.01233218725195716 0.020830262519400993 -0.035275803944943507 0.0046740143338689488 -0.055000482239378548
leaf_weight=58.369446709752083 959.77910890616477 5.619701797142624 9.3608421452227049 51.858911693212576 10.118230822845362 35.169508973776828 1317.225114698871 2.3114932618918829 3.5237877453910178 7151.6081117915455 426.30159225937678 484.94319906336023 183.85894878022373 2866.2987647355767 6561.7630100026727 112.2737008430995 9.2103954292833787 32.247223544865847 504.40469621587545 128.18519777804613 165.66610551811755 4290.2505772216246 48.542999112978578
leaf_count=421 2346 31 1020 7039 149 1091 6743 191 22 55271 11442 5216 29588 51893 15488 504 22 167 2140 222 667 19151 2309
internal_value=0.00033037 0.00347287 -0.0004987 -0.0291555 0.0186282 -0.000396695 0.00410108 -0.00103656 0.146033 -0.00108549 0.00556997 0.0092035 -0.00516203 -0.00309588 0.00159213 0.00382727 -0.0361178 -0.0251081 0.00412988 0.00324892 -0.010801 0.0041867 -0.0382275
internal_weight=25418.9 5306.23 20112.7 71.338 19.4791 20041.3 2496.04 17545.3 5.83528 17539.4 2412.33 1802.17 610.161 10017.9 7521.54 5259.15 47.0773 41.4576 5200.78 4696.38 293.851 4402.52 83.7125
internal_count=213133 23325 189808 8208 1169 181600 56389 125211 213 124998 52989 11959 41030 107164 17834 23105 220 189 22684 20544 889 19655 3400
is_linear=0
shrinkage=0.0409094


Tree=166
num_leaves=24
num_cat=0
split_feature=1 15 16 15 11 1 8 6 16 11 7 15 4 15 2 7 10 4 2 10 10 4 11
split_gain=42.7265 61.3011 72.2136 56.2476 47.8296 50.6164 39.271 56.5626 40.5548 38.3307 83.0896 44.6219 107.696 58.2347 56.7826 52.3716 74.8851 50.1145 48.1995 42.8361 40.5905 62.001 67.6037
threshold=-0.051096417563970042 -0.090864395797424058 -0.50684150001546424 -0.090446512546993124 -0.0021661422735843555 -0.017535447846999126 0.94452147086809002 -0.18838453737870023 1.2818586779712138 -0.0021661430930432087 1.9250742839987212 -0.092480460541677564 -0.10196355735162756 -0.092481802335226085 -0.54355888696969057 -0.51963850798029909 -0.0061211927722334995 3.6554268376206829 -0.36959723541108913 -0.0061218787457139505 -0.0061221844583869483 1.1348441143267578 -0.0021661431969176837
decision_type=2 2 2 2 2 2 2 2 2 2 2 2 2 2 2 2 2 2 2 2 2 2 2
left_child=9 4 3 -3 6 -6 -2 8 -8 10 20 12 14 -14 -11 19 -17 -18 -15 -13 21 22 -1
right_child=1 2 -4 -5 5 -7 7 -9 -10 11 -12 15 13 18 -16 16 17 -19 -20 -21 -22 -23 -24
leaf_value=0.033810489012306967 -0.043327150767568781 0.097398920788234991 -0.029584262893979325 0.014372088543023839 0.14091641074904646 -0.041997019604228768 0.058447529521442332 -0.041848218405348261 -0.04364937413011951 0.00062698779703154262 -0.045836988332038885 0.021738853158932998 0.023816224589253386 0.004441544767540064 -0.036262138882555618 -0.052116418621525537 -0.00011224026825762431 -0.072891853879668539 -0.034592862153376321 0.0039509523879814818 -0.00011203936151745508 0.03757222715873975 -0.023365090139887419
leaf_weight=38.398197348462418 143.47394949803129 16.90002901153639 54.57182535744505 71.133426047104876 5.6799851707182825 4.5682120312121679 25.104257812141441 35.641844812722411 8.7914697435917315 101.97312081325799 67.763989116705488 234.09119310078677 186.25185250531649 200.4921380225569 221.57037839735858 60.828458558709826 366.62763365078717 16.548696033190936 71.936417634715326 7054.1833962447708 16009.185891963833 37.177839519456029 350.7678001075983
leaf_count=272 19431 557 8069 8441 29 947 239 5016 298 386 20196 617 554 592 1314 893 10024 73 263 31465 97441 141 5875
internal_value=0.000317013 -0.013562 0.00739042 0.030311 -0.0269452 0.0593814 -0.0310984 -0.00586745 0.0319669 0.000519983 -0.000630199 0.00274933 -0.00656188 0.00618693 -0.0246356 0.00369128 -0.00994939 -0.00325546 -0.00586573 0.00452228 -0.000443811 -0.0129018 -0.0177237
internal_weight=25383.7 365.865 142.605 88.0335 223.26 10.2482 213.012 69.5376 33.8957 25017.8 16503.3 8514.5 782.224 458.68 323.543 7732.28 444.005 383.176 272.429 7288.27 16435.5 426.344 389.166
internal_count=213133 43027 17067 8998 25960 976 24984 5553 537 170106 123925 46181 3109 1409 1700 43072 10990 10097 855 32082 103729 6288 6147
is_linear=0
shrinkage=0.0409094


Tree=167
num_leaves=24
num_cat=0
split_feature=1 10 1 4 0 10 2 14 11 16 0 2 16 14 10 14 1 4 0 11 14 17 14
split_gain=40.2099 54.0269 52.5467 54.6075 48.3927 53.1952 63.5542 47.5649 79.5524 46.1043 77.0801 47.121 44.2659 95.8161 54.2786 40.2217 44.2102 66.927 63.4349 44.0996 55.976 68.1163 48.629
threshold=-0.092586704656732202 -0.0061113310976047561 0.30189921067978515 -0.38376783697455075 -0.00065067519010052319 -0.0061201538984015846 -0.4511047846247988 -0.006738554987775508 -0.0021661431842110107 -0.5671224413033511 -0.0079817216099404512 -0.4965995805689476 2.3526631927321988 -0.0067385222088520774 -0.0061105369578980063 -0.0067385557994869023 -0.12727566014724442 0.64951452164283452 -0.0026391143486268597 -0.0021661430930432087 -0.0067385557691425502 0.95270142034014282 -0.0067349504427065268
decision_type=2 2 2 2 2 2 2 2 2 2 2 2 2 2 2 2 2 2 2 2 2 2 2
left_child=15 4 3 12 5 7 -7 8 -2 11 -11 -5 14 -14 -3 16 -1 18 -18 20 21 -17 -22
right_child=1 2 -4 9 -6 6 -8 -9 -10 10 -12 -13 13 -15 -16 19 17 -19 -20 -21 22 -23 -24
leaf_value=-0.00010345743810779259 0.19887302617156596 0.22477342451007781 -0.026597394175360743 0.11621697892137581 -0.029960096754787925 0.0057624750511110082 -0.043193580321904033 -0.0022834335765897309 0.031332253054701741 0.040508415655457881 -0.043681283172910139 0.014181404475003118 0.11442388990471657 0.75173544238709966 0.035598854322537204 0.014778546688642433 0.086729043194595665 0.010624775413103584 -0.026761754311870049 0.0034552185274471952 -0.00057832341130448759 0.22715827180462453 0.024667471581410513
leaf_weight=711.14633302087896 6.1029726900160339 2.7866200625430819 52.484973438666202 10.995959398103876 238.91184102720581 102.16218576766551 78.463237974327058 37.421008183155209 21.285736584104598 29.985000871121883 46.306731088319793 24.343803063849919 2.3465211199945775 0.47466670168796454 28.489475055539515 6.9180303541943413 8.4270612113177759 120.86735302722082 376.11853522615274 7837.1656498762895 15480.845205419697 3.98222123272717 128.75383906747447
leaf_count=2598 42 100 8986 108 36800 1528 3062 561 193 173 3941 1712 108 31 1494 37 28 265 2629 41123 106317 16 1281
internal_value=0.000303938 -0.00949082 0.00850074 0.0211415 -0.0168537 -0.00409559 -0.0155039 0.0276995 0.068665 0.00730129 -0.0105921 0.0459298 0.0664532 0.221652 0.0524538 0.000574889 -0.00667794 -0.0159286 -0.0242747 0.000951035 -0.000305372 0.0923679 -0.000370087
internal_weight=25356.8 682.561 198.214 145.729 484.347 245.435 180.625 64.8097 27.3887 111.631 76.2917 35.3398 34.0973 2.82119 31.2761 24674.2 1216.56 505.413 384.546 23457.7 15620.5 10.9003 15609.6
internal_count=213133 58839 16653 7667 42186 5386 4590 796 235 5934 4114 1820 1733 139 1594 154294 5520 2922 2657 148774 107651 53 107598
is_linear=0
shrinkage=0.0409094


Tree=168
num_leaves=24
num_cat=0
split_feature=12 6 6 15 16 18 8 15 8 18 15 10 4 15 18 6 6 6 6 15 20 13 4
split_gain=35.9652 46.6791 43.2656 43.4037 50.4962 35.4523 31.5131 30.9602 30.7546 40.7909 48.1794 36.3055 39.041 28.7962 32.8944 38.8911 37.9025 30.7108 134.824 112.541 40.2527 32.274 28.1438
threshold=0.087531606055083103 -0.098555517742535834 -0.098560835533871682 -0.092467931389309158 -0.62259179323697222 1.3002723841797119 -0.55263680901770196 0.35484464804184035 0.037275575970154837 1.300275125576148 -0.090560792270100374 -0.0061208358478953588 -0.33680045703739686 -0.092236368239512243 1.300275000967219 0.41683835044044049 -0.094720255501935705 -0.095973284694358285 -0.096184817018404964 -0.092470348035837355 -2.5559938067706551 -0.43407936636820516 -0.25852149047547374
decision_type=2 2 2 2 2 2 2 2 2 2 2 2 2 2 2 2 2 2 2 2 2 2 2
left_child=1 2 7 5 -5 6 -4 22 -2 -10 11 12 -11 17 15 16 -15 18 21 -20 -19 -3 -1
right_child=8 13 3 4 -6 -7 -8 -9 9 10 -12 -13 -14 14 -16 -17 -18 20 19 -21 -22 -23 -24
leaf_value=-0.0062319729235237086 -0.00037478176785556003 -0.010897948060687076 -0.0075847754197974184 -0.11712429657888376 -0.0046246085220740104 0.090874576785709635 0.020568666322397226 -0.043707780024736125 0.0036824399349520234 0.33831722311008633 0.14172326043401112 -0.042897763450793595 -0.042461936577710045 -0.016475505315795752 -0.040357247891439213 -0.043236824107799825 0.017553843690702713 0.07139849185441921 0.24165588847036176 0.0058428967740040069 -0.038925867339239466 -0.048913787886159681 -0.00014591530595006998
leaf_weight=1443.8687804526417 5229.5198833474424 473.89793950354215 83.144356083124876 7.1309826094657174 104.95823999331333 10.552370348479597 333.16115691419691 28.304182437248528 6437.6789698067587 0.98095521715003997 7.8200973321800111 6.698441196582281 0.83354432712076298 74.649652417807374 30.771141539502423 26.630248772911727 205.77975151897408 5.8191294902353539 6.3873723184224218 7.2106795557774586 113.2585654084105 40.573905334924348 10659.093435286777
leaf_count=17117 44768 3797 216 38 273 18 612 879 53130 15 202 613 74 2744 4245 4080 17000 335 35 163 11309 907 50563
internal_value=0.000290704 -0.00113494 -0.000468043 0.0108738 -0.0117817 0.0168229 0.0149459 -0.000971917 0.00195693 0.00384626 0.0684148 0.00107272 0.163395 -0.0097135 -3.22976e-05 0.00400876 0.00849531 -0.0147674 -0.0105355 0.116611 -0.0335345 -0.0138961 -0.000871975
internal_weight=25338.7 13655.2 12670.2 538.947 112.089 426.858 416.306 12131.3 11683.5 6454.01 16.333 8.51294 1.8145 984.978 337.831 307.06 280.429 647.148 528.07 13.5981 119.078 514.472 12103
internal_count=213133 114331 69716 1157 311 846 828 68559 98802 54034 904 702 89 44615 28069 23824 19744 16546 4902 198 11644 4704 67680
is_linear=0
shrinkage=0.0409094


Tree=169
num_leaves=24
num_cat=0
split_feature=1 15 16 15 14 15 1 4 0 6 7 14 6 2 2 6 7 16 19 16 2 1 19
split_gain=38.0557 58.1973 65.4429 45.8627 38.3877 44.387 42.687 62.4437 57.1946 45.2528 42.3259 122.854 52.5328 49.399 73.5138 53.8133 38.9239 48.0159 35.4562 31.8077 33.1561 32.5726 30.7509
threshold=-0.051096417563970042 -0.090864395797424058 -0.50684150001546424 -0.090446512546993124 -0.0067385557994869023 0.22999058821641716 -0.12727566014724442 -0.10196355735162756 -0.0026391143486268597 -0.09856980305454717 -0.51963850798029909 -0.0067385557691425502 -0.10013576454586202 0.25913888434822024 -0.4310934952324959 -0.09866606340717958 1.925073992566168 -0.61261890342435554 -0.77605619208525867 -0.51174698067783064 -0.35864144627557459 0.27320936303557825 -0.77605619080686006
decision_type=2 2 2 2 2 2 2 2 2 2 2 2 2 2 2 2 2 2 2 2 2 2 2
left_child=4 -2 3 18 6 10 -1 8 -8 -10 13 -12 -13 14 -6 -15 17 -9 -3 21 -21 -5 -18
right_child=1 2 -4 19 5 -7 7 16 9 -11 11 12 -14 15 -16 -17 22 -19 -20 20 -22 -23 -24
leaf_value=-0.00012079201770088911 -0.026574756916444224 -0.043559505456671727 -0.029026131087165383 0.022003839104896897 0.0021845411050671129 -0.026397315889232109 0.091636916092836876 0.027839474489330277 -0.04241826863485508 0.0070325834306215751 0.21717259166446023 -0.027222537582749045 -0.0032671910091311039 0.017183573048805297 -0.0038790777660130142 0.0019809363829554416 -0.02187630226924937 -0.020066690953684123 0.11234554381220881 0.05348907577263546 0.28644565249965537 -0.04342304834154391 0.045068393807471081
leaf_weight=710.84925485402346 212.53864720126148 2.9145773776690502 52.376340410497505 41.804778518271632 15909.97987496003 99.777338797692209 6.1848424929194143 43.862685001222417 191.90255966421682 36.930180854396895 4.1601821691729119 168.03548322035931 1735.8389903618954 672.93898964696564 4237.4104843805544 925.7124875819427 15.676762128656263 173.57734640641138 15.033525566861497 10.062784572772214 1.1381379956146691 18.313249753555283 42.930732671928126
leaf_count=2598 25960 348 8069 4191 72995 4086 22 128 1406 709 21 7705 35328 1492 39853 2761 101 766 209 555 127 3568 135
internal_value=0.000278435 -0.0130372 0.00727617 0.0285761 0.000467264 0.000831023 -0.00660415 -0.015622 -0.0311198 -0.0344376 0.000945877 -0.00489624 -0.00538148 0.00145847 0.000909237 0.00838036 -0.00242762 -0.0104029 0.0870283 0.0138661 0.07716 0.0020734 0.0271615
internal_weight=25330 354.182 141.643 89.2671 24975.8 23753.9 1221.91 511.065 235.018 228.833 23654.1 1908.03 1903.87 21746 20147.4 1598.65 276.048 217.44 17.9481 71.319 11.2009 60.118 58.6075
internal_count=213133 43027 17067 8998 170106 164241 5865 3267 2137 2115 160155 43054 43033 117101 112848 4253 1130 894 557 8441 682 7759 236
is_linear=0
shrinkage=0.0409094


Tree=170
num_leaves=24
num_cat=0
split_feature=0 3 1 14 1 14 15 6 13 6 3 15 14 15 4 15 6 6 15 4 12 6 14
split_gain=36.7134 55.5561 137.744 55.1506 78.967 54.4616 58.8468 56.4243 52.9526 59.3147 83.0004 94.6355 51.9044 49.6264 48.471 46.4119 73.9958 71.3555 43.1187 41.0695 43.5505 41.2524 48.1936
threshold=-5.6909761363314598e-05 -0.09718566186629525 -0.12760730124143679 -0.0067385077800328147 -0.11924686526201085 -0.0067385557691425502 -0.092482065730442736 -0.098579450084942635 -0.36350912824112686 -0.19760049415862774 -0.087392575895530566 -0.091386304749391425 -0.0067385051598221743 -0.092454886021437241 -0.47770259684885846 -0.092296317394257019 -0.010439557907101816 -0.095509813951401082 -0.054706388017140277 -0.39942363028693534 -0.075228565785527682 -0.098029503899950854 -0.0067385557691425502
decision_type=2 2 2 2 2 2 2 2 2 2 2 2 2 2 2 2 2 2 2 2 2 2 2
left_child=1 2 -1 8 12 6 -4 -8 9 10 11 -2 -5 -14 -12 17 -17 -11 -7 -3 -21 -22 -23
right_child=3 19 5 4 -6 18 7 -9 -10 15 14 -13 13 -15 -16 16 -18 -19 -20 20 21 22 -24
leaf_value=0.012836457632204031 0.042344794582441433 0.015644447513844459 0.024179296126105556 0.075906341124372056 -0.02370640457371238 0.0018677869698465399 -0.026944621627964477 0.010010754020866 -0.024538791788321884 -0.00027113661403980799 0.096183514724177702 0.20031017401880299 0.054302275957424866 0.0078121500961020841 -0.011720055517558708 -0.012065860766992439 0.024197887131966845 -0.046825838092668569 -0.055584996823270096 -0.004305698174369892 0.00045177062177141272 0.13238572743145871 0.016291116449886813
leaf_weight=2019.4124610135332 41.517741878284141 242.09495840384625 62.095072235912085 28.915684221312404 73.901719210087322 6982.8736007893458 307.93025871086866 89.1664257068187 195.0623614359647 3522.0527246640995 7.718136111740022 7.4925588017795226 48.85724393860437 180.00155971106142 71.606985613121651 1385.0672515837941 101.03842778404942 55.97502862411784 21.930633164942265 4621.0836183369393 5056.3796911456157 6.1937981008086345 176.90235447243322
leaf_count=11672 219 2297 118 36 15664 17723 915 197 28561 19014 92 75 186 2194 2224 35953 8752 7482 76 27834 28571 66 3212
internal_value=0.000266891 0.00110891 0.00335771 -0.00261671 0.0135741 0.000793205 -0.0128553 -0.0186464 -0.00361348 -0.00282739 0.0246387 0.0664941 0.0242621 0.017737 -0.00122131 -0.00352344 -0.00960033 -0.000999443 0.00168791 -0.00100205 -0.00141075 0.00114252 0.0202184
internal_weight=25305.3 19586.1 9483.41 5719.21 331.676 7464 459.192 397.097 5387.53 5192.47 128.335 49.0103 257.774 228.859 79.3251 5064.13 1486.11 3578.03 7004.8 10102.7 9860.56 5239.48 183.096
internal_count=213133 92681 30701 120452 18080 19029 1230 1112 102372 73811 2610 294 2416 2380 2316 71201 44705 26496 17799 61980 59683 31849 3278
is_linear=0
shrinkage=0.0409094


Tree=171
num_leaves=24
num_cat=0
split_feature=1 3 11 0 1 10 15 1 3 4 5 3 3 2 1 15 2 11 11 10 10 4 16
split_gain=35.6494 126.881 70.0823 110.03 58.5315 84.934 50.688 45.7841 84.0654 50.0442 45.769 50.8027 105.622 97.7234 75.6253 67.0645 65.0887 45.1069 44.6443 59.1492 80.5039 40.7883 40.7439
threshold=-0.12841326439676584 -0.097058450195993032 -0.0021661404153898414 -5.6772837378329557e-05 -0.12756684028522983 -0.0061009633527096723 -0.092481335265639092 -0.13327061136021487 -0.096497938953338497 1.9019779866336044 -0.011346323502618622 -0.094706093103106279 -0.095629402914613013 0.96633752890320557 -0.1006862520645372 -0.029788980466291238 0.94681153751084923 -0.002166143196869258 -0.0021661431368667386 -0.0061213014079621346 -0.0061212805762209934 2.2620612328184513 -0.64378673548302479
decision_type=2 2 2 2 2 2 2 2 2 2 2 2 2 2 2 2 2 2 2 2 2 2 2
left_child=1 21 10 6 5 -5 -4 8 -3 17 11 12 16 14 -13 -14 -2 -9 19 -12 -21 -1 -19
right_child=2 7 3 4 -6 -7 -8 9 -10 -11 18 13 15 -15 -16 -17 -18 22 -20 20 -22 -23 -24
leaf_value=0.012962570355317895 -0.00078613179446659085 0.022490193196069735 -0.066972822420729036 -0.30445996282070958 -0.054314049137810717 -0.077081877182365519 0.0031791030164412823 0.047835367261470828 -0.0012251379935118985 -0.066961993475720474 -0.043147562646150342 0.011165746060627084 -0.030592574095095318 -0.035126005956223123 -0.0050141610529649975 0.052741049194978809 0.016704413458031205 -0.074677677080791219 -0.028804945530032752 0.16426813608133126 0.0019377228358934437 -0.011482773692506814 -0.0065805577459120126
leaf_weight=1851.6016129516065 16128.273228162201 295.82273603975773 20.595578037202358 4.4237496666610241 28.28835211758269 7.2637926489114744 105.71661902382039 25.26721708336845 1620.3390639276477 23.157978411763906 50.714102193305735 1832.7328065042384 267.08216539979912 96.188323052308988 656.6909940969781 17.203159565804526 364.11700099543668 14.870149377733467 181.54959748324472 5.2257976962137027 236.5639732311829 121.7432842599228 1320.4422809566604
leaf_count=8254 63563 704 86 39 1139 28 436 86 12308 92 3406 17101 6218 22332 44592 196 2803 74 12771 76 11742 704 4383
internal_value=0.000256164 0.00324843 -0.00053268 -0.0269801 -0.0861323 -0.163145 -0.00825938 -0.00165877 0.00243611 -0.00732925 -0.000310971 -3.49352e-06 -0.000826147 0.00533427 0.00689761 -0.0255497 -0.000399978 -0.00631426 -0.0128696 -0.00297898 0.00544617 0.0114544 -0.00733889
internal_weight=25275.9 5273.24 20002.6 166.288 39.9759 11.6875 126.312 3299.9 1916.16 1383.74 19836.3 19362.3 16776.7 2585.61 2489.42 284.285 16492.4 1360.58 474.053 292.504 241.79 1973.34 1335.31
internal_count=213133 26605 186528 1728 1206 67 522 17647 13012 4635 184800 156805 72780 84025 61693 6414 66366 4543 27995 15224 11818 8958 4457
is_linear=0
shrinkage=0.0409094


Tree=172
num_leaves=24
num_cat=0
split_feature=5 3 6 10 4 10 15 15 10 3 3 12 12 6 3 10 15 3 18 14 15 19 15
split_gain=32.8082 46.1303 59.3662 61.7818 68.72 65.6391 40.0286 39.081 61.5254 61.4191 48.316 52.839 148.878 62.4214 48.5696 51.4718 47.6334 39.0202 35.1421 38.8001 34.5462 34.3695 34.0083
threshold=-0.011346323502618622 -0.095557165670893909 -0.098709166677954666 -0.0061213014079621346 -0.25852149047547374 -0.0061212805762209934 -0.092208234341754888 -0.091014767631479254 -0.006121657189834373 0.14311482791178406 -0.09719997090468592 -0.17342226098881661 -0.24724968940725081 -0.098688281052719165 0.052072066560676915 -0.0060020414563983797 -0.092397668621677823 -0.097220715450195741 -0.78990917168235653 -0.0067385552171643536 -0.090656258256556002 -0.7586590400750578 -0.086218914411054656
decision_type=2 2 2 2 2 2 2 2 2 2 2 2 2 2 2 2 2 2 2 2 2 2 2
left_child=7 2 3 -2 -5 -6 -4 10 21 17 18 12 13 -12 16 -16 -13 -10 -1 -20 -11 -9 -23
right_child=1 -3 6 4 5 -7 -8 8 9 20 11 14 -14 -15 15 -17 -18 -19 19 -21 -22 22 -24
leaf_value=0.0013484441538740525 -0.032449425435257896 -0.027866959065158726 -0.056131728178620714 -0.062999642637431574 0.15113329904545078 0.0089506837054622382 0.0056320777542250037 -0.04353871415093484 -0.023154808936847647 0.06814713030200395 -0.00025322590529497753 0.0030251670985803067 -0.030279000990208537 -0.010968212604182572 0.020492809757229551 0.12234843115929001 -0.0040477567089363285 0.010134755962663233 0.013878879846404867 -0.010771091058176684 -0.046217739347084473 -0.065360828541134119 0.011077809853098241
leaf_weight=9673.0122142182663 76.224684742279351 156.35068679985125 53.859500790131278 22.226409946917556 5.5008553117513648 446.80490742647089 26.056844231789 61.216774494270794 60.930160664021969 4.8689110738923764 3573.1338463786524 4091.624528379296 359.4527860104572 1220.7796452130424 55.345801582094282 9.7687530835974012 2610.0393169475137 1793.0155841705273 702.30536555312574 126.04807668644935 47.986383171344642 11.681019361596553 58.653136267559603
leaf_count=28372 658 26447 859 597 17 2158 515 2618 215 63 21198 25456 3104 24156 2417 160 35279 27890 3420 558 5183 675 1118
internal_value=0.000246221 -0.00797514 -0.00304374 0.00173737 0.00722884 0.0106799 -0.0359935 0.000510752 0.00593416 0.00780099 1.77074e-05 -0.00176475 -0.00488583 -0.00298182 0.000612171 0.0357736 0.000270536 0.00904069 0.00204098 0.010128 -0.0356827 -0.0211251 -0.00161704
internal_weight=25246.9 787.024 630.673 550.757 474.532 452.306 79.9163 24459.9 2038.35 1906.8 22421.5 11920.1 5153.37 4793.91 6766.78 65.1146 6701.66 1853.95 10501.4 828.353 52.8553 131.551 70.3342
internal_count=213133 31251 4804 3430 2772 2175 1374 181882 37762 33351 144120 111770 48458 45354 63312 2577 60735 28105 32350 3978 5246 4411 1793
is_linear=0
shrinkage=0.0409094


Tree=173
num_leaves=24
num_cat=0
split_feature=14 11 14 3 15 15 13 11 10 6 10 6 3 11 8 14 20 12 3 13 15 3 11
split_gain=32.1673 33.9793 60.2215 84.7591 52.3397 115.337 72.1057 56.8042 55.9035 51.9165 58.0231 51.72 47.8042 45.928 79.3855 46.9568 39.921 36.2491 36.6883 35.5359 32.5901 46.361 31.1236
threshold=-0.0067216957210481012 -0.0021661430930432087 -0.0067385557295263146 -0.089185886440245277 -0.092352212010890847 -0.092236368239512243 -0.36350912824112686 -0.0021661431969176837 -0.0061219356071720967 -0.15823720158291779 -0.0061200235918841446 -1.0631789755419392 -0.097144523194085175 -0.0021661431622927887 1.7029067628396171 -0.0067383099023513139 -1.4353236737985036 0.9152954125182825 -0.097210472162097911 -0.54174759481036372 -0.092477227547245397 -0.092797586193218276 -0.0021661431968941877
decision_type=2 2 2 2 2 2 2 2 2 2 2 2 2 2 2 2 2 2 2 2 2 2 2
left_child=1 4 3 9 6 7 13 -6 19 -3 -11 -10 -9 14 -1 -15 20 18 -18 -7 -4 -22 -8
right_child=-2 2 16 -5 5 8 22 12 11 10 -12 -13 -14 15 -16 -17 17 -19 -20 -21 21 -23 -24
leaf_value=0.0026051100792452383 0.019763748281479095 0.051706758635948868 0.111970860155557 -0.056834611538907981 0.06359500453345858 0.032108480137633455 0.033080852533846405 -0.0051180297521380052 0.07191202958771005 0.0080923857059401784 -0.006686545767154382 0.0018561970351536488 -0.017176309486967592 -0.00076141360016916595 0.022064838455269735 -0.049834345230385421 0.0071274677684459659 0.010221365365263213 -0.00025722275444289155 -0.043011831704008664 0.053903313375255155 -0.024825915039672238 -0.026626304264689656
leaf_weight=3778.125620795181 140.39071347867139 29.54122171131894 8.3772538786288333 48.474020961322822 16.814887605956756 12.390385362377854 15.712802870897574 981.40556332003325 17.759284376050346 599.37497288989834 1721.6097074869322 2554.1632324144011 1252.3718447223073 7169.8017670458066 386.75906780420337 32.782496462459676 1766.028235216625 1252.9012707314105 3106.4027818124741 70.531282570853364 34.403033180627972 19.677594714972656 208.39265259966487
leaf_count=20674 1034 92 25 2507 186 333 40 4098 130 1847 6698 49540 28930 32287 1748 300 5889 10954 34426 2668 120 2126 6481
internal_value=0.000236142 0.000126848 0.00221384 -0.00328836 -0.000959444 -0.00450161 0.000539564 -0.0113146 0.00127401 -0.00218409 -0.00287001 0.00233994 -0.0118785 0.000992598 0.00441218 -0.000984769 0.00434704 0.00401523 0.00241938 -0.0317871 0.0368878 0.0252572 -0.02244
internal_weight=25224.2 25083.8 8586.79 2399 16497 4905.44 11591.6 2250.59 2654.84 2350.53 2320.98 2571.92 2233.78 11367.5 4164.88 7202.58 6187.79 6125.33 4872.43 82.9217 62.4579 54.0806 224.105
internal_count=213133 212099 64684 11144 147415 85885 61530 33214 52671 8637 8545 49670 33028 55009 22422 32587 53540 51269 40315 3001 2271 2246 6521
is_linear=0
shrinkage=0.0409094


Tree=174
num_leaves=24
num_cat=0
split_feature=1 3 1 4 6 13 6 3 2 15 15 1 3 3 3 16 1 7 1 11 13 20 20
split_gain=34.2744 62.8513 39.6793 47.8098 38.9091 48.5575 37.8537 36.4474 36.4218 34.9394 64.2795 33.796 107.415 85.4067 91.9153 87.6217 114.882 93.3239 80.4661 70.5004 58.786 48.4661 42.1667
threshold=-0.051096417563970042 -0.082482041442634754 0.077709346510362487 0.070250169084603312 0.029474269495598858 -0.49591716528085933 -1.0631789755419392 0.29586117426496533 -0.41393143365069046 -0.034982615783567449 -0.029788980466291238 -0.12841326439676584 -0.097144523194085175 -0.094592112137363307 -0.095629402914613013 0.83233567040022705 -0.053268128262210238 -0.51963850798029876 -0.064560220837497448 -0.0021661404153898414 -0.48434425154588229 -0.3280434250101798 -0.28867257432091303
decision_type=2 2 2 2 2 2 2 2 2 2 2 2 2 2 2 2 2 2 2 2 2 2 2
left_child=7 -2 3 4 5 -3 8 11 -4 -8 -11 12 -1 14 19 17 -17 -15 -16 -13 21 -14 -22
right_child=1 2 6 -5 -6 -7 9 -9 -10 10 -12 13 20 15 18 16 -18 -19 -20 -21 22 -23 -24
leaf_value=0.013099361404259382 -0.04221207582975714 0.045555741257834688 -0.050252015334730539 0.079853028859932132 0.054053179263670349 -0.02988358376234693 -0.042275570473149719 -0.033028303759499812 0.046342275940127693 0.10019357260694974 -0.027837457633745705 -0.00062883395069618104 -0.023775005720737413 0.0069461975195772756 -0.026141079085838206 0.021962437539906086 0.33228860604506066 -0.019303271476992297 0.11465296454033137 -0.029148606421671479 0.012215126334483885 -0.0034429709315305008 0.00026668687332365133
leaf_weight=1399.4228454893455 88.91170381376287 19.605298249109183 8.7981350125046429 16.781753527524415 20.853059109242167 52.562816664052662 79.768589697720017 54.452484278124757 25.37343909102492 9.1157170755905081 23.433717649546452 16848.403708293219 240.15930404746905 1579.6086471314193 311.21413967339322 445.86549868335715 2.0054413815960279 264.64909804536728 6.9450565066654226 146.31904644984752 680.73447884386405 1072.2060620381963 1804.9040331940632
leaf_count=7253 11679 1246 178 455 1936 5899 16274 5221 177 170 5013 70485 1043 23250 8024 10335 89 26678 158 554 3255 4835 8926
internal_value=0.000226591 -0.0125753 -0.00229389 0.0162984 0.00483269 -0.00938962 -0.01623 0.00040438 0.0214722 -0.0277005 0.00801861 0.00047778 0.00341068 -0.000299754 -0.00128223 0.00712105 0.023352 0.00317943 -0.0230677 -0.00087438 -0.000159231 -0.00716368 0.00353897
internal_weight=25202.1 345.204 256.293 109.803 93.0212 72.1681 146.49 24856.9 34.1716 112.318 32.5494 24802.4 5197.43 19605 17312.9 2292.13 447.871 1844.26 318.159 16994.7 3798 1312.37 2485.64
internal_count=213133 43027 31348 9536 9081 7145 21812 170106 355 21457 5183 164885 25312 139573 79221 60352 10424 49928 8182 71039 18059 5878 12181
is_linear=0
shrinkage=0.0409094


Tree=175
num_leaves=24
num_cat=0
split_feature=0 2 1 11 1 1 17 3 0 3 3 0 1 11 6 14 14 1 11 6 3 11 2
split_gain=33.1308 65.8405 70.7109 54.9734 69.1604 54.9735 53.3877 48.7525 70.6334 84.8202 103.693 72.2157 55.9253 55.4207 47.3624 45.3267 45.2347 68.3643 49.6305 74.2346 67.1675 67.1661 94.0735
threshold=-5.6909761363314598e-05 -0.5193628012656385 -0.12671583170252573 -0.0021661404153898414 -0.12849173574742037 -0.12756684028522983 -0.17115402543913114 -0.09718566186629525 -0.00019125413827362873 -0.093427826884278795 -0.092466807580416935 -7.08837148516483e-05 -0.12758468488969602 -0.0021661430166762647 -0.09861137341634299 -0.0067377179599206636 -0.0067385077800328147 -0.11924686526201085 -0.0021661428506694362 -0.19760049415862774 -0.087392575895530566 -0.0021661428409140396 -0.4828353318613548
decision_type=2 2 2 2 2 2 2 2 2 2 2 2 2 2 2 2 2 2 2 2 2 2 2
left_child=1 2 -1 16 -5 6 -6 12 13 11 -11 -10 -3 -9 -4 -15 18 -18 19 20 -2 22 -20
right_child=3 7 14 4 5 -7 -8 8 9 10 -12 -13 -14 15 -16 -17 17 -19 21 -21 -22 -23 -24
leaf_value=0.007302666818455786 0.062373769862219715 0.012230542997990878 -0.0091196626643497529 0.0064644124389573515 -0.081575467200456456 -0.040433718669938445 -0.25655269316323209 0.0033633509610544454 -0.0059698799165449502 0.025634838339463482 -0.026205207286286111 -0.021172562248634452 0.00056843660915604089 -0.011186244415830405 0.0039883840092143977 0.057468241226477895 0.022885056071131969 -0.02275884576952349 0.027422213998061971 -0.0049410078531409397 0.0017308424025209706 0.0079113991780766189 0.29329928459975363
leaf_weight=4398.0528387734666 52.231934163486585 792.33230737037957 877.68592605460435 37.773291767458431 9.0419196188449842 34.880534810887184 4.3089769035577765 3062.87237512914 2470.4776787289884 252.10257559758611 86.811513015418313 663.32812566542998 5235.1320706643164 666.06188027234748 972.45609294530004 16.49245796375908 250.55670273734722 70.333166555385105 6.7870995280100033 4726.0828938690247 73.690672144235577 416.46002390113426 3.3149496226687898
leaf_count=22325 354 2364 2323 238 35 1152 33 24961 12711 974 3606 4917 10605 5661 2133 101 2351 15350 17 89837 2272 8755 58
internal_value=0.000216959 0.00101836 0.00447999 -0.00253083 -0.0349893 -0.0674545 -0.138049 -0.000614547 -0.00288253 -0.00708526 0.0123562 -0.00918781 0.00210146 0.00101419 -0.00222992 -0.00952736 -0.00203228 0.0128808 -0.00293886 -0.00411503 0.0268852 0.0104397 0.114669
internal_weight=25179.3 19493.8 6248.19 5685.46 86.0047 48.2314 13.3509 13245.6 7218.15 3472.72 338.914 3133.81 6027.46 3745.43 1850.14 682.554 5599.46 320.89 5278.57 4852.01 125.923 426.562 10.102
internal_count=213133 92681 26781 120452 1458 1220 68 65900 52931 22208 4580 17628 12969 30723 4456 5762 118994 17701 101293 92463 2626 8830 75
is_linear=0
shrinkage=0.0409094


Tree=176
num_leaves=24
num_cat=0
split_feature=0 3 6 18 14 3 2 18 19 3 8 2 18 9 18 0 3 3 6 14 20 3 6
split_gain=31.6531 70.1141 67.9931 58.4803 56.3772 55.1313 79.224 62.6297 51.1228 51.031 71.8557 60.7888 70.7289 70.5838 55.4208 50.5622 47.4364 46.9221 58.4974 52.5104 48.7591 46.3024 90.1111
threshold=-6.4477164346688222e-05 -0.097136713703668789 -0.10013576454586202 1.3002748763582901 -0.0067216957210481012 -0.097210472162097911 -0.43212266475930111 -0.78996054306708274 -0.52986045535395776 -0.09721977744640288 1.5009964850042274 -0.39951899346735414 -0.78993541381777777 -0.0035525873985628661 1.300273630269001 -0.00055352980687863203 -0.096805159593927173 -0.096172073776364872 -0.10082038031219234 -0.0067385556121225742 -0.36449472762388352 -0.096830580272352265 -0.09755009849567392
decision_type=2 2 2 2 2 2 2 2 2 2 2 2 2 2 2 2 2 2 2 2 2 2 2
left_child=1 2 3 -1 9 -4 -7 -8 -5 -2 11 13 -13 -11 16 17 -12 18 -3 -19 -20 22 -17
right_child=4 15 5 8 -6 6 7 -9 -10 10 14 12 -14 -15 -16 21 -18 19 20 -21 -22 -23 -24
leaf_value=0.011337980969308605 0.001593803657050655 0.019019937165346532 0.0062117829347911047 -0.11528356839712282 0.033232294085872312 0.0026988168581783311 -0.00093317654281076289 -0.026175974200017979 -0.0022541226831622224 -0.0044305836523354722 0.0029755518775106383 -0.0056517052591806187 -0.025680666197936065 0.018089061610359298 -0.028363633744015536 -0.00045620923820360399 0.025044262582591136 -0.019156607699934138 0.072852640771378582 0.0032783846560989634 -0.031769311084707881 -0.0075446156045629788 0.075447030617450145
leaf_weight=2156.0748383495957 4936.256055355072 505.35123546747491 2064.5815760074183 11.33047823328525 78.42606673768023 1229.6698792641982 298.78723236918449 365.98358561843634 16.376246634870768 4523.2298384599271 427.13949989480898 759.66242882751976 482.47615662188036 245.5779929109267 64.113572072121315 2656.2186650428921 263.60310406720964 200.05482951714657 8.4092930518090707 1372.1143896743888 65.705484690144658 2382.6193272590172 26.43656041752547
leaf_count=7845 13587 1550 7357 84 797 3802 782 1088 97 41641 1600 36139 22724 11905 3518 9955 8495 2296 23 13082 378 24279 109
internal_value=0.000208538 0.00157165 0.00478397 0.0105791 -0.0013373 0.00158741 -0.00345228 -0.0148304 -0.0484768 -0.00156898 -0.00387652 -0.00537053 -0.0134314 -0.0032709 0.00802037 -0.00116258 0.0113975 0.00409127 0.0140422 0.000423585 -0.0198986 -0.00339432 0.000291789
internal_weight=25140.2 13359.7 6142.8 2183.78 11780.5 3959.02 1894.44 664.771 27.7067 11702.1 6765.8 6010.95 1242.14 4768.81 754.856 7216.91 690.743 2151.64 579.466 1572.17 74.1148 5065.27 2682.66
internal_count=213133 72727 21055 8026 140406 13029 5672 1870 181 139609 126022 112409 58863 53546 13613 51672 10095 17329 1951 15378 401 34343 10064
is_linear=0
shrinkage=0.0409094


Tree=177
num_leaves=24
num_cat=0
split_feature=5 8 3 15 11 3 3 20 15 15 11 3 11 11 3 12 12 2 6 18 11 11 11
split_gain=31.1703 45.6814 56.1556 55.9645 45.0556 40.8879 38.9018 45.1792 54.9664 34.5573 58.8934 59.0852 51.214 42.9317 38.3757 47.8884 134.151 60.9481 56.0039 53.6804 41.5167 34.7688 40.5971
threshold=-0.011346323502618622 -0.038665837445003806 -0.097181966055961716 -0.092469278011871867 -0.0021661430304877236 -0.097210472162097911 -0.094234189045994635 -0.81416143618417636 -0.092143074843711301 -0.091014767631479254 -0.0021661431899958447 0.14311482791178406 -0.002166107989237929 -0.0021661431881461004 -0.09719997090468592 -0.17342226098881661 -0.24724968940725081 1.1068055696245824 -0.098688281052719165 -0.79001096759431289 -0.0021661429199190756 -0.0021661404153898414 -0.0021661429659650482
decision_type=2 2 2 2 2 2 2 2 2 2 2 2 2 2 2 2 2 2 2 2 2 2 2
left_child=9 2 5 4 -3 -2 7 -5 -9 14 -11 12 13 -12 21 16 18 19 -16 -17 -18 22 -1
right_child=1 3 -4 6 -6 -7 -8 8 -10 10 11 -13 -14 -15 15 17 20 -19 -20 -21 -22 -23 -24
leaf_value=0.0010583136425806811 -0.037731773580700428 -0.046075394955184701 -0.0412646240311213 0.047926913468302058 0.01990674216704473 0.014061373339353554 -0.02106719065402592 0.011981790224383615 -0.037711663586820175 -0.031346940331118851 0.039549107789077789 -0.035994493492180188 -0.090811655920113768 0.0073031950843190857 -0.00017698511732641096 0.010401616425246186 -0.025072731654523308 -0.040675270772784822 -0.010359429480311617 -0.00040070657537820073 -0.082044963082262751 -0.01866439358910087 0.0085635422029294288
leaf_weight=8910.4757474726066 37.144239980727434 70.438183975988068 127.61478634207742 47.448139260173775 22.967044828983489 81.436384001746774 78.412864556506975 267.90990173834143 43.267830652883276 69.81484564562561 71.82150276406901 52.326749490341172 8.7258682517567632 1823.2802916156943 3560.1240736779291 888.00089521508198 335.82464699627599 59.146328131202608 1211.6433379660593 5788.1928092536982 22.863726308452897 137.09240994416177 1395.0230643050745
leaf_count=27001 126 1459 13311 480 346 184 12842 1832 671 3117 741 5383 87 28434 21198 8078 2872 8201 24156 47033 232 546 4803
internal_value=0.000200426 -0.0078675 -0.0224309 -0.00110818 -0.0298513 -0.00216233 0.00503489 0.0107421 0.00507214 0.000457917 0.00557357 0.00689126 0.00806997 0.00852527 -6.66845e-06 -0.00159841 -0.00457619 0.000669823 -0.0027625 0.00103611 -0.0287043 0.00180201 0.00207427
internal_weight=25111 776.639 246.195 530.444 93.4052 118.581 437.039 358.626 311.178 24334.4 2025.97 1956.15 1903.83 1895.1 22308.4 11865.8 5130.46 6735.34 4771.77 6676.19 358.688 10442.6 10305.5
internal_count=213133 31251 13621 17630 1805 310 15825 2983 2503 181882 37762 34645 29262 29175 144120 111770 48458 63312 45354 55111 3104 32350 31804
is_linear=0
shrinkage=0.0409094


Tree=178
num_leaves=24
num_cat=0
split_feature=1 15 16 15 15 8 5 0 1 6 0 10 6 16 4 18 10 20 6 20 8 6 16
split_gain=31.2383 51.6741 56.8851 35.0881 34.0172 34.0288 62.2611 52.002 63.6794 79.0468 42.2641 43.6002 41.5037 44.6619 40.0232 28.5298 63.3885 42.138 28.3678 26.8678 33.5578 51.1827 36.3531
threshold=-0.051096417563970042 -0.090864395797424058 -0.50684150001546424 -0.090446512546993124 0.35484464804184035 -0.05448428596331658 -0.011345298448437718 -0.0022527254509746414 -0.11677854514903964 -0.12198922538149284 0.0013721663580680955 -0.0061128583809966766 -0.037991169090017783 -0.062928838289397812 1.0000000180025095e-35 1.2979863087699519 -0.0061158842906209035 -1.3732880158266447 -0.25795334920264318 -3.128816570640677 0.94452147086809002 -0.18838453737870023 1.2818586779712138
decision_type=2 2 2 2 2 2 2 2 2 2 2 2 2 2 2 2 2 2 2 2 2 2 2
left_child=4 19 3 18 5 6 10 8 -7 -10 11 -1 13 -9 -14 16 -5 -17 -3 -2 -21 22 -22
right_child=1 2 -4 15 -6 7 -8 12 9 -11 -12 -13 14 -15 -16 17 -18 -19 -20 20 21 -23 -24
leaf_value=-0.0017660180431397455 0.058475085479740972 0.097648232356143908 -0.028218208001368646 0.17035727523064101 -0.027835546860197437 0.0052706611612342814 -0.025456997878787746 0.0035089420344904089 0.022746626794590198 0.10034801916666666 -0.032911343678877429 0.0048374194833967774 0.015527075344267982 -0.0014005458848371057 0.082174792774529742 0.086089088247783427 0.016062494438402856 -0.04208016571699278 -0.042027217122896414 -0.040359167898271334 0.056221122178401903 -0.041755924629484235 -0.043418487644225567
leaf_weight=9457.9465837107855 6.1655992468004106 15.870408147573473 49.446637983084656 5.0679991120123296 71.401956582762068 250.20154480426572 173.79899660593946 6608.8065314600826 90.61189725715667 28.998472190927714 68.141771662048995 2033.0899317765143 110.626758005179 5842.6038712016889 17.459400938183535 5.2676851641153943 36.906770036905073 23.199010147887748 2.8742227068287312 128.13447588792769 24.713368839467876 31.014692016004119 8.1486584953963739
leaf_count=58616 421 46 8069 81 3458 907 7589 40994 361 137 4663 8544 5289 39025 523 362 3651 4347 511 19862 248 5108 321
internal_value=0.000192245 -0.0121826 0.00697587 0.0264882 0.000360623 0.00044219 -0.00115359 0.00188808 0.0170081 0.0415604 -0.000788173 -0.000597683 0.00144358 0.00120525 0.0246118 0.0132515 0.0346919 -0.0183628 0.076231 -0.0255847 -0.028284 -0.00406151 0.0315139
internal_weight=25090.5 336.81 138.633 89.1861 24753.7 24682.3 11733 12949.3 369.812 119.61 11559.2 11491 12579.5 12451.4 128.086 70.4415 41.9748 28.4667 18.7446 198.177 192.011 63.8767 32.862
internal_count=213133 43027 17067 8998 170106 166648 79412 87236 1405 498 71823 67160 85831 80019 5812 8441 3732 4709 557 25960 25539 5677 569
is_linear=0
shrinkage=0.0409094


Tree=179
num_leaves=24
num_cat=0
split_feature=14 11 7 7 19 11 4 14 11 11 18 20 0 15 0 14 14 0 5 4 12 15 4
split_gain=31.062 36.5773 69.8002 52.5678 62.5766 72.7179 61.1896 49.7909 44.2984 42.5076 53.3386 47.9883 43.4835 41.0856 81.1724 88.4633 81.3829 65.6417 54.5545 46.2211 38.2861 36.4933 35.2458
threshold=-0.0067385557994869023 -0.0021661430930432087 1.9250742839987212 -0.51963850798029909 -0.28497079064662439 -0.0021661429440200841 -0.39942363028693534 -0.0067385554527745932 -0.0021661428506694362 -0.0021661430494275048 -0.79031510490574053 -0.70781459394670398 0.0028541655721702522 -0.092467424037186122 -6.4477164346688222e-05 -0.0067349504427065268 -0.0067385557691425502 -5.455230508515211e-05 -0.011345834404801204 -0.32114466372501227 0.42380840248876711 -0.092481534437004645 -0.16458673060116605
decision_type=2 2 2 2 2 2 2 2 2 2 2 2 2 2 2 2 2 2 2 2 2 2 2
left_child=22 2 13 9 5 6 -5 21 -7 10 20 -12 -11 17 16 -16 -15 18 -2 -19 -3 -6 -1
right_child=1 3 -4 4 7 8 -8 -9 -10 12 11 -13 -14 14 15 -17 -18 19 -20 -21 -22 -23 -24
leaf_value=-0.015429039973896112 0.0016376760239175962 0.012237470276596498 -0.045219818266036223 0.030142218586133217 0.058323126959439947 0.030497425487010125 -0.049021099971064179 -0.050199037811293527 -0.021461017711354943 0.0020568356183814757 0.049363997425517024 0.0043527947639253033 -0.029198449352355809 0.16287954702050814 -0.0073550618299075641 0.039842548066504141 0.00085807911241808806 -0.045493092112998172 -0.033137276846483564 0.023351693080898833 0.038286398950243453 0.0062820556709718657 -0.00096108684983434438
leaf_weight=440.64453307978692 5582.1099288485129 259.43081269913819 58.525779251765925 18.382745122769848 26.265338530589361 51.214799502457026 147.11754876479972 22.974974310200196 59.209496768889949 5188.9224786871055 40.542382037849165 1782.2695944547886 75.579533402691595 5.1930563752539447 3949.0876510385424 67.599032452679239 5803.2012775926851 17.205389336188091 76.534627626009751 317.48629973817151 148.4713799256715 159.46936892252415 781.72136055491865
leaf_count=3499 20035 611 19799 282 32 800 3623 3537 2171 27675 715 11862 9587 15 63943 699 34286 892 1075 3743 267 863 3122
internal_value=0.000183868 0.000509761 -0.000625869 0.00276925 -0.0102886 -0.0230735 -0.0402281 0.00661373 0.00263731 0.00361355 0.00834638 0.00535392 0.00160812 -0.000460878 -0.00208925 -0.00656075 0.00100294 0.00220856 0.00116734 0.0198126 0.021719 0.0136413 -0.00617657
internal_weight=25079.2 23856.8 15876.9 7979.85 484.634 275.925 165.5 208.71 110.424 7495.22 2230.71 1822.81 5264.5 15818.4 9825.08 4016.69 5808.39 5993.34 5658.64 334.692 407.902 185.735 1222.37
internal_count=213133 206512 144487 62025 11308 6876 3905 4432 2971 50717 13455 12577 37262 124688 98943 64642 34301 25745 21110 4635 878 895 6621
is_linear=0
shrinkage=0.0409094


Tree=180
num_leaves=24
num_cat=0
split_feature=1 15 15 8 15 0 20 1 6 11 11 0 11 1 18 15 6 0 1 1 8 11 8
split_gain=29.4441 47.8936 53.5549 51.4669 49.5145 61.2017 43.0684 55.5956 70.0248 41.0901 127.93 35.3991 37.9217 35.3109 34.2721 33.5539 35.3354 43.4875 63.2269 51.1247 74.7 34.5758 63.8782
threshold=-0.086778882604328894 -0.091958293431019481 -0.092482115548723043 -2.5006208716754426 -0.09194488833215432 -0.0017552991003584744 1.0000000180025095e-35 -0.078762302815337928 -0.16281078596880991 -0.0021661431853760987 -0.0021661431857800798 -0.0079817216099404512 -0.0021661243456221261 -0.017535447846999126 1.3002655306886222 0.35484464804184035 -0.12198922538149284 -0.0026391143486268597 -0.11525261513022399 -0.11575459140790419 1.7029067628396171 -0.0021661431885691418 -0.79660101096275693
decision_type=2 2 2 2 2 2 2 2 2 2 2 2 2 2 2 2 2 2 2 2 2 2 2
left_child=15 2 13 -4 5 -3 11 8 -8 10 -5 -6 -13 -2 -11 16 21 18 -18 -19 -21 22 -1
right_child=1 4 3 9 6 -7 7 -9 -10 14 -12 12 -14 -15 -16 -17 17 19 -20 20 -22 -23 -24
leaf_value=0.038391273167128696 0.058898728090859664 0.28660574830516994 0.21996823521675762 -0.047131597566224918 0.024698856406791082 -0.043437801888257459 0.14289771960244507 0.0078738697684962704 -0.044518562582954009 -0.0027963408763051782 0.17529258257128902 -0.030091078518359047 0.15906103774750094 -0.043257912778567303 -0.038989084645909881 -0.029008007620798325 0.0097600008719512087 0.00012243736303121079 0.084641368141977605 -0.020514379684416776 0.0356621164668353 0.0068298915489110254 -0.027816952605309534
leaf_weight=30.948326775338501 21.838730929302987 2.2529892399907117 1.421281084883957 12.275749389256818 28.682769936043769 1.6138554793433275 11.492967963684352 123.48177300411044 4.7012238029856226 55.947908437781734 6.6840509843314058 100.20324632615666 1.8057963523315255 7.6449974368151734 201.44464840349974 64.793162930174731 93.985318300663494 21712.438211401866 23.612342963926494 366.53088205400854 44.415212509455159 2029.4625271305558 115.04879111557966
leaf_count=172 441 5 163 1110 265 218 40 14135 406 4551 124 13600 62 918 19897 3225 629 123331 89 14268 1194 13523 767
internal_value=0.000176376 -0.00892177 -0.0200135 -0.0255779 0.00350562 0.14886 0.00142675 0.0172206 0.0884902 -0.0268407 0.0312814 -0.0154528 -0.0267426 0.03241 -0.0311221 0.00039248 0.0004705 -1.62278e-05 0.0247954 -0.000148115 -0.0144428 0.0054466 -0.0137822
internal_weight=25062.7 581.492 307.257 277.774 274.235 3.86684 270.368 139.676 16.1942 276.352 18.9598 130.692 102.009 29.4837 257.393 24481.2 24416.4 22241 117.598 22123.4 410.946 2175.46 145.997
internal_count=213133 55935 27204 25845 28731 223 28508 14581 446 25682 1234 13927 13662 1359 24448 157198 153973 139511 718 138793 15462 14462 939
is_linear=0
shrinkage=0.0409094


Tree=181
num_leaves=24
num_cat=0
split_feature=14 1 1 11 7 7 19 6 11 10 1 11 14 14 11 11 1 0 11 14 10 6 6
split_gain=28.487 35.8732 43.2631 33.1629 67.0209 48.3872 57.6724 67.4291 67.1329 53.0582 46.6605 40.86 37.2205 42.8721 42.7432 37.2199 64.1009 33.5461 33.4783 33.4583 31.9807 30.5077 76.1815
threshold=-0.0067385557994869023 -0.12727566014724442 -0.12366063658845665 -0.0021661430930432087 1.9250742839987212 -0.51963850798029909 -0.28497079064662439 -0.10174812949603157 -0.0021661429440200841 -0.0061184707862602739 0.30189921067978515 -0.0021661428506694362 -0.0067349504427065268 -0.0067372819003555526 -0.0021661431392096778 -0.0021661430494275048 -0.12628398657762999 -7.615582961114266e-05 -0.0021661430467280703 -0.0067385554527745932 -0.0061172816155822514 -0.10059482594393189 -0.099542017706821376
decision_type=2 2 2 2 2 2 2 2 2 2 2 2 2 2 2 2 2 2 2 2 2 2 2
left_child=1 -1 -3 4 12 10 8 -8 9 -7 15 -10 13 14 -2 16 -5 20 -17 -9 -14 -4 -23
right_child=3 2 21 5 -6 6 7 19 11 -11 -12 -13 17 -15 -16 18 -18 -19 -20 -21 -22 22 -24
leaf_value=5.5762446306462842e-05 0.00096596427309658792 -0.036234167400527359 -0.030239366493872644 0.0030818519877458669 -0.045161351347972202 -0.064145875925698384 -0.063484859052857959 0.018823773677893819 0.029338699081899285 -0.017551921960865316 -0.043087111851106308 -0.020619896442164269 -0.050916837953866916 -0.060930244648281326 -0.0035700513106278618 -0.031298186936727521 0.017725156897793259 0.036157025756549881 0.0021082252540356996 -0.050409444514115866 0.024128182284392726 0.045488652509984753 -0.010481611178764378
leaf_weight=708.34248730097897 10456.410127902229 115.09739852906205 80.762275521061383 1457.6827663686126 56.286348907480715 74.922146471915767 20.800041620386764 173.89653423294658 51.055659365665633 90.075863486359594 35.892177916684886 59.129409237735672 17.385296578053385 19.699975241208449 5208.4416436587635 50.697294959216379 761.74675568996463 85.496390245330986 5174.0739496750757 12.52339377440512 20.963058269582689 47.869297607685439 271.69772671521059
leaf_count=2598 73922 636 1308 5470 19799 1267 1481 651 800 2638 8145 2171 126 814 48994 466 6950 770 29686 2300 62 95 1984
internal_value=0.000168252 -0.00591899 -0.01413 0.000480895 -0.000600345 0.00263519 -0.00992258 0.00637778 -0.0221972 -0.0387093 0.00344506 0.00252906 -0.000441684 -0.000618074 -0.000542226 0.00366941 0.00810769 0.0218975 0.00178407 0.0141728 -0.00989361 -0.0077749 -0.00209759
internal_weight=25050.9 1223.77 515.427 23827.2 15864.7 7962.5 482.403 207.22 275.183 164.998 7480.09 110.185 15808.4 15684.6 15664.9 7444.2 2219.43 123.845 5224.77 186.42 38.3484 400.329 319.567
internal_count=213133 6621 4023 206512 144487 62025 11308 4432 6876 3905 50717 2971 124688 123730 122916 42572 12420 958 30152 2951 188 3387 2079
is_linear=0
shrinkage=0.0409094


Tree=182
num_leaves=24
num_cat=0
split_feature=6 10 6 2 4 1 15 11 14 0 0 1 4 11 11 14 1 4 0 15 2 9 9
split_gain=28.1409 40.6339 40.5584 37.9073 44.3602 34.9035 45.029 46.6769 66.517 35.3349 31.6222 38.9827 31.7876 29.9237 75.4175 27.3329 34.6337 56.123 30.3533 67.4098 46.3309 27.8941 27.0416
threshold=0.48733756255567834 -0.0061157730858329403 0.07752822097874279 -0.40629955432525167 -0.11761935066401218 -0.051096417563970042 -0.090864395797424058 -0.0021661430584183267 -0.0067385524247615602 0.014678329887499777 0.0028541655721702522 -0.15446504177714568 -0.43073521691170463 -0.0021661430237935324 -0.0021661430166762647 -0.0067385557994869023 -0.12727566014724442 0.64951452164283452 -6.8907421553727211e-05 -0.092471664400652964 -0.52492286861419135 -0.0035516382818619658 -0.0035524033848242536
decision_type=2 2 2 2 2 2 2 2 2 2 2 2 2 2 2 2 2 2 2 2 2 2 2
left_child=2 -2 5 4 10 15 13 8 -8 -9 11 -4 -12 -7 -15 16 21 -18 20 -20 -17 -1 -6
right_child=1 -3 3 -5 22 6 7 9 -10 -11 12 -13 -14 14 -16 18 17 -19 19 -21 -22 -23 -24
leaf_value=0.0008241743060598965 0.044683533126962161 -0.048644195733940368 -0.0025016607434230772 -0.041289841836224687 0.021902922297255337 -0.037952722605428056 0.049366678610620794 -0.043276079659760498 -0.043145765060399362 0.1294821841085555 0.029540876668700703 0.064670651620837336 -0.055174256108179734 0.13686162329626353 -0.018723584157320314 0.0067068603249181491 -0.02150591127977965 0.010441065543661634 0.003100787339682584 -0.0032534218172341665 0.00061880971273071408 -0.095001188262259617 0.11371849141455607
leaf_weight=702.22370773483999 9.6882199560059217 40.219508515699999 25.639237117487937 13.525482654600635 8.310399094072638 123.01071213121759 52.062251981638838 31.574932788324077 17.338941181369592 2.1140641292731734 13.693429191014731 33.158290598890744 16.161791675665881 5.9021696333074933 44.728145306406077 2754.1474684514105 385.67629997694166 120.87200233293697 4474.909825276176 7439.0689716846682 8701.4251398178167 5.1209840252995482 15.164485615212469
leaf_count=2546 499 7695 196 6260 303 18267 2877 3106 3032 133 492 1498 1588 32 3824 13004 2980 272 16753 82659 44784 24 309
internal_value=0.000161292 -0.0305272 0.000222591 0.0234062 0.0312103 0.000105411 -0.0143423 0.00707471 0.0262537 -0.0324351 0.0179693 0.0353795 -0.0163187 -0.0270574 -0.000586421 0.000268046 -0.00571717 -0.0138828 0.000578938 -0.000866771 0.0020825 0.000130425 0.0812146
internal_weight=25035.7 49.9077 24985.8 125.653 112.128 24860.2 276.731 103.09 69.4012 33.689 88.6527 58.7975 29.8552 173.641 50.6303 24583.4 1213.89 506.548 23369.6 11914 11455.6 707.345 23.4749
internal_count=213133 8194 204939 10646 4386 194293 31271 9148 5909 3239 3774 1694 2080 22123 3856 163022 5822 3252 157200 99412 57788 2570 612
is_linear=0
shrinkage=0.0409094


Tree=183
num_leaves=24
num_cat=0
split_feature=11 8 6 20 8 1 18 11 6 11 1 18 6 12 6 1 11 9 1 11 16 17 18
split_gain=27.3157 38.3554 50.0576 36.7521 38.8491 33.2195 51.2201 49.1537 47.7068 95.6619 50.1275 37.6886 37.3976 36.9121 38.2324 32.228 30.3273 30.132 29.824 68.1721 53.4248 48.5989 43.8655
threshold=-0.0021661431906588647 1.7029067628396171 -0.14103183261560595 1.2281813295127364 -1.0300195805622681 -0.1281480550756485 1.3002728826154277 -0.0021661404153898414 -0.17316652794679577 -0.0021661429440200841 -0.11366239975943652 1.0332266645987398 -0.22320077269151203 0.9152954125182825 0.30426507586774626 -0.14972969820911783 -0.0021661431969172656 -0.0035525888753581585 -0.12156845960351735 -0.002166143195070983 -0.48860073211559701 0.68906839124847097 -0.78871526595684638
decision_type=2 2 2 2 2 2 2 2 2 2 2 2 2 2 2 2 2 2 2 2 2 2 2
left_child=1 2 -1 5 -5 6 13 8 9 -7 -10 -9 15 14 -2 -8 -3 -14 19 21 22 -4 -20
right_child=3 16 18 4 -6 7 12 11 10 -11 -12 -13 17 -15 -16 -17 -18 -19 20 -21 -22 -23 -24
leaf_value=-0.041744266924083971 0.0038095792691239384 0.075720877557095487 0.015983575665056055 0.032175944926407379 -0.02965554979830505 0.022335775490563411 0.038090897391063458 -0.02846453534433311 4.9549710960822633e-05 -0.029585496344111947 -0.010125693851233568 0.042456888890227876 -0.010991023353434879 0.012698357275042987 -0.046337025568692049 -0.018231030220711771 0.0078645252332373069 0.003302855974090932 0.0016054427253158992 -0.028928309940399289 -0.034083362536258766 -0.032839192643061385 0.048294378195589883
leaf_weight=76.518012752290815 3317.0331045597559 13.797001875238491 148.30003890115768 19.883575327054132 117.52007343640435 349.21204756101361 60.113266553729773 150.87332931937999 17260.19115615511 71.55641457560705 850.18808429781348 13.676890625793019 733.60890170489438 914.9721502159955 25.641234619426541 23.709082685410976 54.824779898277484 371.95830056839623 92.51379239410744 210.52954746305477 41.373544275935274 44.3184996151831 52.954646065132692
leaf_count=805 14999 64 742 1477 9190 4903 121 1357 96607 2077 57790 238 4485 4224 935 106 755 2017 3676 1602 2798 347 1818
internal_value=0.000154399 -0.0076147 -0.010613 0.000389624 -0.020708 0.000509696 0.00332106 -0.000309402 -0.000111737 0.013506 -0.000428125 -0.0225698 -0.00418455 0.00541778 0.00342491 0.0221603 0.0215076 -0.00618197 -0.00657553 -0.0128372 0.00693521 0.00475022 0.0186015
internal_weight=25015.3 735.13 666.508 24280.1 137.404 24142.7 5447.04 18695.7 18531.1 420.768 18110.4 164.55 1189.39 4257.65 3342.67 83.8223 68.6218 1105.57 589.99 403.148 186.842 192.619 145.468
internal_count=213133 12607 11788 200526 10667 189859 26887 162972 161377 6980 154397 1595 6729 20158 15934 227 819 6502 10983 2691 8292 1089 5494
is_linear=0
shrinkage=0.0409094


Tree=184
num_leaves=24
num_cat=0
split_feature=3 13 13 14 10 6 13 13 13 9 11 3 10 3 10 10 11 3 11 11 13 3 14
split_gain=27.8528 37.2047 36.1772 29.4431 72.8223 60.5081 61.5948 76.795 40.1812 49.5416 45.1359 42.622 67.1395 38.9997 38.3851 41.3909 37.047 68.0677 64.4082 35.1596 33.7988 30.7455 27.6096
threshold=0.29586117426496533 -0.49567237028853328 -0.49635507717798971 -0.0067385524247615602 -0.0061182595866274047 -0.14800124598080802 -0.40131951736308741 -0.40144255517997057 2.2749083867326267 -0.0035466651680149818 -0.0021661430838098733 0.25288055317876634 -0.0060020414563983797 -0.097220995683396635 -0.0061165546573637318 -0.0061070822326658837 -0.0021661431885691418 -0.09721562865800816 -0.0021661431881461004 -0.0021661429083774182 2.3648554090665272 -0.096112409421976533 -0.0067385501902773931
decision_type=2 2 2 2 2 2 2 2 2 2 2 2 2 2 2 2 2 2 2 2 2 2 2
left_child=3 2 -2 8 5 -5 7 -7 11 10 21 16 -13 -6 20 -16 17 -1 -18 -12 -15 -10 -8
right_child=1 -3 -4 4 13 6 22 -9 9 -11 19 12 -14 14 15 -17 18 -19 -20 -21 -22 -23 -24
leaf_value=0.01593110340632908 -0.051513027667619136 -0.047665462722458841 0.061999720958607382 -0.072116895833756411 -0.071544382050407002 0.0013781209471578418 -0.45232883388106676 0.15832637512278544 -0.015248294992131359 0.090386172669357862 0.012822576536657661 -0.045731783248455699 0.19636897272767209 0.029441709549180038 0.00019807151826725428 0.026786190293556507 0.048134582809849169 -0.01618774921196248 0.00019693472452615374 -0.049852796742663165 0.11240153887080362 -0.051332833299290538 -0.04602095334238071
leaf_weight=139.58570340462029 7.5120558430789979 44.290783219708828 12.547269344504457 19.974778729840182 8.2596257291734201 806.82654237811221 0.28181652911007304 5.2515034981770432 82.728901864378713 7.1590604042285113 87.287773611227749 3.2938299648812972 4.5863470330368719 179.76535600912757 243.37658758045291 164.03124773790478 47.004735434777103 528.57785614370368 22463.594862375554 18.082627105788561 8.6126425400725548 75.655525388574461 41.071526638668729
leaf_count=354 933 7046 237 253 29 12059 11 15 638 55 3750 372 17 2226 4945 3840 272 8654 153110 1712 57 8190 4358
internal_value=0.000148012 -0.0267316 0.0194901 0.00021738 0.00581876 -0.00173434 -8.70234e-05 0.00239307 -0.000135417 -0.0157992 -0.0186814 4.75993e-05 0.0951734 0.01674 0.0179639 0.010903 1.5259e-05 -0.00947782 0.000297034 0.00206685 0.0332346 -0.0324848 -0.0487899
internal_weight=24999.4 64.3501 20.0593 24935 1477.45 873.406 853.431 812.078 23457.6 270.914 263.755 23186.6 7.88018 604.045 595.786 407.408 23178.8 668.164 22510.6 105.37 188.378 158.384 41.3533
internal_count=213133 8216 1170 204917 27793 16696 16443 12074 177124 14345 14290 162779 389 11097 11068 8785 162390 9008 153382 5462 2283 8828 4369
is_linear=0
shrinkage=0.0409094


Tree=185
num_leaves=24
num_cat=0
split_feature=8 8 8 4 9 0 0 10 6 3 4 1 0 10 3 15 15 0 6 3 3 4 3
split_gain=27.4024 41.8783 148.928 49.726 55.3646 49.0022 48.4404 75.6159 67.7749 47.0473 42.5401 39.0545 69.4229 109.339 83.5103 57.4057 56.6602 44.7946 45.6791 78.294 78.7571 74.1495 54.1919
threshold=-0.05448428596331658 0.61702814442998799 0.83167034424353303 -0.054996177414473692 -0.0035525889822268803 -0.00011365896114052299 -0.00022631214656508301 -0.0061200235918841446 -0.10970493324107623 -0.09722035640741887 0.72779348820475764 -0.11247173669722622 -0.00073202372971293856 -0.0061204492770312409 -0.093427826884278795 -0.09248093946985636 -0.091265232704197188 0.0013721663580680955 -0.10638827867800685 0.073148296632605289 -0.092625813012696845 -0.35245625034978151 -0.096728024960271927
decision_type=2 2 2 2 2 2 2 2 2 2 2 2 2 2 2 2 2 2 2 2 2 2 2
left_child=11 -2 9 6 5 -5 7 -4 -8 -3 -6 17 13 14 -13 -16 -15 18 22 20 -20 -21 -1
right_child=1 2 3 4 10 -7 8 -9 -10 -11 -12 12 -14 16 15 -17 -18 -19 19 21 -22 -23 -24
leaf_value=0.012825066696354288 0.0035799946246060309 0.0033845349185797225 0.029753013929210211 -0.03709549084861672 -0.0043584785594935537 -0.0080702868657957696 -0.016635588864641136 0.0036029041417429846 0.0039355885811714923 -0.024073239715088186 0.011515088242257138 0.13672352550786016 -0.027619825826326168 -0.033093849193610768 0.088003416616776922 -0.032262253802130915 0.021156818872073081 -0.033145310596107654 -0.0014099958535343105 0.1451501846691205 -0.032829935070745928 -0.044627953385707922 -0.0020098586164149813
leaf_weight=853.66327085997909 7033.6001039800758 128.32778585422784 289.36071126710158 113.04702687147073 736.31739546710742 700.80602267116774 303.52952028857544 513.41032752522733 2292.3271933475917 560.94703839835711 458.48696266568732 16.00728655513376 245.09474029365811 83.376787039451301 11.565224571153523 15.604422009084372 52.510917606879957 71.34832099682535 9561.6415892958757 11.398638392420255 135.40423159912461 4.9383402468520208 796.72738105646567
leaf_count=2861 56405 423 1601 702 7818 2965 3928 4753 25428 5385 1263 55 32098 1809 32 239 840 5946 38921 196 12501 933 6031
internal_value=0.000141556 0.00142902 -0.00105257 0.00123027 -0.00387271 -0.012102 0.00424624 0.0130288 0.00153023 -0.0189612 0.00173275 -0.00128387 -0.0134734 0.00588962 0.062601 0.0189309 -0.0121298 -0.000831731 -0.000628848 -0.00169797 -0.00184873 0.0877841 0.00566349
internal_weight=24989.4 13130.2 6096.56 5407.29 2008.66 813.853 3398.63 802.771 2595.86 689.275 1194.8 11859.3 424.159 179.065 43.1769 27.1696 135.888 11435.1 11363.8 9713.38 9697.05 16.337 1650.39
internal_count=213133 110671 54266 48458 12748 3667 35710 6354 29356 5808 9081 102462 35073 2975 326 271 2649 67389 61443 52551 51422 1129 8892
is_linear=0
shrinkage=0.0409094


Tree=186
num_leaves=24
num_cat=0
split_feature=3 13 13 1 0 2 1 10 0 0 8 10 11 10 11 2 12 1 1 3 19 2 10
split_gain=26.1887 35.5685 33.3586 30.0102 36.2089 32.8212 32.548 36.3938 76.2085 59.8718 31.7117 30.2103 49.6453 41.6085 28.6431 27.1374 20.0303 19.7938 47.9465 11.2492 8.11746 7.68804 11.2232
threshold=0.29586117426496533 -0.49567237028853328 -0.49635507717798971 0.30189921067978515 -0.0079817216099404512 -0.50657357650747603 -0.10499120665593108 -0.0061082449768495506 -0.00019125413827362873 -0.00022631214656508301 -1.0421727788141431 -0.0061221844583869483 -0.0021661431345545695 -0.0061221770126214884 -0.0021661431622927887 -0.35864144627557459 1.2839617604160138 -0.12339980409762186 -0.7427897356348977 0.72020285401030593 -0.61537001964427407 -0.54485328036960123 -0.0060864086537283559
decision_type=2 2 2 2 2 2 2 2 2 2 2 2 2 2 2 2 2 2 2 2 2 2 2
left_child=3 2 -2 4 5 17 11 9 -9 -8 -7 12 -6 -13 15 -5 -12 18 -1 -4 -19 22 -16
right_child=1 -3 19 14 6 10 7 8 -10 -11 16 13 -14 -15 21 -17 -18 20 -20 -21 -22 -23 -24
leaf_value=0.015872402708837753 -0.051339449582038156 -0.047472330007785363 0.072780992465193275 -0.041441860902717217 -0.016918955134627028 -0.0519507581453015 -0.0033496467663348501 -0.019150947009239975 0.057634295845750201 -0.029776124395360717 0.036648744816981944 0.024766207962254594 0.018519028013345425 0.0004684783083261002 -0.044931136504843795 0.22735174077434142 -0.015951875385155037 0.055982788821912967 -0.085899230681116809 -0.049492689378001935 -0.0026633329373884694 -0.043645931358766848 0.070846351917212141
leaf_weight=16.84166656434536 7.2012877718079844 42.473201517452253 11.191147472651208 1.1670376161346214 353.62770508680842 8.0229784467956033 473.11424355243798 46.260383796063252 40.631767625483917 205.93149904336315 127.77815585979261 118.5486597554991 81.384477288112976 23347.937848520116 3.1229907050728798 1.3624753248295736 13.38494978751987 7.5287459231913081 14.347043336369099 1.4188652243465192 8.3093988969922048 43.562142057431629 2.5416748356074086
leaf_count=35 933 7046 114 244 6069 156 11011 1092 3918 37101 423 1471 287 133267 69 47 80 12 64 123 38 9525 8
internal_value=0.000135415 -0.0263586 0.0189068 0.000201646 0.000266423 0.0177708 0.000127188 -0.00817397 0.0167547 -0.0113639 0.0271647 0.000393204 -0.010289 0.000591226 -0.0309173 0.103339 0.0316612 -0.01203 -0.0309433 0.0590229 0.0252144 -0.037816 0.00701698
internal_weight=24977.7 62.2845 19.8113 24915.4 24863.6 196.213 24667.4 765.938 86.8922 679.046 149.186 23901.5 435.012 23466.5 51.7563 2.52951 141.163 47.0269 31.1887 12.61 15.8381 49.2268 5.66467
internal_count=213133 8216 1170 204917 195024 808 194216 53122 5010 48112 659 141094 6356 134738 9893 291 503 149 99 237 50 9602 77
is_linear=0
shrinkage=0.0409094


Tree=187
num_leaves=24
num_cat=0
split_feature=2 0 15 5 0 9 15 10 2 12 13 9 9 15 2 11 10 15 10 11 15 18 16
split_gain=25.6932 43.4158 42.4942 36.2571 37.6308 70.7202 64.4416 40.3282 37.1965 35.7937 34.8107 67.0369 38.7459 39.758 37.7603 34.73 53.3654 78.8067 54.9512 34.1613 66.2914 60.4997 49.3623
threshold=-0.46749679333622174 0.0052521439401347477 -0.091613335553555927 -0.011345098757106148 -5.6909761363314598e-05 -0.0035525768107845567 -0.092308502097322623 -0.0061132218402240165 -0.53083101620784445 -0.87725088055775957 -0.39166233137126533 -0.0035466651680149818 -0.0035525873222303915 -0.090864395797424058 -0.39519630239358389 -0.0021661431622927887 -0.0061217145467055804 -0.092477227547245397 -0.0061215881536126589 -0.0021661431599845132 -0.091507449331676358 -0.78999305632329953 -0.60809443096877491
decision_type=2 2 2 2 2 2 2 2 2 2 2 2 2 2 2 2 2 2 2 2 2 2 2
left_child=2 10 3 4 8 6 -6 -7 -1 -10 15 12 13 -12 -14 16 17 -2 -18 20 22 -22 -4
right_child=1 -3 19 -5 5 7 -8 -9 9 -11 11 -13 14 -15 -16 -17 18 -19 -20 -21 21 -23 -24
leaf_value=0.0046302201355226166 0.0075042602465532062 -0.042239050671621169 0.1988787722611883 -0.019975655421711376 -0.00059134495229924634 0.036090644176974641 -0.014456400211311358 0.15880613249874545 -0.0071380790215830768 0.001318937251641358 -0.035552548589026567 0.058560750469182389 0.015578303857723944 0.0043824674568998618 -0.023656933547202708 -0.0020516802354071219 0.025366954983023951 -0.02192318291263309 0.0044366272202690056 0.010636847893368944 -0.068146188811539138 -0.0023098295816910319 0.029282974927822274
leaf_weight=4581.9071010220796 319.27874517603777 43.430145834543509 4.3951523187570265 143.70395749254385 2408.7662071138038 30.052491737529635 731.33964727603598 5.2673852003645143 1061.3469840609469 3972.3573138702195 188.99815476764343 21.057667912100442 96.183279283286538 53.541148196265567 71.618740872218041 7724.7716821930371 248.41401689150371 291.21711567230523 1355.0271181404241 1263.20994025853 25.236564092105255 314.10279348347103 8.2888170783407968
leaf_count=21738 1754 12912 9 2051 10250 526 6743 91 3474 12113 7953 189 4689 4229 13759 71364 1841 8189 17762 8780 150 2523 44
internal_value=0.000129563 -0.00142179 0.00123988 0.00045862 0.000688193 -0.00317307 -0.00382056 0.0543917 0.00196332 -0.000464209 -0.00125085 -0.0126275 -0.0162807 -0.0267368 -0.00116749 -0.000757036 0.00376018 -0.00653314 0.00767927 0.00749619 -0.00377383 -0.00720606 0.08805
internal_weight=24963.5 10413.5 14550 12934.7 12791 3175.43 3140.11 35.3199 9615.61 5033.7 10370.1 431.399 410.341 242.539 167.802 9938.71 2213.94 610.496 1603.44 1615.23 352.023 339.339 12.684
internal_count=213133 144641 68492 56986 54935 17610 16993 617 37325 15587 131729 30819 30630 12182 18448 100910 29546 9943 19603 11506 2726 2673 53
is_linear=0
shrinkage=0.0409094


Tree=188
num_leaves=24
num_cat=0
split_feature=1 3 14 3 3 13 6 0 13 9 15 2 18 3 2 10 10 1 3 15 6 14 2
split_gain=25.0458 99.1504 58.0811 50.4366 81.708 73.9169 70.9065 68.142 128.276 87.5379 86.6706 62.0445 59.9874 84.6431 70.0169 69.1827 67.7522 54.7145 69.8844 65.0106 50.196 49.6054 49.1304
threshold=-0.12841326439676584 -0.097058450195993032 -0.0067385077800328147 -0.094592112137363307 -0.095629402914613013 -0.37867820701494059 0.090315647365363405 -0.001019991535823758 -0.4759110447771544 -0.0035525794921088395 -0.029788980466291238 0.96633752890320557 1.3002745025315035 -0.096700266317235953 0.94681153751084923 -0.0061199919184752863 -0.0061024729726363138 -0.078762302815337928 -0.082482041442634754 -0.092481993193352041 0.1955688520303264 -0.0067378487609322238 -0.4571833625367217
decision_type=2 2 2 2 2 2 2 2 2 2 2 2 2 2 2 2 2 2 2 2 2 2 2
left_child=1 -1 -3 4 12 11 -7 8 9 -6 -9 17 13 14 -2 -15 -14 19 -19 -5 -8 -4 -12
right_child=3 2 21 5 7 6 20 10 -10 -11 22 -13 16 15 -16 -17 -18 18 -20 -21 -22 -23 -24
leaf_value=0.010100670529330868 -0.0011170255406828182 -0.0033969442200346717 0.021894822178358583 -0.036808555736232762 0.041101798539493174 -0.035193225689644836 0.067802771051779204 -0.038616107706035664 -0.04345581984751952 0.21720545546653394 0.10721027668571617 -0.029035663716221797 0.016313350230081042 -0.0044575879903129816 0.017415725505396298 -0.029105837513970348 -0.078984349419190233 -0.02958109626614739 0.0068391407797842455 0.011734057106594599 -0.0428226914014148 -0.027779351143855546 -0.048273451829265512
leaf_weight=1896.7364474860951 15295.712207974051 2963.4414299835917 261.22450918145478 47.316609176108614 27.286618711426854 130.96810480183922 21.7660132390447 227.44268034544075 31.899463108740747 5.7130112731829277 11.147144531598316 79.125136621383717 445.41916068946011 471.69177492585732 348.95197988324799 319.77711674419697 12.845549401827155 138.39816125211655 242.97360976951313 1909.6742774116574 10.026575878553556 38.618376650032587 4.8945559317944562
leaf_count=8958 53512 15516 1542 538 140 26493 2002 7446 385 37 55 20401 2411 9226 1637 4182 73 11385 19501 20846 6076 589 182
internal_value=0.000124194 0.00266246 -0.0016609 -0.000537863 -0.00133785 0.00479571 -0.0218896 -0.0222059 0.015042 0.0715895 -0.0321341 0.00659233 -0.00095693 -0.00136397 -0.000703655 -0.0144162 0.0136421 0.00779791 -0.00637761 0.0105604 0.0329143 0.015497 0.0597699
internal_weight=24943.1 5160.02 3263.28 19783 17202.8 2580.25 162.761 308.383 64.8991 32.9996 243.484 2417.49 16894.4 16436.1 15644.7 791.469 458.265 2338.36 381.372 1956.99 31.7926 299.843 16.0417
internal_count=213133 26605 17647 186528 79286 107242 34571 8245 562 177 7683 72671 71041 68557 55149 13408 2484 52270 30886 21384 8078 2131 237
is_linear=0
shrinkage=0.0409094


Tree=189
num_leaves=24
num_cat=0
split_feature=8 16 8 11 3 13 3 15 0 0 1 0 8 0 3 3 11 15 3 8 0 0 3
split_gain=25.2375 38.5937 114.705 48.5964 44.4431 44.0288 36.7091 56.9594 66.0118 56.2771 36.8974 64.0133 47.5476 42.1996 41.5124 56.6797 45.0747 33.8752 82.3179 55.1015 33.2592 32.968 49.7901
threshold=-0.05448428596331658 -0.062928838289397812 0.83167034424353303 -0.0021661431969172656 -0.097211740606707162 -0.56201538458990052 -0.097220995683396635 -0.092480892809761517 -5.9896301110704598e-05 -5.8514966384777549e-05 -0.11247173669722622 -0.00073202372971293856 -0.79660101096275693 0.0013721663580680955 -0.063666383668034288 -0.062592205120903285 -0.0021661431969176837 -0.091636645021637333 0.052072066560676915 -0.91414623003380413 -0.00022631214656508301 -5.8514966384777549e-05 -0.097220652173191188
decision_type=2 2 2 2 2 2 2 2 2 2 2 2 2 2 2 2 2 2 2 2 2 2 2
left_child=6 3 4 -2 -3 20 7 -1 -9 -10 13 12 -12 17 16 -16 -13 18 -8 -19 -4 -5 -23
right_child=1 2 5 21 -6 -7 10 8 9 -11 11 14 -14 -15 15 -17 -18 19 -20 -21 -22 22 -24
leaf_value=0.0077054692589221116 -0.051284532644268861 -0.001599621755467943 -0.069550747505363941 0.00574797729532319 -0.022025263965663632 0.0018376222533433417 -0.0011634424245297627 0.012811740099074454 -0.1530184816665667 -0.03878268373375135 -0.02617780530088858 0.078194760488610626 0.019625360246386583 -0.032322089945805668 0.16615833667321028 -0.0049644874339737138 -0.038845295363138091 0.017926732246415937 0.077717960452655444 -0.0011282400720029101 -0.012803071690821075 0.0076570207222087707 -0.0046532289532608068
leaf_weight=104.20274885557592 27.027353261481039 264.99289777223021 19.531864299322478 4478.2400165769504 544.8087034112541 5222.0368116745958 10000.691033445793 43.276231650263071 7.6881152633577576 117.84958077780902 54.747499163961038 5.6770022785058236 123.47803914744873 69.119142976764124 3.5166736693645353 41.077727988391416 183.83215527012362 432.71131706796587 22.189838550810236 614.86646969401045 150.23489754117327 860.66833740472794 1522.6631737202115
leaf_count=250 433 959 199 22509 5482 47539 48441 93 47 426 1297 62 1678 5946 208 11278 20550 5032 559 6595 720 2178 30652
internal_value=0.000118516 0.001356 -0.000985106 0.00346363 -0.0153413 0.00117108 -0.00125138 -0.016078 -0.0307587 -0.0457787 -0.000900972 -0.0129183 0.0055555 -0.000456155 -0.0269825 0.0085301 -0.0353392 -0.000257198 -0.000988805 0.00674259 -0.019332 0.00367928 -0.000207753
internal_weight=24915.1 13090.2 6201.61 6888.6 809.802 5391.8 11824.9 273.017 168.814 125.538 11551.9 412.329 178.226 11139.6 234.104 44.5944 189.509 11070.5 10022.9 1047.58 169.767 6861.57 2383.33
internal_count=213133 110671 54899 55772 6441 48458 102462 816 566 473 101646 35073 2975 66573 32098 11486 20612 60627 49000 11627 919 55339 32830
is_linear=0
shrinkage=0.0409094


Tree=190
num_leaves=24
num_cat=0
split_feature=3 13 13 15 2 10 3 18 3 15 8 13 3 18 0 2 13 13 13 3 15 15 18
split_gain=24.488 34.3808 31.513 25.625 47.4481 48.0904 44.0697 64.3921 46.8943 42.5895 60.2669 53.3519 42.0361 41.2471 40.9999 40.7718 35.8177 39.8224 64.9842 44.0781 37.338 81.3457 34.3482
threshold=0.29586117426496533 -0.49567237028853328 -0.49635507717798971 -0.091014767631479254 -0.49131359131508162 -0.0061219541094179042 -0.096935025833587971 -0.78999305632329953 -0.096854111651248562 -0.074754132088311692 1.5009964850042274 -0.49874758079909237 0.25288055317876634 1.3002644092082618 0.0014433339208697897 -0.48394126103986235 2.3071487617458044 2.0016891473634795 -0.36350912824112686 -0.095629402914613013 -0.092198473009161286 -0.092143074843711301 1.2897844867647124
decision_type=2 2 2 2 2 2 2 2 2 2 2 2 2 2 2 2 2 2 2 2 2 2 2
left_child=3 2 -2 12 5 -5 7 -7 -8 11 13 22 16 -11 -12 -13 17 18 -1 -19 -18 -22 -6
right_child=1 -3 -4 4 9 6 8 -9 -10 10 14 15 -14 -15 -16 -17 20 19 -20 -21 21 -23 -24
leaf_value=-6.2447712720357592e-05 -0.051567300566069237 -0.047520934483918253 0.057439517657132379 -0.049350938696857 0.011894933050227487 -0.038959176626506047 0.054686724330603488 0.0083173552217409626 0.015619189281408572 -0.011115488288617231 0.0075075393144608763 -0.056813661023218304 0.096160949492224826 -0.044945261321101007 0.089894319640960535 0.00043716686984318962 -0.032212657939834813 0.031983774756376891 -0.024513120429566371 -0.0097390219404713436 0.06548860131973408 -0.030142576465197891 0.051796246045256698
leaf_weight=22251.892971891852 6.8803867423557685 40.40885768836597 12.505549954832532 21.753482323256321 111.29296568967402 55.551439825445414 57.090755503624678 365.1170495795086 517.70570657390635 237.10745232927729 49.892599033075385 21.843035958241671 7.5715507453423916 80.896289672295097 12.677895209169945 443.69814558018697 116.17260456475196 130.16268855298404 183.41606567628332 62.832138314726762 24.323687178926775 38.366487923078239 53.44416761858156
leaf_count=136094 933 7046 237 217 1772 183 97 1451 3305 11784 1395 399 248 5865 677 15828 5727 833 8701 6097 268 2929 1047
internal_value=0.000113486 -0.026035 0.0187512 0.000176424 0.0045832 0.0108209 0.0121359 0.00207425 0.0194995 -0.00169383 -0.0125001 0.00483123 -0.000215308 -0.0197214 0.0242006 -0.00224902 -0.000247303 -0.000103168 -0.00026234 0.0184003 -0.0184822 0.00696217 0.0248398
internal_weight=24902.6 59.7948 19.3859 24842.8 2028.07 1017.22 995.465 420.668 574.796 1010.85 380.574 630.278 22814.7 318.004 62.5705 465.541 22807.2 22628.3 22435.3 192.995 178.863 62.6902 164.737
internal_count=213133 8216 1170 204917 44020 5253 5036 1634 3402 38767 19721 19046 160897 17649 2072 16227 160649 151725 144795 6930 8924 3197 2819
is_linear=0
shrinkage=0.0409094


Tree=191
num_leaves=24
num_cat=0
split_feature=14 15 15 13 10 14 15 14 10 5 13 15 0 8 15 15 2 6 10 18 0 18 0
split_gain=24.3848 31.3194 30.0815 26.3184 28.9636 33.8909 26.0689 68.5899 58.4499 58.9625 36.8994 35.7583 61.3675 59.4168 35.483 75.5917 26.5889 24.8078 34.63 24.544 33.5818 35.3938 33.9734
threshold=-0.0067385557994869023 0.22999058821641716 0.22999058821641716 -0.47226490103855667 -0.0061164610834592249 -0.0067377179599206636 -0.091014767631479254 -0.0067385557691425502 -0.0061216335446702226 -0.011346206042245991 2.3071487617458044 -0.092296317394257019 -5.6772837378329557e-05 -1.6835915754409017 -0.092198473009161286 -0.092143074843711301 -0.54409551142807777 -0.18838453737870023 -0.0061197910607250945 1.3002741287047168 4.8567458919466679e-06 -0.78992918227613684 -3.3506219010808167e-05
decision_type=2 2 2 2 2 2 2 2 2 2 2 2 2 2 2 2 2 2 2 2 2 2 2
left_child=1 19 6 -4 17 -6 10 -8 16 -10 11 13 -13 -2 -12 -16 -9 -5 -19 20 21 22 -1
right_child=2 -3 3 4 5 -7 7 8 9 -11 14 12 -14 -15 15 -17 -18 18 -20 -21 -22 -23 -24
leaf_value=-0.012112227780367173 0.080282436035238408 0.045924484617358041 -0.050503924182836314 0.075594491497847915 -0.049439193120838415 0.037289232812762807 0.1493022842874672 0.021465535131090376 0.0080835828647393068 -0.033768390612600292 -0.031684498412019826 -0.00024949122321549027 -0.0108634665261649 0.0011105108003457576 0.063001907384491046 -0.029382312347887504 -0.033244920461885479 -0.073468760330049579 0.026469083297398392 -0.033408885685419207 -0.072715323954935601 0.0038032770200867355 0.056558514996682643
leaf_weight=622.25317232776433 15.879304971720556 19.472229223873001 34.157974080415443 9.449283520516472 34.525315645878436 9.6477773702063114 5.5125846276059738 17.771765793673694 1637.1671163773863 58.34422481447109 116.79133257939247 3886.0000615922036 1191.0770094343461 16477.988106921199 24.249301783274859 38.129816947883228 90.936073412158294 7.9595140191959208 21.41588088058052 53.697023030021228 12.16531146946363 496.22099221253302 12.295294989831744
leaf_count=2276 542 303 1918 36 3623 804 8 91 27041 8705 6085 23838 41126 83324 272 3016 4774 460 849 982 784 2202 74
internal_value=0.000108583 -0.00554107 0.000398762 -0.0202795 -0.00784056 -0.030497 0.000501588 0.0052192 0.00477897 0.00664341 0.000109057 0.000262625 -0.00273952 0.00118673 -0.0183795 0.00653119 -0.0243008 0.017937 -0.000609929 -0.00637854 -0.00510861 -0.00438127 -0.0107816
internal_weight=24893.1 1216.1 23677 117.156 82.9978 44.1731 23559.8 1809.73 1804.22 1695.51 21750.1 21570.9 5077.08 16493.9 179.17 62.3791 108.708 38.8247 29.3754 1196.63 1142.93 1130.77 634.548
internal_count=213133 6621 206512 7690 5772 4427 198822 40619 40611 35746 158203 148830 64964 83866 9373 3288 4865 1345 1309 6318 5336 4552 2350
is_linear=0
shrinkage=0.0409094


Tree=192
num_leaves=24
num_cat=0
split_feature=4 6 3 3 6 14 3 3 3 0 1 8 10 10 0 8 17 10 10 1 3 16 8
split_gain=23.9687 45.2506 44.5814 38.3251 41.8814 60.3588 60.1498 59.7409 87.2703 42.7586 38.9266 36.8347 45.4699 154.112 257.952 433.312 55.0223 52.1044 77.1969 63.4137 44.3439 40.1679 73.6832
threshold=-0.18024252391355064 -0.046440891652979377 0.028743278335638309 -0.08435892957833889 -0.10281458626833147 -0.006738555628378478 -0.096700266317235953 -0.097210472162097911 -0.094823548675809569 -5.3453157323851766e-05 -0.12754909417708118 0.10633660730620764 -0.0061221770126214884 -0.0061221844583869483 -5.6584454094238657e-05 -0.51289777981315743 1.1062123356027134 -0.0061135200071834222 -0.0061146704236207617 -0.10831594541713331 -0.075923192258909228 -0.062928838289397812 0.72930054732826621
decision_type=2 2 2 2 2 2 2 2 2 2 2 2 2 2 2 2 2 2 2 2 2 2 2
left_child=11 3 -3 4 5 6 -2 10 -9 -7 -6 12 13 16 -15 -16 -1 18 19 -14 -18 -13 -23
right_child=1 2 -4 -5 7 9 -8 8 -10 -11 -12 21 17 14 15 -17 20 -19 -20 -21 -22 22 -24
leaf_value=-0.028928774192327186 0.0018173388616082161 0.04546611961586132 -0.043725966871675195 -0.013466052543832012 0.0089575559939568464 0.0060405564247900364 -0.024725834270256215 -0.0047937137419602422 0.0075470770463498729 0.023895822158797077 0.0011802272979975746 0.0057158300830991125 -0.0053271576884583467 0.05504029016059539 -0.042761853787073249 0.92293188093767786 -0.010577281432385104 0.0045078131609256585 -0.044733655314408156 -0.032376549991600813 0.08776754918832308 -0.023847922110867004 0.00012646521769596838
leaf_weight=71.776049426727695 492.36561311967671 64.586419596191263 10.972098168160299 310.12078600793029 1344.73186734505 2670.7737815544242 201.29576300998451 5655.844035729242 1154.8347013217572 245.05401406687452 5410.4119029715657 1677.1510350249882 2648.7657150437881 39.082155463460367 1.5487084292108195 1.5618355614133168 16.038231162296146 687.0143744146917 92.797995510860346 153.45206782963942 14.711835442954905 246.18238750929595 1669.4957471903181
leaf_count=2193 1879 5078 2795 11005 7275 11669 1699 27015 12206 1780 13493 23691 24049 221 127 74 372 16227 2148 16684 223 3561 27669
internal_value=0.000103946 0.000923701 0.0325142 0.000787191 0.00104455 0.0049609 -0.00588531 2.5178e-06 -0.00270118 0.00754116 0.00272844 -0.0018628 -0.00471225 0.0177691 0.0835769 0.442123 -0.00931287 -0.00562053 -0.00802408 -0.00680841 0.0364741 0.00109287 -0.00295447
internal_weight=24880.6 17561 75.5585 17485.4 17175.3 3609.49 693.661 13565.8 6810.68 2915.83 6755.14 7319.58 3726.75 144.719 42.1927 3.11054 102.526 3582.03 2895.02 2802.22 30.7501 3592.83 1915.68
internal_count=213133 95894 7873 88021 77016 17027 3578 59989 39221 13449 20768 117239 62318 3210 422 201 2788 59108 42881 40733 595 54921 31230
is_linear=0
shrinkage=0.0409094


Tree=193
num_leaves=24
num_cat=0
split_feature=1 3 6 2 3 1 3 13 13 15 4 3 14 18 2 17 3 17 6 3 17 19 17
split_gain=23.5688 27.4318 34.6833 49.8706 42.7244 67.1225 50.8408 49.5803 61.7601 40.0018 39.9786 33.6485 33.1913 23.9138 23.1722 35.6281 15.6347 14.4324 14.5126 18.1495 14.4368 9.72413 7.28465
threshold=0.30189921067978515 0.29586117426496533 -0.010439557907101816 -0.45204862431446169 0.062163782709363333 0.011432434492427061 -0.046028149690776669 -0.48556333692255055 -0.43154389159494727 -0.092481534437004645 -0.11761935066401218 -0.072616203977538138 -0.0067385146918016959 1.3001198628507276 -0.50814555864976085 0.95270142034014282 -0.060421664297057844 0.5748262581355571 -1.0631789755419392 -0.062592205120903285 0.59764099201845111 -0.77605616802184674 -1.6282244051564858
decision_type=2 2 2 2 2 2 2 2 2 2 2 2 2 2 2 2 2 2 2 2 2 2 2
left_child=1 2 4 10 5 6 -1 13 -9 16 11 -4 -12 -6 15 -3 -5 -2 19 -19 -20 -21 -7
right_child=17 14 3 9 7 22 -8 8 -10 -11 12 -13 -14 -15 -16 -17 -18 18 20 21 -22 -23 -24
leaf_value=0.00024900409509236409 -0.04344685573286234 -0.062041547839426135 -0.033838959885426623 0.11828517848660682 -0.059913613563436378 -0.0022598620961841991 -0.022425977195298204 0.058971366527269926 -0.033902553904094794 -0.041606137511136211 0.084281493625855047 0.024809589372816319 -0.012573603548719515 0.064969934000814369 -0.046915425649549293 0.0835618491381553 -0.042959987451294764 0.15387504482550102 0.062260408857312481 -0.048267737082809091 -0.042191869266053832 0.04668623833480063 -0.042661222455321175
leaf_weight=24214.21201499732 33.370466188818682 4.9972891570068878 19.234477754798718 4.0675270711653866 13.580914227815812 8.3862482693803013 166.62619309482398 62.940499768417794 14.800924147741169 33.263480500609148 29.078688791603781 110.0044749098015 7.4355516752693793 3.1640126737765959 36.165026178146945 6.4331931350752711 1.3372393741155963 1.8174916175194082 2.6280186176009037 2.9418304573046035 14.074683274287962 4.6707057362655204 68.288977890857495
leaf_count=157395 7858 52 710 21 670 736 8586 865 1368 11162 247 2046 106 109 5507 10 211 6 113 66 4476 21 10792
internal_value=9.82981e-05 0.000159989 0.000219641 0.0170007 7.99211e-05 -2.61498e-05 9.40363e-05 0.0275361 0.0412894 -0.0248339 0.0267602 0.016081 0.0645585 -0.0363164 -0.0308678 0.0199055 0.0783901 -0.0256176 -0.00285033 0.037723 -0.0257573 0.0099917 -0.0382424
internal_weight=24863.5 24804 24756.4 204.421 24552 24457.5 24380.8 94.4864 77.7414 38.6682 165.753 129.239 36.5142 16.7449 47.5955 11.4305 5.40477 59.5032 26.1327 9.43003 16.7027 7.61254 76.6752
internal_count=213133 200593 195024 14503 180521 177509 165981 3012 2233 11394 3109 2756 353 779 5569 62 232 12540 4682 93 4589 87 11528
is_linear=0
shrinkage=0.0409094


Tree=194
num_leaves=24
num_cat=0
split_feature=14 0 15 18 1 2 3 3 1 8 18 6 3 3 14 3 2 0 1 8 6 3 3
split_gain=23.2555 25.8858 57.6332 73.4478 90.9485 112.947 63.3581 55.7034 91.0291 51.3771 48.5635 72.2265 48.3556 93.4482 46.3916 46.1203 43.8345 43.2932 47.4913 53.578 46.1257 45.3871 45.3998
threshold=-0.0067216957210481012 -6.4477164346688222e-05 -0.092467424037186122 1.3002575557171718 -0.13389059137294149 -0.32829896836400968 -0.097220995683396635 -0.097136713703668789 -0.12777665793943513 1.7810344658873876 -0.78993002928829459 -0.098600442385085543 -0.097220577627033081 -0.096984073296789389 -0.0067385557691425502 -0.097195025297546575 1.6010290720625644 -0.00055352980687863203 -0.11677854514903964 0.97191439391200063 -0.18838453737870023 -0.049487798696509482 0.062163782709363333
decision_type=2 2 2 2 2 2 2 2 2 2 2 2 2 2 2 2 2 2 2 2 2 2 2
left_child=1 7 3 12 -5 -6 10 8 -1 15 -4 -12 -3 -14 -10 -8 -11 21 20 -20 -19 -9 -23
right_child=-2 2 6 4 5 -7 9 17 14 16 11 -13 13 -15 -16 -17 -18 18 19 -21 -22 22 -24
leaf_value=0.011802511310707014 0.017091432498992035 0.0047717406439415988 -0.019674586378953099 -0.0084645581221486511 0.04952829005303782 0.37751278653057185 -0.000935347692182917 0.0057712181556561007 -0.015581848421300098 0.010653869963098032 -0.054134427084194851 -0.25765418165867304 -0.0090289295565443833 0.0073923292939698463 0.0019622848855882784 -0.0082869919172347366 0.24906689264060433 -0.052454971788156161 -0.024663590167434076 0.013562638707215779 -0.0017948144759888376 -0.029850290091033755 0.007124529406885253
leaf_weight=1814.0730123370886 133.98406847403385 2642.1279962994158 140.01762323640287 61.611109844176099 87.993363953341031 1.7929711652104732 3091.5190151128918 1890.3683446893701 269.55312189366668 363.53750814311206 21.726686849258844 3.3710996285080901 1619.1814777054824 903.63913054729346 3928.3603517273441 2654.2966321543208 1.2952306996448886 30.277191820205189 309.00972179445671 76.568464967422187 4583.0304601897369 126.74664180999389 98.974635343358386
leaf_count=10171 1034 6946 371 415 2829 269 9089 13673 780 5975 119 33 5220 6996 9956 100770 577 259 8667 1920 23441 2304 1319
internal_value=9.39016e-05 1.77036e-06 -0.00140699 0.00172705 0.0298124 0.0560779 -0.00406192 0.00124582 0.00414489 -0.00338624 -0.0290677 -0.0814709 0.000903798 -0.00314706 0.000835755 -0.00433146 0.0115003 -0.00120383 -0.00328007 -0.0170726 -0.0021273 0.00370091 -0.0136375
internal_weight=24853.1 24719.1 11592.1 5316.35 151.397 89.7863 6275.76 13127 6011.99 6110.65 165.115 25.0978 5164.95 2522.82 4197.91 5745.82 364.833 7114.98 4998.89 385.578 4613.31 2116.09 225.721
internal_count=213133 212099 139609 22675 3513 3098 116934 72490 20907 116411 523 152 19162 12216 10736 109859 6552 51583 34287 10587 23700 17296 3623
is_linear=0
shrinkage=0.0409094


Tree=195
num_leaves=24
num_cat=0
split_feature=5 15 15 6 10 4 6 6 0 15 1 10 9 15 9 6 18 12 0 6 6 6 6
split_gain=23.3756 33.2551 40.7658 37.9582 31.3421 36.8258 38.3473 31.1035 28.412 26.9211 61.9053 42.4426 39.9297 90.9869 92.4153 43.8786 32.9232 45.5698 43.721 42.9341 50.0301 34.369 31.567
threshold=-0.011346323502618622 -0.092469278011871867 -0.092468662771014232 -0.10105195482693126 -0.0061214764975182573 -0.25852149047547374 -0.098734870547577583 -0.10206998037310987 -0.00061563525805844962 -0.091014767631479254 -0.014013885048052063 -0.006121657189834373 -0.0035525296179329375 -0.092314591850968034 -0.0035525247759464243 0.103964214022271 1.276100494932132 1.0000000180025095e-35 0.00040791021902488166 -0.13518266674511981 -0.32804935743971303 -0.12298514105840264 -0.098555517742535834
decision_type=2 2 2 2 2 2 2 2 2 2 2 2 2 2 2 2 2 2 2 2 2 2 2
left_child=9 7 3 -3 8 -6 -7 -2 -4 10 12 -11 22 14 -14 -15 19 18 -18 20 -13 -21 -1
right_child=1 2 4 -5 5 6 -8 -9 -10 11 -12 16 13 15 -16 -17 17 -19 -20 21 -22 -23 -24
leaf_value=0.00033947882084658769 -0.04717081204461087 -0.049249312971694541 0.047684873824979039 0.10748244603450255 -0.027787508466704681 0.0067309838512989119 -0.02532093124060612 -0.0067140668680513629 -0.053946400113780456 -0.018365856058286913 -0.031224511667835037 -0.00058064001725131051 0.23013298228525633 -0.034928381896053622 0.046581195873232506 0.092215712231600411 0.0071985784797113797 0.02366247892273014 -0.045194400055853866 0.034186062114269139 -0.058789381717618112 0.0030278667341894572 -0.0061838163472151125
leaf_weight=20587.827398481488 60.925011913408525 3.4829331324435762 5.3294688533060244 10.042734546179416 81.191401591873728 418.7719834636664 73.423099014122272 66.535724296089029 33.798357137275161 123.12015573921963 106.40823936468223 65.4834321399685 5.1844595459406255 33.599014376930427 40.079399279900827 5.2528027849621131 263.93837545707356 357.17592139740009 29.650169869069941 62.861558805045206 39.689278278732672 1030.4477604764397 1321.1680635100929
leaf_count=98548 1232 38 15 39 15434 4000 6526 1419 2548 4411 14827 732 52 1604 486 254 3498 6662 3311 381 1141 17626 28349
internal_value=9.01242e-05 -0.00700515 -0.00312724 0.0671232 -0.00467853 -0.00226113 0.00194965 -0.026052 -0.0401035 0.000312221 -9.64899e-05 0.00489166 5.41153e-05 0.0281861 0.067605 -0.0177384 0.00644011 0.0138478 0.00190729 0.00241782 -0.022547 0.00481936 -5.38924e-05
internal_weight=24825.4 753.501 626.04 13.5257 612.514 573.386 492.195 127.461 39.1278 24071.9 22099.5 1972.37 21993.1 84.1157 45.2639 38.8518 1849.25 650.764 293.589 1198.48 105.173 1093.31 21909
internal_count=213133 31251 28600 77 28523 25960 10526 2651 2563 181882 144120 37762 129293 2396 538 1858 33351 13471 6809 19880 1873 18007 126897
is_linear=0
shrinkage=0.0409094


Tree=196
num_leaves=24
num_cat=0
split_feature=16 0 0 18 18 15 1 3 11 0 14 3 3 16 7 15 18 1 14 15 18 15 9
split_gain=22.0575 26.7686 91.637 63.3276 122.631 43.7911 25.7065 76.1068 55.6388 70.743 47.4668 42.1599 98.5872 60.2473 65.1214 58.6388 57.2981 46.6104 41.608 39.8081 36.3484 35.8885 30.3119
threshold=-0.63976573815783955 7.4689497645053207e-05 4.9954483237337701e-05 -0.7883894366068589 -0.78855940957453186 -0.091014767631479254 -0.12841326439676584 -0.097144523194085175 -0.0021661404153898414 -5.6772837378329557e-05 -0.0067385077800328147 -0.094706093103106279 -0.095629402914613013 0.83233567040022705 -0.51963850798029909 0.28343982874400292 1.3002745025315035 -0.069429244317550237 -0.0067378487609322238 -0.092481335265639092 -0.78916029968851642 -0.092466485130124718 -0.0035525884866771176
decision_type=2 2 2 2 2 2 2 2 2 2 2 2 2 2 2 2 2 2 2 2 2 2 2
left_child=1 2 -1 4 -4 -5 7 -2 11 19 22 12 16 14 -13 -14 -8 -15 20 -10 -12 -20 -9
right_child=6 -3 3 5 -6 -7 8 10 9 -11 18 13 15 17 -16 -17 -18 -19 21 -21 -22 -23 -24
leaf_value=-0.0055057768686081338 0.011602699185554503 -0.048773087124182386 -0.042160553608315054 -0.05494940037288628 1.0931149132696554 0.20866543236846161 -0.00089502030856922329 -0.0035359988097821054 -0.060312154615861452 -0.070251082407666268 -0.012065510764370664 0.0043865497835642118 -0.028480610870319726 0.022628771349711686 -0.018570422301049293 0.12320347120393449 0.014089106770386247 -0.012288013859704768 0.039449270135020018 0.0023377745181382592 0.028342276413574629 -0.043610289718401175 0.0058204387332193063
leaf_weight=1055.9255307786225 1270.5887005561963 23.534131629625335 0.30613306147279207 1.6529757918324319 0.33185384701937437 2.9133517732843748 15514.408019868657 2590.9924684861908 20.455114720389247 41.545911183522549 44.877833344391547 1697.7357261860161 254.42513893422438 430.97897290080437 235.47795338189462 4.3380443737842134 439.18469790078234 75.137067320203641 11.896333434153346 99.728873041691259 219.38294870243408 32.464653065195307 746.41817352699582
leaf_count=6530 6999 2536 66 47 2 14 64638 11753 83 1159 476 56391 7035 10318 27413 34 2337 8480 32 417 1062 564 4747
internal_value=8.60322e-05 -0.00561887 -0.00466178 0.16658 0.548362 0.113239 0.000346795 0.00298067 -0.000341532 -0.024233 -2.39762e-05 -0.000134368 -0.00088881 0.00487983 0.00159024 -0.0259377 -0.000482524 0.0174451 0.0153257 -0.00832514 0.0214801 -0.0213361 -0.00144341
internal_weight=24814.7 1084.66 1061.13 5.20431 0.637987 4.56633 23730 4916.62 18813.4 161.73 3646.03 18651.7 16212.4 2439.33 1933.21 258.763 15953.6 506.116 308.622 120.184 264.261 44.361 3337.41
internal_count=213133 9195 6659 129 68 61 203938 25633 178305 1659 18634 176646 74044 102602 83804 7069 66975 18798 2134 500 1538 596 16500
is_linear=0
shrinkage=0.0409094


Tree=197
num_leaves=24
num_cat=0
split_feature=5 8 3 5 11 13 3 3 13 10 10 10 10 10 18 9 11 14 4 12 12 3 1
split_gain=22.3606 37.7267 53.3327 41.1556 63.0238 43.1247 37.4279 35.1412 62.6715 37.2005 31.3128 33.9602 29.6155 46.7046 27.0436 23.8512 42.8569 45.9294 41.9067 23.0565 122.36 42.353 40.2208
threshold=-0.011346323502618622 -0.038665837445003806 -0.097181966055961716 -0.011346001989229497 -0.0021661431507512944 -0.52695859164684189 -0.097210472162097911 -0.094234189045994635 -0.51059847400773484 -0.0061215349781266583 -0.0061102559655889311 -0.0061056933654468799 -0.0061192696662721131 -0.0061166341650436456 -0.78987762796331251 -0.0035523289442682096 -0.0021661431715260149 -0.0067385222088520774 0.77476086814191147 -0.17342226098881661 -0.24724968940725081 -0.097211740606707162 -0.12744333588579146
decision_type=2 2 2 2 2 2 2 2 2 2 2 2 2 2 2 2 2 2 2 2 2 2 2
left_child=15 2 6 4 -3 -5 14 9 -9 -7 -4 -12 -8 -14 -2 19 18 -18 -17 20 -1 -22 -23
right_child=1 3 10 5 -6 7 12 8 -10 -11 11 -13 13 -15 -16 16 17 -19 -20 -21 21 22 -24
leaf_value=-6.7523351942564851e-05 -0.013798563816939715 0.0031014095775125251 -0.051230309814328738 -0.043769301078564228 -0.10671349846145739 -0.036484392507771871 0.037610829645529857 0.27494608028444723 -0.02499690436217052 0.01435629696693988 0.04244364778431136 -0.053090204385438516 -0.093615501666950887 0.013412280091570731 -0.092263841100375388 0.0542425275943028 -0.023146711845578195 0.051147384217720269 0.23745964726866903 0.0013391726912677494 -0.0031189119098308069 -0.041830485051979248 -0.016255751401276282
leaf_weight=9743.374211248185 27.148692138493061 20.878704531118274 91.392226686875802 31.498798045300646 15.051795756444333 25.878488531336188 43.263863489031792 1.1850008638575662 72.098005011808709 347.8159915698343 14.094904647325167 11.156395123631226 8.9474232569336873 28.746790856122971 10.080776683986185 10.239191293600014 32.256301715504378 24.506190979096573 2.6248892545700064 13585.481765235047 209.51508869230747 160.20918389968574 287.76960033897194
leaf_count=71744 80 73 9530 668 87 521 76 155 13270 2856 847 2934 46 62 46 111 2853 1301 2 100975 805 798 3293
internal_value=8.20329e-05 -0.00687774 -0.0204644 -0.000675309 -0.0429016 0.00249562 -0.00109632 0.00575593 -0.0201468 0.0108356 -0.0400889 0.000235389 0.0145153 -0.0119928 -0.0350449 0.000298799 0.0242078 0.00892844 0.0916276 0.000229397 -0.00122018 -0.0183013 -0.025402
internal_weight=24805.2 749.238 234.831 514.407 35.9305 478.476 118.188 446.977 73.283 373.694 116.644 25.2513 80.9581 37.6942 37.2295 24056 69.6266 56.7625 12.8641 23986.3 10400.9 657.494 447.979
internal_count=213133 31251 13621 17630 160 17470 310 16802 13425 3377 13311 3781 184 108 126 181882 4267 4154 113 177615 76640 4896 4091
is_linear=0
shrinkage=0.0409094


Tree=198
num_leaves=24
num_cat=0
split_feature=14 8 5 0 15 14 16 8 4 0 4 13 13 0 16 13 15 15 0 15 15 15 0
split_gain=21.9549 23.28 54.3375 36.0235 35.5057 35.5202 32.9265 87.9209 44.1613 36.9849 36.7931 47.3459 31.0709 30.5503 47.6467 37.1774 52.8718 30.3117 29.2642 29.0831 28.3372 22.0944 21.7494
threshold=-0.0067216957210481012 -0.05448428596331658 -0.011345298448437718 -0.0022527254509746414 -0.069524126347757911 -0.0067385555173968227 -0.062928838289397812 0.83167034424353303 -0.039340384102089065 -5.6702656665127236e-05 1.3070578407629887 -0.40862104955885303 -0.53686836709118313 -7.5053940115858955e-05 -0.48086626551784645 1.0031025989540505 -0.092482115548723043 -0.092481993193352041 -5.8514966384777549e-05 -0.092480892809761517 -0.092481802335226085 0.107129464581907 -7.615582961114266e-05
decision_type=2 2 2 2 2 2 2 2 2 2 2 2 2 2 2 2 2 2 2 2 2 2 2
left_child=1 2 13 4 5 19 10 9 -9 -8 18 -12 -7 14 20 17 -17 -15 -5 -3 -1 -16 -2
right_child=22 3 -4 6 -6 12 7 8 -10 -11 11 -13 -14 15 21 16 -18 -19 -20 -21 -22 -23 -24
leaf_value=0.02010489742380012 -0.0067384987539374384 0.036535016066102974 -0.024233502582530295 0.0039532092863988092 -0.045750189415659899 -0.070283636007539216 -0.010086907371935201 0.0033608967954943791 -0.0045086031928690401 -0.033275625532360735 0.016241099306467336 -0.030895271090380646 0.020708204785906972 -0.018198905071111417 -0.020247598697440587 0.090307487326324196 -0.052687852077907403 -0.0020598236640537878 -0.0019802248432447007 -0.037218980825977376 0.0015574404080563118 -0.1367318286385743 0.028356245407000113
leaf_weight=142.05939992121421 44.333535242360085 11.996512837242333 170.90473946269776 3915.8168065117206 16.748114391928539 6.3887506942264727 630.25967084907461 3271.1649637212977 1878.9035962821799 140.83297544035304 507.78993176703807 38.356723253848031 370.70905828219838 200.94542558281682 130.6496790467063 4.8034017503086934 43.667780741030583 6326.502195701265 2157.6830184849678 35.209053004626185 4662.2972134960582 2.783227317268028 88.647767320508137
leaf_count=635 191 58 13195 20316 317 76 3026 34947 11831 3167 1467 213 2056 1292 925 82 6773 54237 32313 387 24685 101 843
internal_value=7.8517e-05 -1.08568e-05 -0.00133557 0.00118148 0.0126727 0.0149788 0.000777343 -0.00143905 0.000489861 -0.0143221 0.00275987 0.0129306 0.0191666 -0.000995683 0.00143616 -0.00282173 -0.0385173 -0.00255666 0.00184529 -0.0184756 0.00210587 -0.0226773 0.0166563
internal_weight=24799.5 24666.5 11684.6 12981.9 441.051 424.303 12540.8 5921.16 5150.07 771.093 6619.65 546.147 377.098 11513.7 4937.79 6575.92 48.4712 6527.45 6073.5 47.2056 4804.36 133.433 132.981
internal_count=213133 212099 101925 110174 2894 2577 107280 52971 46778 6193 54309 1680 2132 88730 26346 62384 6855 55529 52629 445 25320 1026 1034
is_linear=0
shrinkage=0.0409094


Tree=199
num_leaves=24
num_cat=0
split_feature=6 6 13 0 3 3 3 11 18 9 13 3 14 12 15 20 8 6 8 3 16 12 0
split_gain=21.4834 32.724 37.3835 44.9046 41.9362 36.0058 36.9239 38.0309 55.9833 34.2714 33.5636 71.9996 31.7375 29.2393 27.1893 25.9799 25.4782 58.6363 35.0126 25.3737 17.0634 10.7723 9.73768
threshold=0.48733756255567834 0.07752822097874279 2.2749083867326267 -0.0026391143486268597 -0.068427344277691218 0.022288080846073369 -0.077065626298882764 -0.0021661431392096778 1.2266949860582044 -0.0035466651680149818 2.1679701800551969 -0.095629402914613013 -0.0067382186304764911 -0.55276575366855829 -0.092467931389309158 -1.0260494627633825 1.6580235227348068 -0.10926839289841538 0.61702814442998799 -0.095120947895429644 0.95989721803209316 1.0000000180025095e-35 -0.0053408810590371818
decision_type=2 2 2 2 2 2 2 2 2 2 2 2 2 2 2 2 2 2 2 2 2 2 2
left_child=1 2 10 4 21 6 -3 13 -9 19 16 14 -13 -8 -12 20 18 -18 -1 -5 -2 -4 -7
right_child=15 5 3 9 -6 22 7 8 -10 -11 11 12 -14 -15 -16 -17 17 -19 -20 -21 -22 -23 -24
leaf_value=0.00040226942993973835 -0.063834479800903801 -0.062363298031931691 0.0069395005160087005 -0.012910884525222955 -0.055323707489033001 0.024061222812271535 0.14808918258356851 0.041863479305358511 -0.045596811548727072 0.080075678060738925 -0.019883900443931006 -0.049150660860544024 0.056918051877817441 0.045892331121103719 0.051581406716041771 -0.047554774639446344 -0.0096403899607351608 0.0076663594381495368 -0.0039531385626386467 -0.0413663143588427 0.055690856743497157 0.055251865842918656 -0.045442933536273052
leaf_weight=18420.954742846458 2.6572736176458411 6.6456797751598051 10.988184717716647 117.03091351356125 9.5338216146919859 4.3478028022218522 8.0742829841328803 61.595706799766049 15.288714545225956 5.2571456516743629 10.176091032102702 25.997243494901344 5.7687165538372929 11.162866810365811 71.581434513558634 31.790454008558299 404.87356306961738 1717.2357146605791 3711.3094310633896 95.029616289801197 8.0678823459893447 26.000511278398335 15.054118939820908
leaf_count=133280 737 367 97 1241 307 113 192 1797 3368 59 83 3527 149 524 365 7286 3290 11323 28272 12201 171 99 4285
internal_value=7.53728e-05 0.000125277 2.05232e-05 -0.0152958 0.0211808 0.0212456 0.0308956 0.0373433 0.0244717 -0.0231046 0.000186359 0.0223786 -0.0298885 0.0887867 0.0426864 -0.0289801 8.24871e-05 0.00436443 -0.000328079 -0.0256625 0.0260772 0.0408998 -0.0298677
internal_weight=24796.4 24753.9 24631.7 263.84 46.5225 122.169 102.767 96.1216 76.8844 217.318 24367.9 113.523 31.766 19.2371 81.7575 42.5156 24254.4 2122.11 22132.3 212.061 10.7252 36.9887 19.4019
internal_count=213133 204939 194293 14004 503 10646 6248 5881 5165 13501 180289 4124 3676 716 448 8194 176165 14613 161552 13442 908 196 4398
is_linear=0
shrinkage=0.0409094


end of trees

feature_importances:
Column_3=739
Column_1=495
Column_0=493
Column_2=429
Column_6=369
Column_10=281
Column_15=241
Column_11=217
Column_4=203
Column_14=187
Column_18=173
Column_9=128
Column_5=122
Column_8=121
Column_13=117
Column_7=98
Column_16=55
Column_12=38
Column_17=35
Column_19=31
Column_20=28

parameters:
[boosting: gbdt]
[objective: binary]
[metric: binary_logloss]
[tree_learner: serial]
[device_type: cpu]
[data_sample_strategy: bagging]
[data: ]
[valid: ]
[num_iterations: 200]
[learning_rate: 0.0409094]
[num_leaves: 24]
[num_threads: 12]
[seed: 42]
[deterministic: 0]
[force_col_wise: 0]
[force_row_wise: 0]
[histogram_pool_size: -1]
[max_depth: 6]
[min_data_in_leaf: 20]
[min_sum_hessian_in_leaf: 0.001]
[bagging_fraction: 0.99185]
[pos_bagging_fraction: 1]
[neg_bagging_fraction: 1]
[bagging_freq: 0]
[bagging_seed: 400]
[bagging_by_query: 0]
[feature_fraction: 0.66209]
[feature_fraction_bynode: 1]
[feature_fraction_seed: 30056]
[extra_trees: 0]
[extra_seed: 12879]
[early_stopping_round: 0]
[early_stopping_min_delta: 0]
[first_metric_only: 0]
[max_delta_step: 0]
[lambda_l1: 0]
[lambda_l2: 0]
[linear_lambda: 0]
[min_gain_to_split: 0]
[drop_rate: 0.1]
[max_drop: 50]
[skip_drop: 0.5]
[xgboost_dart_mode: 0]
[uniform_drop: 0]
[drop_seed: 17869]
[top_rate: 0.2]
[other_rate: 0.1]
[min_data_per_group: 100]
[max_cat_threshold: 32]
[cat_l2: 10]
[cat_smooth: 10]
[max_cat_to_onehot: 4]
[top_k: 20]
[monotone_constraints: ]
[monotone_constraints_method: basic]
[monotone_penalty: 0]
[feature_contri: ]
[forcedsplits_filename: ]
[refit_decay_rate: 0.9]
[cegb_tradeoff: 1]
[cegb_penalty_split: 0]
[cegb_penalty_feature_lazy: ]
[cegb_penalty_feature_coupled: ]
[path_smooth: 0]
[interaction_constraints: ]
[verbosity: -1]
[saved_feature_importance_type: 0]
[use_quantized_grad: 0]
[num_grad_quant_bins: 4]
[quant_train_renew_leaf: 0]
[stochastic_rounding: 1]
[linear_tree: 0]
[max_bin: 255]
[max_bin_by_feature: ]
[min_data_in_bin: 3]
[bin_construct_sample_cnt: 200000]
[data_random_seed: 175]
[is_enable_sparse: 1]
[enable_bundle: 1]
[use_missing: 1]
[zero_as_missing: 0]
[feature_pre_filter: 1]
[pre_partition: 0]
[two_round: 0]
[header: 0]
[label_column: ]
[weight_column: ]
[group_column: ]
[ignore_column: ]
[categorical_feature: ]
[forcedbins_filename: ]
[precise_float_parser: 0]
[parser_config_file: ]
[objective_seed: 16083]
[num_class: 1]
[is_unbalance: 0]
[scale_pos_weight: 9.21163]
[sigmoid: 1]
[boost_from_average: 1]
[reg_sqrt: 0]
[alpha: 0.9]
[fair_c: 1]
[poisson_max_delta_step: 0.7]
[tweedie_variance_power: 1.5]
[lambdarank_truncation_level: 30]
[lambdarank_norm: 1]
[label_gain: ]
[lambdarank_position_bias_regularization: 0]
[eval_at: ]
[multi_error_top_k: 1]
[auc_mu_weights: ]
[num_machines: 1]
[local_listen_port: 12400]
[time_out: 120]
[machine_list_filename: ]
[machines: ]
[gpu_platform_id: -1]
[gpu_device_id: -1]
[gpu_device_id_list: ]
[gpu_use_dp: 0]
[num_gpu: 1]

end of parameters

pandas_categorical:null
